Key,SourceString,Context
"BuildingCategory_Name_Roofs64","Крыша из листьев 64°",""
"BuildingCategory_Name_Roofs64_T2","Roofs 64° Т2",""
"BuildingCategory_Name_Beams","NOT USEDSticks",""
"BuildingCategory_Name_Beams_T2","NOT USEDLumber beams",""
"BuildingCategory_Name_Building","Building","15 characters length recommended, in rare cases up to 20"
"BuildingCategory_Name_Craft","Crafting & Utilities","15 characters length recommended, in rare cases up to 20"
"BuildingCategory_Name_Decorations","Decorations","15 characters length recommended, in rare cases up to 20"
"BuildingCategory_Name_ComboElements","Prebuilt Structures","15 characters length recommended, in rare cases up to 20"
"BuildingCategory_Name_WallsAndWindows","Wall",""
"BuildingCategory_Name_WallsAndWindows_T2","NOT USEDLumber windows and doors",""
"BuildingCategory_Name_Windows","NOT USEDWindows Т1",""
"BuildingCategory_Name_Windows_T2","NOT USEDWindows Т2",""
"BuildingCategory_Name_Doors","NOT USEDDoors",""
"BuildingCategory_Name_Doors_T2","NOT USEDDoors Т2",""
"BuildingCategory_Name_FloorsAndStairs","Floors and stairs",""
"BuildingCategory_Name_FloorsAndStairs_T2","NOT USEDFloors Т2",""
"BuildingCategory_Name_Stairs","NOT USEDStairs Т1",""
"BuildingCategory_Name_Roofs45","NOT USEDLeaves roofs 45°",""
"BuildingCategory_Name_Roofs45_T2","NOT USEDRoofs 45° Т2",""
"BuildingCategory_Name_Roofs26","NOT USEDLeaves roofs 26°",""
"BuildingCategory_Name_Roofs26_T2","NOT USEDRoofs 26° Т2",""
"BuildingCategory_Name_Cooking","Cooking",""
"BuildingCategory_Name_Workbenches","Workbench",""
"BuildingCategory_Name_Alchemy","Alchemy",""
"BuildingCategory_Name_WeaponsmithTables","Weaponsmith tables",""
"BuildingCategory_Name_ResourceProcessing","Resource processing",""
"BuildingCategory_Name_Lighting","Lighting",""
"BuildingCategory_Name_Chandeliers","Chandeliers",""
"BuildingCategory_Name_Trophies","Trophies",""
"BuildingCategory_Name_Furniture","Furniture",""
"BuildingCategory_Name_Artisan","Artisan",""
"BuildingCategory_Name_Misc","Miscellaneous",""
"BuildingCategory_Name_Fireplaces","Fireplaces",""
"BuildingCategory_Name_FramedPaintings","Paintings",""
"BuildingCategory_Name_SeaCrafts","NOT USEDSea crafts",""
"BuildingCategory_Name_Seats","Seating",""
"BuildingCategory_Name_Tables","Tables",""
"BuildingCategory_Name_Shelves","Shelves",""
"BuildingCategory_Name_Wardrobe","Wardrobes",""
"BuildingCategory_Name_Canopies","Canopies",""
"BuildingCategory_Name_Pier","Pier",""
"BuildingCategory_Name_IronLightings","Fine lighting",""
"BuildingCategory_Name_Dishes","Dishes",""
"BuildingCategory_Name_Kitchen","Food displays",""
"BuildingCategory_Name_Supplies","Supplies",""
"BuildingCategory_Name_ShellDecorations","Shell decorations",""
"BuildingCategory_Name_Books","Books",""
"BuildingCategory_Name_Banners","Banners",""
"BuildingCategory_Name_Military","Military",""
"BuildingCategory_Name_Statues","Statues",""
"BuildingCategory_Name_Miniatures","Ship Models",""
"BuildingCategory_Name_Garden","Trees and Bushes",""
"BuildingCategory_Name_HuntingAndFishing","NOT USEDHunting and fishing",""
"BuildingCategory_Name_PortStructures","NOT USEDPort structures",""
"BuildingCategory_Name_ClothAndArmor","NOT USEDCloth and armor",""
"BuildingCategory_Name_EquipmentUpgrade","NOT USEDEquipment upgrade",""
"BuildingCategory_Name_LogWallPrototype","NOT USEDLog wall prototype","wat???"
"BuildingCategory_Name_Farming","Farming","15 characters length recommended, in rare cases up to 20"
"BuildingCategory_Name_Roof26_T03","NOT USEDTier III Roofs 26°",""
"BuildingCategory_Name_Roof45_T03","NOT USEDTier III Roofs 45°",""
"BuildingCategory_Name_Roof64_T03","NOT USEDTier III Roofs 64°",""
"BuildingCategory_Name_Craftstations_T01","NOT USEDTier I",""
"BuildingCategory_Name_Craftstations_T02","NOT USEDTier II",""
"BuildingCategory_Name_Craftstations_T03","NOT USEDTier III",""
"BuildingCategory_Name_Craftstations_Refining","Refining",""
"BuildingCategory_Name_Bits_T01","NOT USEDTier I",""
"BuildingCategory_Name_Bits_T02","NOT USEDTier II",""
"BuildingCategory_Name_Bits_T03","NOT USEDTier III",""
"BuildingCategory_Name_StorageAndBed","Storage and Beds",""
"BuildingCategory_Name_Storage","Storage",""
"BuildingCategory_Name_Bedroll","Beds",""
"BuildingCategory_Name_Useful","Utilities","15 characters length recommended, in rare cases up to 20"
"BuildingCategory_Name_Crafting","Crafting",""
"BuildingCategory_Name_FloorsAndWalls","Floors and Walls",""
"BuildingCategory_Name_FloorsAndWalls_WallsOfLeavesAndWood","Walls: 45°",""
"BuildingCategory_Name_FloorsAndWalls_SpecialWall","Walls: Special",""
"BuildingCategory_Name_FloorsAndWalls_StoneWalls","Walls: 26°",""
"BuildingCategory_Name_FloorsAndWalls_ClayWalls","Walls: 64°",""
"BuildingCategory_Name_FloorsAndWalls_PlasteredWalls","Walls: 13°",""
"BuildingCategory_Name_FloorsAndWalls_Archs","Archs",""
"BuildingCategory_Name_RoofsAndPillars","Roofs",""
"BuildingCategory_Name_RoofsAndPillars_Roofs45","Roofs 45°: All pieces",""
"BuildingCategory_Name_RoofsAndPillars_Roofs26","Roofs 26°: Flats",""
"BuildingCategory_Name_RoofsAndPillars_Roofs64","Roofs 64°: All pieces",""
"BuildingCategory_Name_RoofsAndPillars_RoofsCorners26","Roof 26°: Rooftops & Corners",""
"BuildingCategory_Name_RoofsAndPillars_RoofsOther26","Roofs 26°: Other",""
"BuildingCategory_Name_RoofsAndPillars_RoofTops26","Roofs 26°: Rooftops",""
"BuildingCategory_Name_RoofsAndPillars_Roofs13","Roofs 13°: All pieces",""
"BuildingCategory_Name_PillarsAndBeams","Pillars and Beams",""
"BuildingCategory_Name_Pillars","Pillars",""
"BuildingCategory_Name_HorizontalBeams","Horizontal Beams",""
"BuildingCategory_Name_PillarsAndBeams_Beam45","Beams 45°",""
"BuildingCategory_Name_PillarsAndBeams_Beam26","Beams 26°",""
"BuildingCategory_Name_PillarsAndBeams_Beam64","Beams 64°",""
"BuildingCategory_Name_PillarsAndBeams_Other","Other",""
"BuildingCategory_Name_WindowsAndDoors","Windows and Doors",""
"BuildingCategory_Name_StairsAndFences","Stairs and Fences",""
"BuildingCategory_Name_StairsAndFences_Stairs","Stairs",""
"BuildingCategory_Name_StairsAndFences_Fences","Fences",""
"BuildingCategory_Name_StairsAndFences_Handrails","Handrails",""
"BuildingCategory_Name_Lables","Storage Labels",""
"BuildingCategory_Name_Lables_Cloth","Cloth Labels",""
"BuildingCategory_Name_Lables_Wood","Wooden Labels",""
"Building_Lable_1","Label: Cooked food",""
"Building_Lable_2","Label: Food ingridients",""
"Building_Lable_3","Label: Clothing",""
"Building_Lable_4","Label: Weapons",""
"Building_Lable_5","Label: Alchemy",""
"Building_Lable_6","Label: Ore",""
"Building_Lable_7","Label: Wood",""
"Building_Lable_8","Label: Ship",""
"Building_Lable_9","Label: Treasure",""
"Building_Lable_10","Label: Trade",""
"Building_Lable_Description","Знак для хозяйственных капитанов, которые хотят помнить в каких сундуках какое сокровище припасено.",""
"Building_Ruins_Name","NOT USEDRuins",""
"Building_Fort_Name","NOT USEDFort",""
"Building_AshlandsFloor_Name","NOT USEDAshlands Floor",""
"Building_AshlandsWalls_Name","NOT USEDAshlands Walls",""
"Building_AshlandsRoofs_Name","NOT USEDAshlands Roofs",""
"Building_AshlandsPillars_Name","NOT USEDAshlands Pillars",""
"Building_AshlandsStairs_Name","NOT USEDAshlands Stairs",""
"Building_AshlandsWindows_Name","NOT USEDAshlands Windows",""
"Building_AshlandsDecorations_Name","NOT USEDAshlands Decorations",""
"Building_Test_Name","NOT USEDTest",""
"Building_PrototypeBuildingTier01_Name","NOT USEDPrototype Building Tier 01",""
"Building_ArchT01_AAE_A_Name","Уголок (прутья)","Арка 1x1"
"Building_ArchT01_AAE_A_Desc","Уголок из прутьев","Арка 1x1"
"Building_ArchT01_ABE_A_Name","Высокая арка из прутьев","Арка из жердей 1x2"
"Building_ArchT01_BAE_A_Name","Длинная арка из прутьев","Длинная арка из жердей 2x1"
"Building_RuinsPillar_AAA_01_Name","NOT USEDRuins Pillar 1","[dev] Столб маленькой колонны_01"
"Building_RuinsPillar_BBB_01_Name","NOT USEDRuins Cube  Pillar 1","[dev] Столб колонны_01"
"Building_RuinsPillar_BBB_02_Name","NOT USEDRuins Round Pillar 2","[dev] Столб колонны_02"
"Building_RuinsPillar_BBB_03_Name","NOT USEDRuins Simple Pillar 3","[dev] Столб колонны_03"
"Building_RuinsPillarDamage_BBB_01_Name","NOT USEDRuins Cube  Pillar Damage 1","[dev] Разбитый столб колонны_01"
"Building_RuinsPillarDamage_BBB_02_Name","NOT USEDRuins Pillar Round  Damage 2","[dev] Разбитый столб колонны_02"
"Building_RuinsPillarCap_BBB_01_Name","NOT USEDRuins Pillar Cap 1","[dev] Верхняя крышка колонны_01"
"Building_RuinsPillarCap_BBB_02_Name","NOT USEDRuins Pillar Cap 2","[dev] Верхняя крышка колонны_02"
"Building_RuinsWallCornice_AAA_01_Name","NOT USEDRuins Small Cornice","[dev] Карниз арки_03"
"Building_RuinsWallCornice_BBB_01_Name","NOT USEDRuins Cornice 1","[dev] Карниз арки_01"
"Building_RuinsWallCornice_BBB_02_Name","NOT USEDRuins Cornice 2","[dev] Карниз арки_02"
"Building_RuinsWallCorniceMiddle_BBB_01_Name","NOT USEDRuins Cornice Middle","[dev] Средняя деталь карниза_01"
"Building_RuinsWallCorniceCapL_BBB_01_Name","NOT USEDLeft Cap Cornice 1","[dev] Левая боковушка карниза_01"
"Building_RuinsWallCorniceCapL_R_AAA_01_Name","NOT USEDLeft\ Right Cap Small Cornice","[dev] Боковая сторона карниза_03"
"Building_RuinsWallCorniceCapL_BBB_02_Name","NOT USEDLeft Cap Cornice 2","[dev] Левая боковушка карниза_02"
"Building_RuinsWallCorniceCapR_BBB_01_Name","NOT USEDRight Cap Cornice 1","[dev] Правая боковушка карниза_01"
"Building_RuinsWallCorniceCapR_BBB_02_Name","NOT USEDRight Cap Cornice 2","[dev] Правая боковушка карниза_02"
"Building_RuinsWallCorniceCorner_BBB_01_Name","NOT USEDCorner Cornice 1","[dev] Угол поворота карниз_01"
"Building_RuinsWallCorniceCorner_BBB_02_Name","NOT USEDCorner Cornice 2","[dev] Угол поворота карниз_02"
"Building_RuinsWallCorniceCorner_BBB_03_Name","NOT USEDCorner Small Cornice","[dev] Угол поворота карниз_01"
"Building_RuinsArchCap_DBB_01_Name","NOT USEDRuins Arch Cap 1","[dev] Верхушка Арки руин_01"
"Building_RuinsArchCap_DBB_02_Name","NOT USEDRuins Arch Cap 2","[dev] Верхушка Арки руин_02"
"Building_RuinsArenaArch_DDB_01_Name","NOT USEDRuins Arena Arch 1","[dev] Верхушка Арки в арене_01"
"Building_RuinsMiddleArch_BBB_01_Name","NOT USEDRuins Middle Arch 1","[dev] Средняя деталь Арки в арене_01"
"Building_RuinsPillarArch_BBA_01_Name","NOT USEDRuins Pillar Arch 1","[dev] Колонна для Арки в арене_01"
"Building_RuinsArchPillar_BBB_01_Name","NOT USEDRuins Arch Pillar 1","[dev] Вариант колонны для арки_01"
"Building_RuinsArchPillar_BBB_02_Name","NOT USEDRuins Arch Pillar 2","[dev] Вариант колонны для арки_02"
"Building_DoorLT01_BCE_C_Name","Дверь из досок с окошком","Дверь из досок с окошком"
"Building_DoorLT01_BCE_B_Name","Дверь из досок с окошком",""
"Building_DoorLT01_CCE_C_Name","Двойная дверь из досок",""
"Building_DoorLT01_BCE_D_Name","Тюремная дверь","Тюремная дверь"
"Building_DoorLT01_BDE_A_Name","Створка ворот из досок","Створка ворот из досок"
"Building_DoorLT01_BDE_B_Name","Cтворка ворот из обработанных досок","Створка ворот из досок"
"Building_DoorLT01_BDE_C_Name","Ворота (бревна)",""
"Building_DoorLT01_CCE_B_Name","Дверь из досок с окошком","Двойные двери с окошком"
"Building_FloorT01_AEA_B_Name","NOT USEDPrison floor","Тюремный пол"
"Building_RuinsFloor_BEB_A_Name","NOT USEDCoast Jungle Ruins floor","[dev]Целостный пол руин"
"Building_RuinsFloor_BEB_B_Name","NOT USEDCoast Jungle Ruins floor cracked","[dev]Разбитый пол руин"
"Building_FloorTriangle_BEB_A_Name","NOT USEDRuins triangle floor","Треугольный пол руин"
"Building_PillarT01_AAE_A_Name","Большая балка из бревна 45°","Диагональная балка 45°"
"Building_PillarT01_AAG_A_Name","Балка (бревно)","Диагональная жердь 45°"
"Building_PillarT01_AAG_A_Desc","Балка из бревна 45°","Диагональная жердь 45°"
"Building_PillarT01_ABE_A_Name","Большая балка из бревна 64°","Диагональная балка 64°"
"Building_PillarT01_ABG_A_Name","Балка (бревно)","Диагональная жердь 64°"
"Building_PillarT01_ABG_A_Desc","Балка из бревна 64°","Диагональная жердь 64°"
"Building_PillarT01_AEE_A_Name","Малая балка из бревна","Горизонтальная балка"
"Building_PillarT01_AGG_A_Name","Балка (бревно)","Горизонтальная жердь"
"Building_PillarT01_AGG_A_Desc","Горизонтальная балка из бревна","Горизонтальная жердь"
"Building_PillarT01_AGG_B_Name","NOT USEDPrison beam","Тюремная жердь"
"Building_PillarT01_BAE_A_Name","Малая балка из бревна 26°","Диагональная балка 26°"
"Building_PillarT01_BAG_A_Name","Балка (бревно)","Диагональная жердь 26°"
"Building_PillarT01_BAG_A_Desc","Балка из бревна 26°","Диагональная жердь 26°"
"Building_PillarT01_EAE_B_Name","Большой столб из бревна","Декоративный столб"
"Building_PillarT01_FAF_A_Name","Столб","Столб"
"Building_PillarT01_FFF_A_Name","NOT USEDDecoration temp Item","Декоративная заглушка"
"Building_PillarT01_GAG_A_Name","Столб (бревно)","Вертикальная жердь"
"Building_PillarT01_GAG_A_Desc","Столб из бревна","Вертикальная жердь"
"Building_PillarT01_GAG_C_Name","Столб (прутья)",""
"Building_PillarT01_GAG_C_Desc","Столб из прутьев",""
"Building_PillarT01_ABG_C_Name","Балка (прутья)",""
"Building_PillarT01_ABG_C_Desc","Балка из прутьев 64°",""
"Building_PillarT01_AAG_C_Name","Балка (прутья)",""
"Building_PillarT01_AAG_C_Desc","Балка из прутьев 45°",""
"Building_PillarT01_BAG_C_Name","Балка (прутья)",""
"Building_PillarT01_BAG_C_Desc","Балка из прутьев 26°",""
"Building_PillarT01_AGG_C_Name","Балка (прутья)",""
"Building_PillarT01_AGG_C_Desc","Горизонтальная балка из прутьев",""
"Building_PillarT01_GAG_B_Name","NOT USEDPrison angle","Тюремный угол"
"Building_RoofCapT01_AAA_A_Name","Конёк крыши (листья)","Конёк крыши из листьев 45° (1x1)"
"Building_RoofCapT01_AAA_A_Desc","Конёк крыши из листьев 45°","Конёк крыши из листьев 45° (1x1)"
"Building_RoofCapT01_BEA_A_Name","Конёк крыши из листьев",""
"Building_RoofCapT01_ABA_A_Name","Конёк крыши из листьев 64°","Конёк крыши из листьев 64° (1x1)"
"Building_RoofCapT01_AEB_C_Name","Длинный конёк крыши (листья)",""
"Building_RoofCapT01_AEB_C_Desc","Длинный конёк крыши из листьев 26°",""
"Building_RoofCapT01_AEA_A_Name","Конёк крыши (листья)","Конёк крыши из листьев 26° (1x1)"
"Building_RoofCapT01_AEA_A_Desc","Конёк крыши из листьев 26°","Конёк крыши из листьев 26° (1x1)"
"Building_RoofCapT02_AEA_A_Name","Конёк крыши (солома)","Конёк крыши из соломы 26° (1x1)"
"Building_RoofCapT02_AEA_A_Desc","Конёк крыши из соломы 26°","Конёк крыши из соломы 26° (1x1)"
"Building_RoofCapT02_AEB_A_Name","Длинный конёк (солома)","Конёк крыши из соломы 26° (1x2)"
"Building_RoofCapT02_AEB_A_Desc","Длинный конёк крыши из соломы 26°","Конёк крыши из соломы 26° (1x2)"
"Building_RoofCornerDownT01_AAA_A_Name","Угловая крыша (листья)","Обратная угловая крыша 45°"
"Building_RoofCornerDownT01_AAA_A_Desc","Обратная угловая крыша из листьев 45°","Обратная угловая крыша 45°"
"Building_RoofCornerDownT01_ABA_A_Name","Обратная угловая крыша из листьев 64°","Обратная угловая крыша 64°"
"Building_RoofCornerDownT01_BAB_A_Name","Угловая крыша (листья)","Обратная угловая крыша 26°"
"Building_RoofCornerDownT01_BAB_A_Desc","Обратная угловая крыша из листьев 26°","Обратная угловая крыша 26°"
"Building_RoofCornerDownT02_AAA_A_Name","Обратная угловая крыша из соломы 45°",""
"Building_RoofCornerDownT02_ABA_A_Name","Обратная угловая крыша из из соломы 64°",""
"Building_RoofCornerDownT02_BAB_A_Name","Угловая крыша (солома)",""
"Building_RoofCornerDownT02_BAB_A_Desc","Обратная угловая крыша из из соломы 26°",""
"Building_RoofCornerUpT01_AAA_A_Name","Угловая крыша (листья)","Угловая крыша 45°"
"Building_RoofCornerUpT01_AAA_A_Desc","Угловая крыша из листьев 45°","Угловая крыша 45°"
"Building_RoofCornerUpT01_ABA_A_Name","Угловая крыша из листьев 64°","Угловая крыша 64°"
"Building_RoofCornerUpT01_BAB_A_Name","Угловая крыша (листья)","Угловая крыша 26°"
"Building_RoofCornerUpT01_BAB_A_Desc","Угловая крыша из листьев 26°","Угловая крыша 26°"
"Building_RoofCornerUpT02_BAB_A_Name","Угловая крыша (солома)",""
"Building_RoofCornerUpT02_BAB_A_Desc","Угловая крыша из соломы 26°",""
"Building_RoofCornerDownT03_BAB_A_Name","Угловая крыша (камыш)",""
"Building_RoofCornerDownT03_BAB_A_Desc","Обратная угловая крыша из камыша 26°",""
"Building_RoofT01_AEA_A_Name","Горизонтальная крыша из листьев",""
"Building_RoofT01_BEB_A_Name","Большая горизонтальная крыша из листьев",""
"Building_RoofT01_AAA_A_Name","Большая крыша (листья)","Крыша из листьев 45°"
"Building_RoofT01_AAA_A_RegularName","Крыша (листья)","Крыша из листьев 45°"
"Building_RoofT01_AAA_A_Descr","Крыша из листьев 45°","Скат крыши 45°"
"Building_RoofT01_AAA_B_Name","Крыша из соломы 45°",""
"Building_RoofT01_AAB_A_Name","Большая крыша (листья)","Крыша из листьев 26°, Скат крыши 26°"
"Building_RoofT01_AAB_A_Descr","Крыша из листьев 26°","Крыша из листьев 26°, Скат крыши 26°"
"Building_RoofT01_BAB_A_Name","Большая крыша из листьев 26°",""
"Building_RoofT01_ABA_A_Name","Крыша из листьев 64°","Скат крыши 64°"
"Building_RoofT02_AAB_A_Name","Крыша (солома)",""
"Building_RoofT02_AAB_A_Desc","Скат крыши из соломы 26°",""
"Building_RoofT02_AAA_A_Name","Скат крыши из просмоленных досок 45°",""
"Building_RoofT02_ABA_A_Name","Скат крыши из просмоленных досок 64°",""
"Building_RoofT02_BAA_A_Name","Большой скат крыши из просмоленных досок 45°",""
"Building_RoofT02_BAB_A_Name","Большая крыша (солома)",""
"Building_RoofT02_BAB_A_Desc","Большая крыша из соломы 26°",""
"Building_RoofT04_BAB_A_Name","Большая крыша (черепица)",""
"Building_RoofT04_BAB_A_Desc","Большая крыша из черепицы 26°",""
"Building_RoofT02_BBA_A_Name","Большой скат крыши из просмоленных досок 64°",""
"Building_RoofCapFrontonT02_FEB_A_Name","Фронтон (солома)","Высокий фронтон крыши из соломы 26° (1x2)"
"Building_RoofCapFrontonT02_FEB_A_Desc","Длинный фронтон крыши из соломы 26°","Высокий фронтон крыши из соломы 26° (1x2)"
"Building_RoofCapFrontonT02_FEA_A_Name","Фронтон крыши (солома)","Фронтон крыши из соломы 26° (1x1)"
"Building_RoofCapFrontonT02_FEA_A_Desc","Фронтон крыши из соломы 26°","Фронтон крыши из соломы 26° (1x1)"
"Building_RoofCapFrontonT04_FEA_Name","Фронтон крыши верхний из черепицы 26° (1x1)",""
"DA_BI_RoofFrontonLT02_FAB_A","Фронтон крыши левый из просмоленных досок 26°",""
"Building_RoofFrontonLT02_FAB_A_Name","Левый фронтон (солома)",""
"Building_RoofFrontonLT02_FAB_A_Desc","Замыкающий левый фронтон крыши из соломы 26°",""
"Building_RoofFrontonRT02_FAB_A_Name","Правый фронтон (солома)",""
"Building_RoofFrontonRT02_FAB_A_Desc","Замыкающий правый фронтон крыши из соломы 26°",""
"DA_BI_RoofFrontonLT02_FAA_A","Левый фронтон крыши из соломы 45°",""
"DA_BI_RoofFrontonRT02_FAA_A","Правый фронтон крыши из соломы 45°",""
"DA_BI_RoofFrontonLT02_FBA_A","Левый фронтон крыши из соломы 64°",""
"DA_BI_RoofFrontonRT02_FBA_A","Правый фронтон крыши из соломы 64°",""
"Building_RoofTriCornerDownT01_AAA_A_Name","Треугольная крыша (листья)","Обратная треугольная крыша 45°"
"Building_RoofTriCornerDownT01_AAA_A_desc","Обратная треугольная крыша из листьев 45°","Обратная треугольная крыша 45°"
"Building_RoofTriCornerDownT01_ABA_A_Name","Обратная треугольная крыша из листьев 64°","Обратная треугольная крыша 64°"
"Building_RoofTriCornerUpT01_AAA_A_Name","Треугольная крыша (листья)","Треугольная крыша 45°"
"Building_RoofTriCornerUpT01_AAA_A_Desc","Треугольная крыша из листьев 45°","Треугольная крыша 45°"
"Building_RoofTriCornerUpT01_ABA_A_Name","Треугольная крыша из листьев 64°","Треугольная крыша 64°"
"Building_RoofTriCornerUpT02_AAA_A_Name","Треугольная крыша (солома)",""
"Building_RoofTriCornerUpT02_AAA_A_Desc","Треугольная крыша из соломы 45°",""
"Building_RoofTriCornerDownT02_AAA_A_Name","Треугольная крыша (солома)",""
"Building_RoofTriCornerDownT02_AAA_A_Desc","Обратная треугольная крыша из соломы 45°",""
"Building_StairsT01_BAB_A_Name","Лестница деревянная","Лестница"
"Building_RuinsStairs_BAB_A_Name","NOT USEDRuins Stairs","[dev] Руинные ступеньки"
"Building_RuinsStairs_BAB_B_Name","NOT USEDRuins Stairs Corner Up","[dev] Внешний угол руинных ступенек"
"Building_RuinsStairs_BAB_C_Name","NOT USEDRuins Stairs Corner Down","[dev] Внутренний угол руинных ступенек"
"Building_StockadeT01_AAE_A_Name","Частокол (бревна)","Частокол"
"Building_Fortification_Description","Работает только в радиусе действия Bonfire",""
"Building_WallAngleDownT01_AAE_A_Name","Треугольная стена (прутья)","Обратная треугольная стена из прутьев 45°"
"Building_WallAngleDownT01_AAE_A_Description","Обратная треугольная стена из прутьев 45°","Обратная треугольная стена из прутьев 45°"
"Building_WallAngleDownT01_ABE_A_Name","Треугольная стена (прутья)","Обратная треугольная стена из прутьев 64°"
"Building_WallAngleDownT01_ABE_Description","Обратная треугольная стена из прутьев 64°","Обратная треугольная стена из прутьев 64°"
"Building_WallAngleDownT01_BAE_A_Name","Треугольная стена (прутья)","Обратная треугольная стена 26°"
"Building_WallAngleDownT01_BAE_A_Description","Обратная треугольная стена из прутьев 26°","Обратная треугольная стена 26°"
"Building_WallAngleUpT01_BAE_A_Name","Треугольная стена (прутья)","Треугольная стена из прутьев 26°"
"Building_WallAngleUpT01_BAE_A_Description","Треугольная стена из прутьев 26°","Треугольная стена из прутьев 26°"
"Building_WallAngleDownT01_BAE_F_Name","Треугольная стена (кора)","Обратная треугольная стена из коры 26°"
"Building_WallAngleDownT01_BAE_F_Description","Обратная треугольная стена из коры 26°",""
"Building_WallAngleDownT02_AAE_A_Name","Треугольная стена (доски)",""
"Building_WallAngleDownT02_AAE_A_Desc","Обратная треугольная стена из досок 45°",""
"Building_WallAngleDownT02_BAE_A_Name","Треугольная стена (доски)",""
"Building_WallAngleDownT02_BAE_A_Desc","Обратная треугольная стена из досок 26°",""
"Building_WallAngleUpT01_AAE_A_Name","Треугольная стена (прутья)","Треугольная стена из прутьев 45°°"
"Building_WallAngleUpT01_AAE_A_Description","Треугольная стена из прутьев 45°","Треугольная стена из прутьев 45°°"
"Building_WallAngleUpT01_AAE_F_Description","Треугольная стена из коры 45°",""
"Building_WallAngleUpT01_AAE_F_Name","Треугольная стена (кора)","Треугольная стена из коры 45°"
"Building_WallAngleDownT01_AAE_F_Description","Обратная треугольная стена из коры 45°",""
"Building_WallAngleUpT01_ABE_A_Name","Треугольная стена (прутья)","Треугольная стена из прутьев 64°"
"Building_WallAngleUpT01_ABE_A_Description","Треугольная стена из прутьев 64°","Треугольная стена из прутьев 64°"
"Building_WallAngleUpT01_ABE_F_Description","Треугольная стена из коры 64°","Треугольная стена из коры 64°"
"Building_WallAngleUpT01_ABE_F_Name","Треугольная стена (кора)","Треугольная стена из коры 64°"
"Building_WallAngleDownT01_ABE_F_Name","Треугольная стена (кора)","Обратная треугольная стена из коры 64°"
"Building_WallAngleDownT01_ABE_F_Description","Обратная треугольная стена из коры 64°",""
"Building_WallAngleUpT01_BAE_F_Name","Треугольная стена (кора)","Треугольная стена 26°"
"Building_WallAngleUpT01_BAE_F_Description","Треугольная стена из коры 26°","Треугольная стена 26°"
"Building_WallAngleUpT01_BAE_E_Name","Треугольная стена (прутья)","Треугольная стена из прутьев 26°"
"Building_WallAngleUpT01_BAE_E_Description","Треугольная стена из прутьев 26°","Треугольная стена из прутьев 26°"
"Building_WallAngleUpT02_AAE_A_Name","Треугольная стена (доски)",""
"Building_WallAngleUpT02_AAE_A_Desc","Треугольная стена из досок 45°",""
"Building_WallAngleUpT02_ABE_A_Name","Треугольная стена (доски)",""
"Building_WallAngleUpT02_ABE_A_Desc","Треугольная стена из досок 64°",""
"Building_WallAngleUpT02_BAE_A_Name","Треугольная стена (доски)",""
"Building_WallAngleUpT02_BAE_A_Desc","Треугольная стена из досок 26°",""
"Building_WallAngleUpT03_FBA_A_Name","Треугольная стена из камня 64°",""
"Building_WallAngleDownT03_ABA_A_Name","Угловая стена (камень)",""
"Building_WallAngleDownT03_ABA_A_Desc","Обратная угловая стена из камня 64°",""
"Building_WallAngleUpT03_ABA_A_Name","Угловая стена (камень)",""
"Building_WallAngleUpT03_ABA_A_Desc","Угловая стена из камня 64°",""
"Building_WallT01_AAE_A_Name","Стена (прутья)","Стена из прутьев"
"Building_WallT01_AAE_A_Description","Стена из прутьев","Стена из прутьев"
"Building_FenceT02_B_Name","Забор (бревна)",""
"Building_FenceT02_B_Desc","Длинный забор из бревен",""
"Building_FenceT02_A_Name","Канатное ограждение",""
"Building_WallT01_AAE_F_Name","Стена (кора)",""
"Building_WallT01_AAE_F_Description","Стена из коры",""
"Building_WallT00_AAE_A_Name","Стена из листьев","Слена из листьев"
"Building_WallT02_AAE_C_Name","Стена (камень)",""
"Building_WallT02_AAE_C_Desc","Стена из камня",""
"Building_WallT01_BBE_D_Name","Большая стена (листья)",""
"Building_WallT01_BBE_D_Description","Большая стена из листьев",""
"Building_WallT01_BBE_E_Name","Большая стена (прутья)",""
"Building_WallT01_BBE_E_Description","Большая стена из прутьев",""
"Building_WallT01_BBE_F_Name","Большая стена (кора)",""
"Building_WallT01_BBE_F_Description","Большая стена из коры",""
"Building_WallT03_BBF_A_Name","Большая стена из камня",""
"Building_WallT03_ABA_A_Name","Наклонная стена (камень)",""
"Building_WallT03_ABA_A_Desc","Наклонная стена из камня 64°",""
"Building_WallT00_BBE_A_Name","Большая стена из листьев",""
"Building_WallT02_DAE_A_Name","Длинная стена из бревен",""
"Building_RampT02_AAA_A_Name","Рампа (доски)","Бревенчатая рампа"
"Building_RampT03_AAA_A_Name","Рампа (доски)",""
"Building_FloorT02_AEA_A_Name","Пол (доски)","Бревенчатый пол"
"Building_FloorT02_AEA_A_Desc","Пол из досок","Бревенчатый пол"
"Building_FloorT02_BAB_A_Name","Большой пол (доски)",""
"Building_FloorT02_BAB_A_Desc","Большой пол из досок",""
"Building_FloorTriangleT02_AEA_A_Name","Треугольный пол (доски)",""
"Building_FloorTriangleT03_AEA_A_Name","Triangular Floor (Logs)",""
"Building_FloorTriangleT04_AEA_B_Name","Triangular Floor (Mahogany)",""
"Building_FloorTriangleT04_AEA_D_Name","Triangular Floor (Marble)",""
"Building_FloorTriangleT02_AEA_A_Desc","Треугольный пол из досок",""
"Building_FloorTriangleT01_AEA_D_Name","Треугольный пол (прутья)",""
"Building_FloorTriangleT01_AEA_D_Description","Треугольный пол из прутьев, для более сложных построек",""
"Building_FloorTriangleT03_AEA_A_Desc","A triangular floor section made of logs",""
"Building_FloorTriangleT04_AEA_B_Desc","A triangular floor section made of mahogany",""
"Building_FloorTriangleT04_AEA_D_Desc","A triangular floor section made of marble",""
"Building_BasementT01_BBB_A_Name","Фундамент (прутья)","Большой фундамент из жердей 2х2"
"Building_BasementT01_BBB_A_Description","Фундамент из прутьев","Б"
"Building_FloorT02_BEB_A_Name","Большой пол из бревен",""
"Building_FloorT01_AEA_A_Name","Пол из листьев","Пол из листьев"
"Building_FloorT01_AEA_C_Name","Пол из прутьев",""
"Building_FloorT01_BAB_D_Name","Большой пол (прутья)",""
"Building_FloorT01_BAB_D_Description","Большой пол из прутьев",""
"Building_FloorT01_BEB_A_Name","Средний пол из прутьев",""
"Building_DoorT02_BCE_A_Name","Дверь из бревен","Бревенчатая дверь"
"Building_DoorT02_BCE_02_Name","Дверь из прутьев","Дверь из прутьев"
"Building_WallT01_AAE_B_Name","Стена из досок","Стена из досок"
"Building_WallT01_AAE_C_Name","NOT USEDPrison wall","Тюремная стена"
"Building_WallTriangleUpT01_AAE_A_Name","Равносторонняя треугольная стена из прутьев 64°","Равносторонняя треугольная стена 64°"
"Building_RuinsWall_BAA_B_Name","NOT USEDCoast Jungle Ruins half wall","[dev]Половина руинной стены"
"Building_RuinsWall_BBA_A_Name","NOT USEDCoast Jungle Ruins  wall","[dev]Целая руинная стена"
"Building_RuinsWall_BBA_B_Name","NOT USEDCoast Jungle Ruins  wall 3/4","[dev]Почти целая руинная стена"
"Building_RuinsWall_BBA_C_Name","NOT USEDCoast Jungle Ruins  wall 3/4 with loophole","[dev]Почти целая руинная стена с прострелами"
"Building_RuinsWall_BFA_A_Name","NOT USEDCoast Jungle Ruins  wall 1/4","[dev]Почти разбитая  руинная стена"
"Building_RuinsWallR_BAA_A_Name","NOT USEDCoast Jungle Ruins  wall R","[dev]Правый переход с руинной стены"
"Building_RuinsWallL_BAA_A_Name","NOT USEDCoast Jungle Ruins  wall L","[dev]Левый переход с руинной стены"
"Building_RuinsWallL_BBA_D_Name","NOT USEDCoast Jungle Ruins  Basement","[dev] Фундамент руин"
"Building_RuinsWallL_BBA_E_Name","NOT USEDCoast Jungle Ruins Pretty","[dev]Красивая стена руин"
"Building_WindowframeT01_AAE_A_Name","Простое окно из досок","Простое окно"
"Building_WindowframeT02_AAE_A_Name","Квадратное окно","Малое оконо из досок 1x1"
"Building_WindowframeT02_AAE_A_Desc","Застекленное окно из досок","Малое оконо из досок 1x1"
"Building_WindowframeT03_AAE_A_Name","Квадратное окно","Малое болотное окошко 1x1"
"Building_WindowframeT03_AAE_A_Desc","Состаренное окно из прутьев","Малое болотное окошко 1x1"
"Building_WindowframeT02_BBE_A_Name","Двустворчатое окно","Большое окно"
"Building_WindowframeT02_BBE_A_Desc","Застекленное двойное окно из досок со створками","Большое окно"
"Building_WindowframeT02_BBE_B_Name","Двустворчатое окно","Большое окно"
"Building_WindowframeT02_BBE_B_Desc","Среднее окно из досок со створками","Большое окно"
"Building_WindowframeT02_ABE_A_Name","Узкое окно",""
"Building_WindowframeT02_ABE_A_Desc","Застекленное узкое окно из досок",""
"Building_WindowframeT02_ABE_B_Name","Узкое окно",""
"Building_WindowframeT02_ABE_B_Desc","Узкое окно c сеткой",""
"Building_WindowT02_ABE_A_Name","Вертикальное окно из досок","Вертикальное окно"
"Building_WindowT01_BAE_A_Name","Горизонтальное окно из досок","Горизонтальное окно"
"Building_WoodenChest_Name","Деревянный сундук","Name of the treasure chest to be opened"
"Building_WoodenChest_01_Name","Состаренный сундук",""
"Building_WoodenChest_04_Name","Пиратский сундук",""
"Building_WoodenChest_08_Name","Кованый сундук",""
"Building_Chest1_Description","Позволяет хранить вещи\r\n\r\nВместимость 28 ячеек","Description of the treasure chest to be opened"
"Building_Chest1_Name","Деревянный сундук",""
"Building_ChestT00_Name","Корзина для хранения",""
"Building_ChestT00_Description","Позволяет хранить вещи\r\n\r\nВместимость 16 ячеек",""
"Building_ChestT01_Barrel_Name","Бочка для хранения",""
"Building_ChestT01_Barrel_Description","Позволяет хранить вещи\r\n\r\nВместимость 28 ячеек",""
"Building_ChestT01_Box_Name","Ящик для хранения",""
"Building_ChestT01_Box_Description","Allows you to store your belongings.\r\n\r\nCapacity: 28 slots",""
"Building_ChestT01_Bale_Name","Тюк для хранения",""
"Building_ChestT01_Bale_Description","Allows you to store your belongings.\r\n\r\nCapacity: 28 slots",""
"Building_Bedroll01_Name","Простая кровать","Простая кровать"
"Building_Bedroll02_Name","Простая кровать с изголовьем",""
"Building_Bedroll01_Description","Cпальное место. Лучше чем ничего\r\n\r\nПозволяет сохранять точку возрождения\r\n\r\nТребует крышу\r\n\r\nКомфорт +1\r\nБонусы комфорта в категории не суммируются","Cпальное место. Лучше чем ничего\r\n\r\nПозволяет сохранять точку возрождения\r\n\r\nТребует крышу\r\nКомфорт +1"
"Building_Bedroll02_Description","Простая кровать с украшенным изголовьем\r\n\r\nПозволяет сохранять точку возрождения\r\n\r\nТребует крышу\r\n\r\nКомфорт +2\r\nБонусы комфорта в категории не суммируются",""
"Building_Bedroll_T02_Description","Кровать созданная для отдыха после долгой охоты\r\n\r\nПозволяет сохранять точку возрождения\r\n\r\nТребует крышу\r\n\r\nКомфорт +2\r\nБонусы комфорта в категории не суммируются",""
"Building_Bedroll_T04_Description","Прочная и добротная кровать, в которой надёжность сочетается с изяществом\r\n\r\nПозволяет сохранять точку возрождения\r\n\r\nТребует крышу\r\n\r\nКомфорт +2\r\nБонусы комфорта в категории не суммируются",""
"Building_Bedroll0_T04_Cool_Description","Роскошная кровать, будто созданная для тех, кто привык спать в объятиях мягкости и величия\r\n\r\nПозволяет сохранять точку возрождения\r\n\r\nТребует крышу\r\n\r\nКомфорт +2\r\nБонусы комфорта в категории не суммируются",""
"Craftstation_EnchantingTableT03_Name","Стол зачарований","Стол зачарования"
"Craftstation_EnchantingTableT03_Description","Позволяет зачаровывать различные материалы\r\n\r\nТребует крышу\r\n\r\nРаботает только в радиусе действия Bonfire",""
"Craftstation_JewelryStandT01_Name","Ювелирная стойка",""
"Craftstation_JewelryStandT01_Description","Улучшение ювелирного стола\r\n\r\nРаботает только в радиусе действия Bonfire",""
"Craftstation_JewelryCabinetT01_Name","Ювелирный шкафчик",""
"Craftstation_JewelryCabinetT01_Description","Улучшение ювелирного стола\r\n\r\nРаботает только в радиусе действия Bonfire",""
"Craftstation_JewelryTable_Name","Ювелирный стол",""
"Craftstation_JewelryTable_Description","Позволяет изготавливать бижутерию\r\n\r\nТребует крышу\r\n\r\nРаботает только в радиусе действия Bonfire",""
"Craftstation_AlchemyFurnaceT01_Name","Печь с котлом",""
"Craftstation_AlchemyFurnaceT01_Description","Улучшение алхимического стола\r\n\r\nРаботает только в радиусе действия Bonfire",""
"Craftstation_AlchemyDistillerT01_Name","Перегонный аппарат",""
"Craftstation_AlchemyDistillerT01_Description","Улучшение алхимического стола\r\n\r\nРаботает только в радиусе действия Bonfire",""
"Craftstation_AlchemyExtraTableT01_Name","Стол с реактивами",""
"Craftstation_AlchemyExtraTableT01_Description","Улучшение алхимического стола\r\n\r\nРаботает только в радиусе действия Bonfire",""
"Craftstation_AlchemyFlasksT01_Name","Стол со склянками",""
"Craftstation_AlchemyFlasksT01_Description","Улучшение алхимического стола\r\n\r\nРаботает только в радиусе действия Bonfire",""
"Craftstation_AlchemyTableT01_Name","Алхимический стол","Алхимический стол"
"Craftstation_AlchemyTableT01_Description","Позволяет изготавливать зелья и эликсирыr\r\n\r\nТребует крышу\r\n\r\nРаботает только в радиусе действия Bonfire",""
"Craftstation_ArmorTableT01_Name","Верстак бронника новичка","Верстак бронника новичка"
"Craftstation_ArmorTableT01_Description","Позволяет создавать одежду и доспехи\r\n\r\nРаботает только в радиусе действия Bonfire\r\nТребует крышу","Позволяет создавать одежду и доспехи"
"Craftstation_ArmorTableT02_Name","Верстак бронника подмастерья","Верстак бронника подмастерья"
"Craftstation_ArmorTableT02_Description","Позволяет создавать одежду и доспехи\r\n\r\nРаботает только в радиусе действия Bonfire\r\nТребует крышу","Позволяет создавать одежду и доспехи"
"Craftstation_ArmorTableT03_Name","Верстак бронника мастера","Верстак бронника мастера"
"Craftstation_ArmorTableT03_Description","Позволяет создавать одежду и доспехи\r\n\r\nРаботает только в радиусе действия Bonfire\r\nТребует крышу","Позволяет создавать одежду и доспехи"
"Craftstation_CookingT01_Name","Костёр для готовки","Лагерный костер"
"Craftstation_CookingT01_Description","Позволяет готовить различные блюда\r\n\r\nКомфорт +1\r\nБонусы комфорта от очагов не суммируются","Позволяет готовить больше блюд\r\n\r\nКомфорт +1"
"Craftstation_CookingTableT01_Name","Разделочный стол",""
"Craftstation_CookingTableT01_Description","Улучшение костра для готовки\r\n\r\nРаботает только в радиусе действия Bonfire",""
"Craftstation_CookingShelfT01_Name","Полка для посуды",""
"Craftstation_CookingShelfT01_Description","Улучшение костра для готовки\r\n\r\nРаботает только в радиусе действия Bonfire",""
"Craftstation_CookingRackT01_Name","Стеллаж с припасами",""
"Craftstation_CookingRackT01_Description","Улучшение костра для готовки\r\n\r\nРаботает только в радиусе действия Bonfire",""
"Craftstation_CookingDryerT01_Name","Сушилка для продуктов",""
"Craftstation_CookingDryerT01_Description","Улучшение костра для готовки\r\n\r\nРаботает только в радиусе действия Bonfire",""
"Craftstation_Furnace_Name","Плавильная печь","Плавильная печь"
"Craftstation_Furnace_Description","Позволяет перерабатывать простую руду в слитки\r\n\r\nРаботает только под открытым небом\r\nРаботает только в радиусе действия Bonfire\r\n\r\nКомфорт +1\r\nБонусы комфорта от очагов не суммируются","Позволяет перерабатывать руду в слитки\r\n\r\nРаботает только под открытым небом"
"Craftstation_FurnaceT03_Name","Большая плавильная печь",""
"Craftstation_FurnaceT03_Description","\""Перед жаром этой печи не устоит даже магия\""\r\n\r\nРаботает только под открытым небом\r\nРаботает только в радиусе действия Bonfire\r\n\r\nКомфорт +1\r\nБонусы комфорта от очагов не суммируются",""
"Craftstation_UpgradeTableT02_Name","NOT USED Upgrade table","Стол для модернизации доспехов"
"Craftstation_UpgradeTableT02_Description","NOT USED Upgrade table description","Позволяет улучшать одежду и доспехи"
"Craftstation_DisassemblyBench_Name","Стол разборки","Disassembly bench"
"Craftstation_DisassemblyBench_Description","Позволяет разбирать различное снаряжение и возвращать ресурсы затраченные на их создание\r\n\r\nРаботает только в радиусе действия Bonfire",""
"Craftstation_WorkbenchT01_Name","Верстак","Простой верстак"
"Craftstation_WorkbenchT01_Description","Позволяет изготавливать инструменты и различные предметы\r\n\r\nБазовые предметы можно создавать даже если верстак распаложен в дали от лагерного костра","Позволяет изготавливать инструменты и простые предметы"
"Craftstation_WorkbenchShelfT01_Name","Полка с инструментами",""
"Craftstation_WorkbenchShelfT01_Description","Улучшение верстака\r\n\r\nРаботает только в радиусе действия Bonfire",""
"Craftstation_WorkbenchSawingRackT01_Name","Стойка для распиливания бревен",""
"Craftstation_WorkbenchSawingRackT01_Description","Улучшение верстака\r\n\r\nРаботает только в радиусе действия Bonfire",""
"Craftstation_WorkbenchToolboxT01_Name","Ящик с иструментами",""
"Craftstation_WorkbenchToolboxT01_Description","Улучшение верстака\r\n\r\nРаботает только в радиусе действия Bonfire",""
"Craftstation_BlacksmithT01_Name","Верстак оружейника",""
"Craftstation_BlacksmithT01_Description","Позволяет изготавливать оружие\r\n\r\nТребует крышу\r\n\r\nРаботает только в радиусе действия Bonfire",""
"Craftstation_BlacksmithAnvilT01_Name","Наковальня",""
"Craftstation_BlacksmithAnvilT01_Description","Улучшение верстака оружейника и корабельной мастерской\r\n\r\nРаботает только в радиусе действия Bonfire",""
"Craftstation_BlacksmithBellowsT01_Name","Кузнечные меха",""
"Craftstation_BlacksmithBellowsT01_Description","Улучшение верстака оружейника и корабельной мастерской\r\n\r\nРаботает только в радиусе действия Bonfire",""
"Craftstation_BlacksmithBarrelT01_Name","Бочка с водой",""
"Craftstation_BlacksmithBarrelT01_Description","Улучшение верстака оружейника и корабельной мастерской\r\n\r\nРаботает только в радиусе действия Bonfire",""
"Craftstation_EquipmentT01_Name","Мастерская брони и одежды",""
"Craftstation_EquipmentT01_Description","Позволяет создавать различную экипировку\r\n\r\nТребует крышу\r\n\r\nРаботает только в радиусе действия Bonfire",""
"Craftstation_EquipmentShelfT01_Name","Стеллаж с материалами",""
"Craftstation_EquipmentShelfT01_Description","Улучшение мастерской брони и одежды\r\n\r\nРаботает только в радиусе действия Bonfire",""
"Craftstation_EquipmentMannequinT01_Name","Манекен для примерки",""
"Craftstation_EquipmentMannequinT01_Description","Улучшение мастерской брони и одежды\r\n\r\nРаботает только в радиусе действия Bonfire",""
"Craftstation_EquipmentShoemakerT01_Name","Стойка обувщика",""
"Craftstation_EquipmentShoemakerT01_Description","Улучшение мастерской брони и одежды\r\n\r\nРаботает только в радиусе действия Bonfire",""
"Craftstation_FastTravelBellT01_Name","Fast Travel Bell","Рында Быстрого Перемещения"
"Craftstation_FastTravelBellT01_Description","Allows you to move quickly between the bells. Only 10 bells can be placed in the world\r\n\r\nYou must build at least two Fast Travel Bells to use it",""
"Craftstation_FishTrapT01_Name","Fish trap","Ловушка для рыбы"
"Craftstation_FishTrapT01_Description","Look for fishy places to catch fish!\r\nInstalled on the water","Ищите рыбные места для ловли рыбы!\r\nУстанавливается на воде"
"Decorations_Cannon_01_Name","Декоративная пушка","Пушка"
"Decorations_Cannon_01_Description","Пушка. Они заряжают пушку! Зачем? А! Они будут стрелять!\r\n\r\nРаботает только в радиусе действия Bonfire\r\n\r\nКомфорт +1\r\nБонусы комфорта в категории не суммируются","Пушка. Они заряжают пушку! Зачем? А! Они будут стрелять!\r\n\r\nКомфорт +1"
"Decorations_Cannonballs_01_Name","Пушечные ядра","Пушечные Ядра"
"Decorations_Cannonballs_01_Description","Когда становится скучно, то можно выкладывать пирамидки из ядер. Но ром лучше.\r\n\r\nРаботает только в радиусе действия Bonfire\r\n\r\nКомфорт +1\r\nБонусы комфорта в категории не суммируются","Когда становится скучно, то можно выкладывать пирамидки из ядер. Но ром лучше.\r\n\r\nКомфорт +1"
"Decorations_Chandelier_Name","Люстра из штурвала","Люстра из штурвала"
"Decorations_Chandelier02_Name","Лампадка подвесная",""
"Decorations_ClayLamp_Name","Лампадка настольная",""
"Decorations_ClayLamp_Descriprion","Создает уют в любом уголке\r\n\r\nРаботает только в радиусе действия Bonfire\r\n\r\nКомфорт +1\r\nБонусы комфорта в категории не суммируются",""
"Decorations_ClayLampWall_Name","Лампадка настенная",""
"Decorations_ClayLampWall_Descriprion","Создает уют в любом уголке\r\n\r\nУстанавливается на стену\r\nРаботает только в радиусе действия Bonfire\r\n\r\nКомфорт +1\r\nБонусы комфорта в категории не суммируются",""
"Decorations_Chandelier_Description","Пусть корабль уже никуда не поплывет, но его штурвал точно пригодится в хозяйстве\r\n\r\nУстанавливается на потолок\r\nРаботает только в радиусе действия Bonfire\r\n\r\nКомфорт +1\r\nБонусы комфорта в категории не суммируются","Пусть корабль уже никуда не поплывет, но его штурвал точно пригодится в хозяйстве\r\n\r\nУстанавливается на потолок\r\nКомфорт+1"
"Decorations_Chandelier02_Description","Создает уют в любом уголке\r\n\r\nУстанавливается на потолок\r\nРаботает только в радиусе действия Bonfire\r\n\r\nКомфорт +1\r\nБонусы комфорта в категории не суммируются",""
"Decorations_IronLighting_Description","Добротный светильник из железа\r\n\r\nРаботает только в радиусе действия Bonfire\r\n\r\nКомфорт +1\r\nБонусы комфорта в категории не суммируются",""
"Decorations_FlagpoleT01_Name","Test","Test"
"Decorations_FlagpoleT03_Name","Test","Test"
"Decorations_FlagpoleT04_Name","Test","Test"
"Decorations_FlagpoleT01_01_Name","Черный простой флагшток","Флагшток"
"Decorations_FlagpoleT01_02_Name","Белый простой флагшток","Флагшток"
"Decorations_FlagpoleT01_03_Name","Красный простой флагшток","Флагшток"
"Decorations_FlagpoleT01_04_Name","Оранжевый простой флагшток","Флагшток"
"Decorations_FlagpoleT01_05_Name","Зеленый простой флагшток","Флагшток"
"Decorations_FlagpoleT01_06_Name","Синий простой флагшток","Флагшток"
"Decorations_FlagpoleT01_07_Name","Фиолетовый простой флагшток","Флагшток"
"Decorations_FlagpoleT03_01_Name","Черный хороший флагшток",""
"Decorations_FlagpoleT03_02_Name","Белый хороший флагшток",""
"Decorations_FlagpoleT03_03_Name","Красный хороший флагшток",""
"Decorations_FlagpoleT03_04_Name","Оранжевый хороший флагшток",""
"Decorations_FlagpoleT03_05_Name","Зеленый хороший флагшток",""
"Decorations_FlagpoleT03_06_Name","Синий хороший флагшток",""
"Decorations_FlagpoleT03_07_Name","Фиолетовый хороший флагшток",""
"Decorations_FlagpoleT04_01_Name","Черный изящный флагшток",""
"Decorations_FlagpoleT04_02_Name","Белый изящный флагшток",""
"Decorations_FlagpoleT04_03_Name","Красный изящный флагшток",""
"Decorations_FlagpoleT04_04_Name","Оранжевый изящный флагшток",""
"Decorations_FlagpoleT04_05_Name","Зеленый изящный флагшток",""
"Decorations_FlagpoleT04_06_Name","Синий изящный флагшток",""
"Decorations_FlagpoleT04_07_Name","Фиолетовый изящный флагшток",""
"Decorations_Flagpole_Description","Веселый Роджер гордо реет на ветру\r\n\r\nРаботает только в радиусе действия Bonfire\r\n\r\nКомфорт +1\r\nБонусы комфорта в категории не суммируются","Веселый Роджер гордо реет на ветру\r\n\r\nКомфорт +1"
"Decorations_FlagWall_Name","Флаг настенный","Флаг настенный"
"Decorations_FlagWall_Description","Йо-хо-хо!\r\n\r\nУстанавливается на стену\r\nРаботает только в радиусе действия Bonfire\r\n\r\nКомфорт +1\r\nБонусы комфорта в категории не суммируются","Йо-хо-хо!\r\n\r\nНастенное украшение\r\nКомфорт +1"
"Decorations_FloorTorch_Name","Напольный факел","Факел длинный"
"Decorations_FloorTorch_Description","Совет путешественнику №53\r\nОтмечайте свой путь, чтобы найти дорогу обратно к дому \r\n\r\nРаботает только в радиусе действия Bonfire\r\n\r\nКомфорт+1\r\nБонусы комфорта в категории не суммируются","Совет путешественнику №53\r\nОтмечайте свой путь, чтобы найти дорогу обратно к дому \r\n\r\nКомфорт+1"
"Decorations_NoComfortFloorTorch_Description","Можно ставить вне зоны действия лагерного костра.\r\n\r\nИдеален для исследования темных пещер.\r\n\r\nНе дает комфорт.",""
"Decorations_Sabers_01_Name","Декоративные сабли","Трофейные сабли"
"Decorations_Decor_AAG_02_Name","Украшения из ракушек","Трофей ракушек"
"Decorations_Decor_AAG_04_Name","Трофей ракушек","Трофей ракушек"
"Decorations_ShellDecor_Wall_Description","Умело созданное украшение из даров моря\r\n\r\nУстанавливается на стену\r\nРаботает только в радиусе действия Bonfire\r\n\r\nКомфорт +1\r\nБонусы комфорта в категории не суммируются",""
"Decorations_ShellDecor_Floor_Description","Умело созданное украшение из даров моря\r\n\r\nУстанавливается на потолок\r\nРаботает только в радиусе действия Bonfire\r\n\r\nКомфорт +1\r\nБонусы комфорта в категории не суммируются",""
"Decorations_Decor_ABG_01_Name","Трофей ракушек","Трофей ракушек"
"Decorations_Decor_ABG_02_Name","Трофей ракушек","Трофей ракушек"
"Decorations_Decor_BAG_02_Name","Трофей ракушек","Трофей ракушек"
"Decorations_Decor_EAG_01_Name","Трофей ракушек","Трофей ракушек"
"Decorations_Decor_EBG_01_Name","Трофей ракушек","Трофей ракушек"
"Decorations_Sabers_01_Description","В бою уже не пригодятся, а вот на стене смотрятся неплохо\r\n\r\nУстанавливается на стену\r\nРаботает только в радиусе действия Bonfire\r\n\r\nКомфорт +1\r\nБонусы комфорта в категории не суммируются","В бою уже не пригодятся, а вот на стене смотрятся неплохо\r\n\r\nНастенное украшение\r\nКомфорт +1"
"Decorations_Standing_BoarHead_Name","Трофей кабана","Голова кабана"
"Decorations_Standing_BoarHead_Description","Осуждающе смотрит на вас, каждый раз, когда вы проходите мимо\r\n\r\nУстанавливается на стену\r\nРаботает только в радиусе действия Bonfire\r\n\r\nКомфорт +1\r\nБонусы комфорта суммируются в категории","Осуждающе смотрит на вас, каждый раз, когда вы проходите мимо\r\n\r\nНастенное украшение\r\nКомфорт +1"
"Decorations_Standing_CrocodileHead_Name","Трофей крокодила","Голова крокодила"
"Decorations_Standing_CrocodileHead_Description","Зубастая пасть крокодила, распахнутая в немом рыке, – предупреждение тем, кто осмелится бросить вызов природе\r\n\r\nУстанавливается на стену\r\nРаботает только в радиусе действия Bonfire\r\n\r\nКомфорт +1\r\nБонусы комфорта суммируются в категории",""
"Decorations_Standing_DodoHead_Name","Трофей додо","Голова додо"
"Decorations_Standing_DodoHead_Description","Символ утраты, который напоминает о том, что некоторых существ мы больше никогда не увидим\r\n\r\nУстанавливается на стену\r\nРаботает только в радиусе действия Bonfire\r\n\r\nКомфорт +1\r\nБонусы комфорта суммируются в категории",""
"Decorations_Standing_GoatMegaHead_Name","Трофей большого козла","Голова козла"
"Decorations_Standing_GoatMegaHead_Description","Величественные рога, венчающие стену, будто корона поверженного горного короля\r\n\r\nУстанавливается на стену\r\nРаботает только в радиусе действия Bonfire\r\n\r\nКомфорт +1\r\nБонусы комфорта суммируются в категории",""
"Decorations_Standing_WolfHead_Name","Трофей волка","Голова волка"
"Decorations_Standing_WolfHead_Description","Взгляд, в котором до сих пор читается ярость последнего боя\r\n\r\nУстанавливается на стену\r\nРаботает только в радиусе действия Bonfire\r\n\r\nКомфорт +1\r\nБонусы комфорта суммируются в категории",""
"Decorations_Standing_Armchair01_Name","Кресло",""
"Decorations_Standing_Armchair02_Name","Кресло",""
"Decorations_Standing_Chair_Name","Стул","Стул"
"Decorations_Standing_Chair_Description","Скрипит каждый раз, когда на него садишься\r\n\r\nРаботает только в радиусе действия Bonfire\r\n\r\nКомфорт +1\r\nБонусы комфорта в категории не суммируются","Скрипит каждый раз, когда на него садишься\r\n\r\nКомфорт +1 "
"Decorations_Standing_Stool_Description","Примитивная мебель \r\n\r\nРаботает только в радиусе действия Bonfire\r\n\r\nКомфорт +1\r\nБонусы комфорта в категории не суммируются",""
"Building_BasementT04_BBB_A_Name","Фундамент (камень)",""
"Building_BasementT04_BBB_A_Desc","Фундамент из крупного камня",""
"Building_BadementT04_BBB_A_Name","NOT USEDTest",""
"Decorations_Standing_Cabinet_Name","NOT USEDTest",""
"Decorations_Standing_Wardrobe_Name","Простой шкаф",""
"Decorations_Standing_Cabinet_01_Name","Тумба",""
"Decorations_Standing_Cabinet_02_Name","Тумба",""
"Decorations_Standing_Cabinet_Description","Комфорт +1",""
"Decorations_Standing_Stool01_Name","Табуретка",""
"Decorations_Standing_Stool02_Name","Пенек",""
"Decorations_Standing_Stool01_Description","Комфорт +1",""
"Decorations_Standing_Stool04_Name","Табурет из бревна",""
"Decorations_Standing_CrabTrophy_Name","Чучело краба","Чучело краба"
"Decorations_Standing_CrabTrophy_Description","Даже самые незначительные охотничьи трофеи стоят того, чтобы ими похвастаться\r\n\r\nУстанавливается на стену\r\nРаботает только в радиусе действия Bonfire\r\n\r\nКомфорт +1\r\nБонусы комфорта суммируются в категории","Даже самые незначительные охотничьи трофеи стоят того, чтобы ими похвастаться\r\n\r\nНастенное украшение\r\nКомфорт +1"
"Decorations_Standing_TableSquare_01_Name","Стол","Стол"
"Decorations_Standing_TableSquare_02_Name","Стол с посудой",""
"Decorations_Standing_TableSquare_03_Name","Стол с посудой, заполненный",""
"Decorations_Standing_TableCircle_01_Name","Круглый стол",""
"Decorations_Standing_TableCircle_02_Name","Стол круглый с посудой",""
"Decorations_Standing_TableCircle_03_Name","Стол круглый с посудой, заполненный",""
"Decorations_Standing_TableRectangular_01_Name","Прямоугольный стол",""
"Decorations_Standing_TableRectangular_02_Name","Стол прямоугольный с посудой",""
"Decorations_Standing_TableRectangular_03_Name","Стол прямоугольный с посудой, заполненный",""
"Decorations_Standing_TableSquare_Description","Хватит места и для карты сокровищ, и для кружки грога\r\n\r\nРаботает только в радиусе действия Bonfire\r\n\r\nКомфорт +1\r\nБонусы комфорта в категории не суммируются","Хватит места и для карты сокровищ, и для кружки грога\r\n\r\nКомфорт +1"
"Decorations_Sword_01_Name","Декоративный меч","Трофейный меч"
"Decorations_KnifeSenkamati_A_Name","Трофейные клинки Сенкамати","Трофейные клинки Сенктамати"
"Decorations_KnifeSenkamati_A_Description","Каждый зазубренный край и потертость на клинке – это история ярости, крови и отчаяния\r\n\r\nУстанавливается на стену\r\nРаботает только в радиусе действия Bonfire\r\n\r\nКомфорт +1\r\nБонусы комфорта суммируются в категории",""
"Decorations_Sword_01_Description","Напоминает о временах романтического рыцарства\r\n\r\nУстанавливается на стену\r\nРаботает только в радиусе действия Bonfire\r\n\r\nКомфорт +1\r\nБонусы комфорта в категории не суммируются","Напоминает о временах романтического рыцарства\r\n\r\nНастенное украшение\r\nКомфорт +1"
"Decorations_WallTorch_Name","Факел настенный","Факел настенный"
"Decorations_WallTorch_Description","Разгонит тьму и привлечет мотыльков\r\n\r\nУстанавливается на стену\r\nРаботает только в радиусе действия Bonfire\r\n\r\nКомфорт +1\r\nБонусы комфорта в категории не суммируются","Разгонит тьму и привлечет мотыльков\r\n\r\nНастенное украшение\r\nКомфорт +1"
"Decorations_SignalFire_Name","Signal fire",""
"Decorations_SignalFire_Description","Where was the Royal Fleet when Tortuga fell?\r\n\r\nThe light of the signal fire can be seen from afar.\r\nOnly 3 signal fire can be placed in the world.\r\n\r\nComfort +1\r\nComfort bonuses in this category do not stack.",""
"Decorations_CrocodileStuffed01_Name","Статуя веселого крокодила",""
"Decorations_Brush_FireplaceT04_01_p01_Name","Роскошный камин",""
"Decorations_Brush_FireplaceT04_01_p02_Name","Труба для камина",""
"Decorations_Fireplace_CEB_A_Name","Основание камина",""
"Decorations_Fireplace_CAB_A_Name","Стенки камина",""
"Decorations_Fireplace_CBB_A_Name","Крышка камина",""
"Decorations_Fireplace_BBE_A_Name","Дымоход",""
"Decorations_Fireplace_BBE_B_Name","Колпак дымохода",""
"Decorations_Decorations_CrocodileStuffed01_Description","Гроза болот теперь украсит вашу гостиную\r\n\r\nРаботает только в радиусе действия Bonfire\r\n\r\nКомфорт +1\r\nБонусы комфорта в категории не суммируются",""
"Decorations_CrocodileStuffed02_Name","Статуя мудрого крокодила",""
"Decorations_CrocodileStuffed02_Description","Гроза болот теперь украсит вашу гостиную\r\n\r\nРаботает только в радиусе действия Bonfire\r\n\r\nКомфорт +2\r\nБонусы комфорта в категории не суммируются",""
"Decorations_Shelf01_Name","Мленькая полка",""
"Decorations_Shelf02_Name","Полка",""
"Decorations_Shelf03_Name","Большая полка",""
"Decorations_Shelf_Description","Грубо сколоченные полки для провианта и рома.\r\n\r\nРаботает только в радиусе действия Bonfire\r\n\r\nКомфорт +1\r\nБонусы комфорта в категории не суммируются",""
"Decorations_Cupboard_Description","Шаткая конструкция, готовая рухнуть при первом же шторме\r\n\r\nРаботает только в радиусе действия Bonfire\r\n\r\nКомфорт +1\r\nБонусы комфорта в категории не суммируются",""
"Decorations_Canopy01_Name","Навес",""
"Decorations_Canopy02_Name","Навес с сетью",""
"Decorations_Canopy03_Name","Большой навес",""
"Decorations_Canopy_Description","Навес сделанный из подручных материалов\r\n\r\nУстанавливается на стену\r\nРаботает только в радиусе действия Bonfire\r\n\r\nКомфорт +1\r\nБонусы комфорта в категории не суммируются",""
"Decorations_Bench01_Name","Скамья",""
"Decorations_Bench02_Name","Скамья со спинкой",""
"Decorations_Bench04_Name","Скамья из бревна",""
"Decorations_Bench01_Description","Скрипит каждый раз, когда на него садишься\r\n\r\nРаботает только в радиусе действия Bonfire\r\n\r\nКомфорт +1 \r\nБонусы комфорта в категории не суммируются",""
"Decorations_Seats_T02_Description","Мебель из древесины и выделанной кожи — суровая и пропитанная истинным духом охоты.\r\n\r\nРаботает только в радиусе действия Bonfire\r\n\r\nКомфорт +1 \r\nБонусы комфорта в категории не суммируются",""
"Decorations_Seats_T04_Description","Изящная мебель, выдержанная в утончённом классическом стиле.\r\n\r\nРаботает только в радиусе действия Bonfire\r\n\r\nКомфорт +1 \r\nБонусы комфорта в категории не суммируются",""
"Decorations_Seats_T04_Cool_Description","Мебель с шикарным декоративным силуэтом и выразительной отделкой.\r\n\r\nРаботает только в радиусе действия Bonfire\r\n\r\nКомфорт +1 \r\nБонусы комфорта в категории не суммируются",""
"Decorations_Tables_T02_Description","Мебель из древесины и выделанной кожи — суровая и пропитанная истинным духом охоты.\r\n\r\nРаботает только в радиусе действия Bonfire\r\n\r\nКомфорт +1 \r\nБонусы комфорта в категории не суммируются",""
"Decorations_Tables_T04_Description","Изящная мебель, выдержанная в утончённом классическом стиле.\r\n\r\nРаботает только в радиусе действия Bonfire\r\n\r\nКомфорт +1 \r\nБонусы комфорта в категории не суммируются",""
"Decorations_Shelves_T04_Description","Изящная мебель, выдержанная в утончённом классическом стиле.\r\n\r\nРаботает только в радиусе действия Bonfire\r\n\r\nКомфорт +1 \r\nБонусы комфорта в категории не суммируются",""
"Decorations_Shelves_T04_Cool_Description","Мебель с шикарным декоративным силуэтом и выразительной отделкой.\r\n\r\nРаботает только в радиусе действия Bonfire\r\n\r\nКомфорт +1 \r\nБонусы комфорта в категории не суммируются",""
"Decorations_Wardrobe_T02_Description","Мебель из древесины и выделанной кожи — суровая и пропитанная истинным духом охоты.\r\n\r\nРаботает только в радиусе действия Bonfire\r\n\r\nКомфорт +1 \r\nБонусы комфорта в категории не суммируются",""
"Decorations_Wardrobe_T04_Description","Изящная мебель, выдержанная в утончённом классическом стиле.\r\n\r\nРаботает только в радиусе действия Bonfire\r\n\r\nКомфорт +1 \r\nБонусы комфорта в категории не суммируются",""
"Decorations_Wardrobe_T04_Cool_Description","Мебель с шикарным декоративным силуэтом и выразительной отделкой.\r\n\r\nРаботает только в радиусе действия Bonfire\r\n\r\nКомфорт +1 \r\nБонусы комфорта в категории не суммируются",""
"Decorations_Decorations_IronLighting_T02_Description_Description","Трофейные рога, соединённые с кованым металлом, формируют суровый охотничий свет.\r\n\r\nРаботает только в радиусе действия Bonfire\r\n\r\nКомфорт +1 \r\nБонусы комфорта в категории не суммируются",""
"Decorations_IronLighting_T04_Description","Светильник из кованого железа, отличающиеся лёгкостью форм и изяществом.\r\n\r\nРаботает только в радиусе действия Bonfire\r\n\r\nКомфорт +1 \r\nБонусы комфорта в категории не суммируются",""
"Decorations_IronLighting_T04_Description_OneCandle","Светильник c одной свечей из кованого железа, отличающиеся лёгкостью форм и изяществом.\r\n\r\nРаботает только в радиусе действия Bonfire\r\n\r\nКомфорт +1 \r\nБонусы комфорта в категории не суммируются",""
"Decorations_IronLighting_T04_Description_OneCandleWithGlass","Светильник из кованого железа, отличающиеся лёгкостью форм и изяществом.\r\n\r\nРаботает только в радиусе действия Bonfire\r\n\r\nКомфорт +1 \r\nБонусы комфорта в категории не суммируются",""
"Decorations_IronLighting_T04_Description_TwoCandle","Светильник c двумя свечами из кованого железа, отличающиеся лёгкостью форм и изяществом.\r\n\r\nРаботает только в радиусе действия Bonfire\r\n\r\nКомфорт +1 \r\nБонусы комфорта в категории не суммируются",""
"Decorations_IronLighting_T04_Description_ThreeCandle","Светильник c тремя свечами из кованого железа, отличающиеся лёгкостью форм и изяществом.\r\n\r\nРаботает только в радиусе действия Bonfire\r\n\r\nКомфорт +1 \r\nБонусы комфорта в категории не суммируются",""
"Decorations_IronLighting_T04_Description_FourCandle","Светильник c четырьмя свечами из кованого железа, отличающиеся лёгкостью форм и изяществом.\r\n\r\nРаботает только в радиусе действия Bonfire\r\n\r\nКомфорт +1 \r\nБонусы комфорта в категории не суммируются",""
"Decorations_IronLighting_T04_Description_FiveCandle","Светильник c пятью свечами из кованого железа, отличающиеся лёгкостью форм и изяществом.\r\n\r\nРаботает только в радиусе действия Bonfire\r\n\r\nКомфорт +1 \r\nБонусы комфорта в категории не суммируются",""
"Decorations_IronLighting_T04_Chain_Description","Прочная кованая цепь для изящных подвесных светильников.\r\n\r\nРаботает только в радиусе действия Bonfire\r\n\r\nНе дает комфорта",""
"Decorations_IronLighting_Chandelier_T04_Description","Изящные люстры, излучающие благородный свет.\r\n\r\nРаботает только в радиусе действия Bonfire\r\n\r\nКомфорт +1 \r\nБонусы комфорта в категории не суммируются",""
"Decorations_Dishes_T04_Description","Изящная посуда, украденная с губернаторского застолья во время морской вылазки.\r\n\r\nРаботает только в радиусе действия Bonfire\r\n\r\nКомфорт +1 \r\nБонусы комфорта в категории не суммируются",""
"Decoration_DecorativeFood_01_Description","Тёплый грог, чтобы согреться после долгого плавания.\r\n\r\nРаботает только в радиусе действия Bonfire\r\n\r\nКомфорт +1 \r\nБонусы комфорта в категории не суммируются",""
"Decoration_DecorativeFood_02_Description","Миска лесных грибов с таинственного острова.\r\n\r\nРаботает только в радиусе действия Bonfire\r\n\r\nКомфорт +1 \r\nБонусы комфорта в категории не суммируются",""
"Decoration_DecorativeFood_03_Description","Сытное жаркое, держущее команду на плаву.\r\n\r\nРаботает только в радиусе действия Bonfire\r\n\r\nКомфорт +1 \r\nБонусы комфорта в категории не суммируются",""
"Decoration_DecorativeFood_04_Description","Кукурузный суп для поднятия духа после шторма.\r\n\r\nРаботает только в радиусе действия Bonfire\r\n\r\nКомфорт +1 \r\nБонусы комфорта в категории не суммируются",""
"Decoration_DecorativeFood_05_Description","Густая похлёбка с ароматом лесных трофеев.\r\n\r\nРаботает только в радиусе действия Bonfire\r\n\r\nКомфорт +1 \r\nБонусы комфорта в категории не суммируются",""
"Decoration_DecorativeFood_06_Description","Фрукты с дальних странствий, добытые с пиратских рейдов.\r\n\r\nРаботает только в радиусе действия Bonfire\r\n\r\nКомфорт +1 \r\nБонусы комфорта в категории не суммируются",""
"Decoration_DecorativeFood_07_Description","Сладости, которые пираты чаще всего едят ночью под гамаком.\r\n\r\nРаботает только в радиусе действия Bonfire\r\n\r\nКомфорт +1 \r\nБонусы комфорта в категории не суммируются",""
"Decoration_DecorativeFood_08_Description","Сочные плоды, спасающие от морской хандры.\r\n\r\nРаботает только в радиусе действия Bonfire\r\n\r\nКомфорт +1 \r\nБонусы комфорта в категории не суммируются",""
"Decoration_DecorativeFood_09_Description","Свежевыловленная рыба прямо с сетей команды.\r\n\r\nРаботает только в радиусе действия Bonfire\r\n\r\nКомфорт +1 \r\nБонусы комфорта в категории не суммируются",""
"Decoration_DecorativeFood_10_Description","Сытное мясо, добытое в рейде на богатый караван.\r\n\r\nРаботает только в радиусе действия Bonfire\r\n\r\nКомфорт +1 \r\nБонусы комфорта в категории не суммируются",""
"Decoration_DecorativeFood_11_Description","Пир, достойный капитана и всей команды.\r\n\r\nРаботает только в радиусе действия Bonfire\r\n\r\nКомфорт +1 \r\nБонусы комфорта в категории не суммируются",""
"Decoration_DecorativeFood_12_Description","Для разнообразия рациона морских волков.\r\n\r\nРаботает только в радиусе действия Bonfire\r\n\r\nКомфорт +1 \r\nБонусы комфорта в категории не суммируются",""
"Decoration_Books_T04_Description","Собрания знаний, легенд и забытых сказаний.\r\n\r\nРаботает только в радиусе действия Bonfire\r\n\r\nКомфорт +1 \r\nБонусы комфорта в категории не суммируются",""
"Decoration_Flagpole_T01_Description","Test",""
"Decoration_Flagpole_T03_Description","Test",""
"Decoration_Flagpole_T04_Description","Test",""
"Building_WallAngleDownT01_AAE_F_Name","Test",""
"Decoration_Flagpole_T01_Description_1","Простой столб для флага с блеском морской соли\r\n\r\nРаботает только в радиусе действия Bonfire\r\n\r\nКомфорт +1 \r\nБонусы комфорта в категории не суммируются",""
"Decoration_Flagpole_T01_Description_2","Простой столб для флага с блеском морской соли\r\n\r\nРаботает только в радиусе действия Bonfire\r\n\r\nКомфорт +1 \r\nБонусы комфорта в категории не суммируются",""
"Decoration_Flagpole_T01_Description_3","Простой столб для флага с блеском морской соли\r\n\r\nРаботает только в радиусе действия Bonfire\r\n\r\nКомфорт +1 \r\nБонусы комфорта в категории не суммируются",""
"Decoration_Flagpole_T01_Description_4","Простой столб для флага с блеском морской соли\r\n\r\nРаботает только в радиусе действия Bonfire\r\n\r\nКомфорт +1 \r\nБонусы комфорта в категории не суммируются",""
"Decoration_Flagpole_T01_Description_5","Простой столб для флага с блеском морской соли\r\n\r\nРаботает только в радиусе действия Bonfire\r\n\r\nКомфорт +1 \r\nБонусы комфорта в категории не суммируются",""
"Decoration_Flagpole_T01_Description_6","Простой столб для флага с блеском морской соли\r\n\r\nРаботает только в радиусе действия Bonfire\r\n\r\nКомфорт +1 \r\nБонусы комфорта в категории не суммируются",""
"Decoration_Flagpole_T01_Description_7","Простой столб для флага с блеском морской соли\r\n\r\nРаботает только в радиусе действия Bonfire\r\n\r\nКомфорт +1 \r\nБонусы комфорта в категории не суммируются",""
"Decoration_Flagpole_T03_Description_1","Столб для флага, проверенный штормами, боями и случайными ударами абордажной сабли.\r\n\r\nРаботает только в радиусе действия Bonfire\r\n\r\nКомфорт +1 \r\nБонусы комфорта в категории не суммируются",""
"Decoration_Flagpole_T03_Description_2","Столб для флага, проверенный штормами, боями и случайными ударами абордажной сабли.\r\n\r\nРаботает только в радиусе действия Bonfire\r\n\r\nКомфорт +1 \r\nБонусы комфорта в категории не суммируются",""
"Decoration_Flagpole_T03_Description_3","Столб для флага, проверенный штормами, боями и случайными ударами абордажной сабли.\r\n\r\nРаботает только в радиусе действия Bonfire\r\n\r\nКомфорт +1 \r\nБонусы комфорта в категории не суммируются",""
"Decoration_Flagpole_T03_Description_4","Столб для флага, проверенный штормами, боями и случайными ударами абордажной сабли.\r\n\r\nРаботает только в радиусе действия Bonfire\r\n\r\nКомфорт +1 \r\nБонусы комфорта в категории не суммируются",""
"Decoration_Flagpole_T03_Description_5","Столб для флага, проверенный штормами, боями и случайными ударами абордажной сабли.\r\n\r\nРаботает только в радиусе действия Bonfire\r\n\r\nКомфорт +1 \r\nБонусы комфорта в категории не суммируются",""
"Decoration_Flagpole_T03_Description_6","Столб для флага, проверенный штормами, боями и случайными ударами абордажной сабли.\r\n\r\nРаботает только в радиусе действия Bonfire\r\n\r\nКомфорт +1 \r\nБонусы комфорта в категории не суммируются",""
"Decoration_Flagpole_T03_Description_7","Столб для флага, проверенный штормами, боями и случайными ударами абордажной сабли.\r\n\r\nРаботает только в радиусе действия Bonfire\r\n\r\nКомфорт +1 \r\nБонусы комфорта в категории не суммируются",""
"Decoration_Flagpole_T04_Description_1","Изящный столб для знамени, на котором гордо реет пиратский флаг и иногда носки с сушильной верёвки.\r\n\r\nРаботает только в радиусе действия Bonfire\r\n\r\nКомфорт +1 \r\nБонусы комфорта в категории не суммируются",""
"Decoration_Flagpole_T04_Description_2","Изящный столб для знамени, на котором гордо реет пиратский флаг и иногда носки с сушильной верёвки.\r\n\r\nРаботает только в радиусе действия Bonfire\r\n\r\nКомфорт +1 \r\nБонусы комфорта в категории не суммируются",""
"Decoration_Flagpole_T04_Description_3","Изящный столб для знамени, на котором гордо реет пиратский флаг и иногда носки с сушильной верёвки.\r\n\r\nРаботает только в радиусе действия Bonfire\r\n\r\nКомфорт +1 \r\nБонусы комфорта в категории не суммируются",""
"Decoration_Flagpole_T04_Description_4","Изящный столб для знамени, на котором гордо реет пиратский флаг и иногда носки с сушильной верёвки.\r\n\r\nРаботает только в радиусе действия Bonfire\r\n\r\nКомфорт +1 \r\nБонусы комфорта в категории не суммируются",""
"Decoration_Flagpole_T04_Description_5","Изящный столб для знамени, на котором гордо реет пиратский флаг и иногда носки с сушильной верёвки.\r\n\r\nРаботает только в радиусе действия Bonfire\r\n\r\nКомфорт +1 \r\nБонусы комфорта в категории не суммируются",""
"Decoration_Flagpole_T04_Description_6","Изящный столб для знамени, на котором гордо реет пиратский флаг и иногда носки с сушильной верёвки.\r\n\r\nРаботает только в радиусе действия Bonfire\r\n\r\nКомфорт +1 \r\nБонусы комфорта в категории не суммируются",""
"Decoration_Flagpole_T04_Description_7","Изящный столб для знамени, на котором гордо реет пиратский флаг и иногда носки с сушильной верёвки.\r\n\r\nРаботает только в радиусе действия Bonfire\r\n\r\nКомфорт +1 \r\nБонусы комфорта в категории не суммируются",""
"Decoration_Misc_T02_Description","Напоминание о каждом удачном выстреле.\r\n\r\nРаботает только в радиусе действия Bonfire\r\n\r\nКомфорт +1 \r\nБонусы комфорта в категории не суммируются",""
"Decoration_Misc_T02_Description_2","Напоминание о каждом удачном выстреле.\r\n\r\nРаботает только в радиусе действия Bonfire\r\nУстонавливается на стену\r\n\r\nКомфорт +1 \r\nБонусы комфорта в категории не суммируются",""
"Decoration_Miniatures_T01_Description","Детализированная модель корабля, словно застывшая в вечной морской экспедиции.\r\n\r\nРаботает только в радиусе действия Bonfire\r\n\r\nКомфорт +1 \r\nБонусы комфорта в категории не суммируются",""
"Decoration_Miniatures_T02_Description","Детализированная модель корабля, словно застывшая в вечной морской экспедиции.\r\n\r\nРаботает только в радиусе действия Bonfire\r\n\r\nКомфорт +1 \r\nБонусы комфорта в категории не суммируются",""
"Decoration_Miniatures_T03_Description","Детализированная модель корабля, словно застывшая в вечной морской экспедиции.\r\n\r\nРаботает только в радиусе действия Bonfire\r\n\r\nКомфорт +1 \r\nБонусы комфорта в категории не суммируются",""
"Decoration_Miniatures_T04_Description","Детализированная модель корабля, словно застывшая в вечной морской экспедиции.\r\n\r\nРаботает только в радиусе действия Bonfire\r\n\r\nКомфорт +1 \r\nБонусы комфорта в категории не суммируются",""
"Decoration_Misc_T04_Description","Подходит для любого помещения — и там, где решаются судьбы городов, и там, где решают, кто пьёт последний глоток рома.\r\n\r\nРаботает только в радиусе действия Bonfire\r\n\r\nКомфорт +1 \r\nБонусы комфорта в категории не суммируются",""
"Decoration_Fireplaces_T04_Description","Камин, где поленья шепчут истории о бурях, рифах и украденном роме.\r\n\r\nРаботает только в радиусе действия Bonfire\r\n\r\nКомфорт +2 \r\nБонусы комфорта в категории не суммируются",""
"Decoration_Paintings_T01_Description","Картина, на которой листья шепчут о забытых сокровищах.\r\n\r\nРаботает только в радиусе действия Bonfire\r\n\r\nКомфорт +1 \r\nБонусы комфорта в категории не суммируются",""
"Decoration_Paintings_T02_Description","Картина, где фрукты и предметы будто замерли в вечности.\r\n\r\nРаботает только в радиусе действия Bonfire\r\n\r\nКомфорт +1 \r\nБонусы комфорта в категории не суммируются",""
"Decoration_Paintings_T03_Description","Отважный герой и мореплаватель.\r\n\r\nРаботает только в радиусе действия Bonfire\r\n\r\nКомфорт +1 \r\nБонусы комфорта в категории не суммируются",""
"Decoration_Paintings_T04_Description","Шторм и парусник — дуэль отваги и храбрости на словно ожившей картине\r\n\r\nРаботает только в радиусе действия Bonfire\r\n\r\nКомфорт +1 \r\nБонусы комфорта в категории не суммируются",""
"Decoration_Paintings_Tortuga_Description","Порт, где каждый уголок хранит тайны пиратских приключений.\r\n\r\nРаботает только в радиусе действия Bonfire\r\n\r\nКомфорт +1 \r\nБонусы комфорта в категории не суммируются",""
"Decoration_Garden_T04_Fountain_Description","Место, где вода шепчет о покое и прохладе.\r\n\r\nРаботает только в радиусе действия Bonfire\r\n\r\nКомфорт +1 \r\nБонусы комфорта в категории не суммируются",""
"Decorations_Curtains_T04_Curtain_Description","Работает только в радиусе действия Bonfire\r\n\r\nНе дает комфорта",""
"BuildingShips_Raft_Name","NOT USEDRaft",""
"BuildingShips_Raft_Description","NOT USEDRaft description",""
"BuildingShips_Boat_Name","Boat",""
"BuildingShips_Boat_Description","Простая лодка для передвижения по спокойной воде.\r\n\r\nМожно ставить только на воду",""
"BuildingShips_Cutter_Name","Cutter",""
"BuildingShips_Cutter_Black_Name","NOT USEDCutter Black",""
"BuildingShips_Cutter_Description","\""NOT USEDThe British soldier complains of the wind; the merchant waits for it to change; the pirate meanwhile adjusts the sails.\""",""
"BuildingShips_Royal_Name","NOT USEDBattleship",""
"BuildingShips_Frigate_Name","Frigate",""
"BuildingShips_Brig_Name","Brig",""
"BuildObject_Bits_Door2BCE_A_Name","Элегантная деревянная дверь","Элегантная деревянная дверь"
"BuildObject_Bits_Door2BDE_A_Name","Частокольная створка ворот","Частокольная створка ворот"
"BuildObject_Bits_Door2CCE_A_Name","Двойная элегантная деревянная дверь","Двойная элегантная деревянная дверь"
"BuildObject_Bits_Door3BCE_A_Name","Деревянная дверь с окном","Деревянная дверь с окном"
"BuildObject_Bits_Door3BDE_A_Name","Массивная деревянная створка ворот","Массивная деревянная створка ворот"
"BuildObject_Bits_Door3CCE_A_Name","Двойная дверь из бревен с окном","Двойная деревянная дверь с окном"
"BuildObject_Bits_Set_26degrees_T01_Name","Сет стройки 26 градусов","Сет стройки 26 градусов"
"BuildObject_Bits_Set_45degrees_T01_Name","Сет стройки 45 градусов","Сет стройки 45 градусов"
"BuildObject_Bits_Set_Decorations_Name","Сет декораций","Сет декораций"
"BuildObject_Bits_WindowAAE_B_Name","Окно \""Шарм старого города\""","Окно \""Шарм старого города\"""
"BuildingBrush_Floor_2x2_Name","NOT USEDFloor","Пол 2х2 с основанием"
"BuildingBrush_Floor_4x4_Name","NOT USEDBig floor","Пол 4х4"
"BuildingBrush_Roof26_4x4_Name","Скат крыши 4х4 26°","Скат крыши 4х4 26° "
"BuildingBrush_Roof45_4x4_Name","Скат крыши 4х4 45°","Скат крыши 4х4 45°"
"BuildingBrush_Shack_6x6_Name","Хижина","Хижина"
"BuildingBrush_SticksWall_4x4_Name","NOT USEDWall","Стена 4х4"
"BuildingBrush_Wall_2x2_Name","NOT USEDWall","Стена 2x2"
"BuildingBrush_WoodenWall_4x4_Name","NOT USEDWall","Стена из досок 4х4"
"BuildingBrush_Archipelago_Fort_1_Name","NOT USEDFort 1",""
"BuildingBrush_Archipelago_Fort_2_Name","NOT USEDFort 2",""
"BuildingBrush_Blockhaus_Name","NOT USEDBlockhaus",""
"BuildingBrush_ShackOnPillar_Name","NOT USEDShack on pillar",""
"BuildingBrush_ShelterForMaterials_Name","NOT USEDShelter for materials",""
"BuildingBrush_SimpleBarracks_Name","NOT USEDSimple barracks",""
"BuildingBrush_Stockade_4x3_Name","NOT USEDStockade wall 4x3",""
"BuildingBrush_Stockade_Gate_Name","NOT USEDStockade gate",""
"BuildingBrush_Stockade_RoundedCorner_Name","NOT USEDStockade rounded corner",""
"BuildingBrush_Stockade_WallWithDeck_Name","NOT USEDStockade wall with deck",""
"BuildingBrush_Watchtower_h5_Name","NOT USEDWatchtower",""
"BuildObject_Universal_OneWood_T00","NOT USEDBed, basic building set","Кровать, базовый набор стройки"
"BuildObject_Universal_OneWoodDeco_T00","Сет базовых декораций","Сет базовых декораций"
"Chests_PosthumousContainer_InteractionText","Posthumous container",""
"Craftstation_KilnT01_Name","Углевыжигательная печь",""
"Craftstation_KilnT01_Description","Печь для выжигания древесного угля\r\n\r\nРаботает только под открытым небом\r\nРаботает только в радиусе действия Bonfire\r\n\r\nКомфорт +1\r\nБонусы комфорта от очагов не суммируются",""
"Craftstation_ArtisanEmployee_Name","NOT USEDCarpenter Ned",""
"Craftstation_ArtisanEmployee_Marker","Новые исследования",""
"Craftstation_ArtisanEmployee_Description","NOT USEDМStone cutter description.",""
"Craftstation_MillstonesT02_Name","Жернова",""
"Craftstation_MillstonesT02_Description","Позволяет изготавливать сыпучие материалы\r\n\r\nТребует крышу\r\n\r\nРаботает только в радиусе действия Bonfire",""
"Craftstation_PunchT03_Name","Компостер",""
"Craftstation_PunchT03_Description","Позволяет изготавливать удобрения\r\n\r\nРаботает только в радиусе действия Bonfire",""
"Craftstation_SmithEmployee_Marker","Новые исследования",""
"Craftstation_SpinningWheelT02_Name","Прялка",""
"Craftstation_SpinningWheelT02_Description","Позволяет изготавливать ткань\r\n\r\nТребует крышу\r\n\r\nРаботает только в радиусе действия Bonfire",""
"Farming_Corn_Poor_Name","Саженец кукурузы",""
"Farming_Corn_Poor_Description","Растет только на грядке\r\n\r\nУрожай - кукуруза, семя кукурузы",""
"Farming_Corn_Rich_Name","Удобренный саженец кукурузы",""
"Farming_Corn_Rich_Description","Растет только на грядке\r\n\r\nУрожай - кукуруза",""
"Farming_Flax_Name","Саженец льна",""
"Farming_Flax_Description","Растет только на грядке\r\n\r\nУрожай - лен, семя льна",""
"FastTravelFlag_Name","Костер быстрого перемещения",""
"FastTravelFlag_Description","NOT USEDFast travel flag description",""
"FastTravelFlag_Interaction","Для использования необходимо построить как минимум два колокола быстрого перемещения",""
"FastTravelFlag_Warning_NoBoat","NOT USEDFast travel restriction description",""
"Craftstation_HandymanSailorsT02_Name","NOT USEDSailors",""
"Craftstation_HandymanSailorsT02_Description","NOT USEDSailors",""
"Craftstation_KsantEmployeeT03_Name","Путешественник Джон",""
"Craftstation_KsantEmployeeT03_Marker","Новые исследования",""
"Craftstation_KsantEmployeeT03_Description","Путешественник, ученый, картограф и просто незаменимый мастер на все руки.",""
"Craftstation_FarmerEmployee_Name","NOT USEDFarmer",""
"Craftstation_Employee_Description","NOT USEDEMployee description",""
"Craftstation_GathererEmployee_Name","NOT USEDGatherer",""
"Craftstation_HerbalistEmployee_Name","NOT USEDHerbalist",""
"Craftstation_HunterEmployee_Name","NOT USEDHunter",""
"Craftstation_MinerEmployee_Name","NOT USEDMiner",""
"Craftstation_WoodcutterEmployee_Name","NOT USEDWood cutter",""
"Craftstation_TanneryT02_Name","Дубильня",""
"Craftstation_TanneryT02_Description","Позволяет обрабатывать шкуры\r\n\r\nНе требует крышу\r\n\r\nРаботает только в радиусе действия Bonfire",""
"Craftstation_WitchTableT03_Name","Ведьмин кулинарный стол",""
"Craftstation_WitchTableT03_Description","Хочешь отведать \""Ведьминого борща\""? Надеюсь, ты не боишься сюрпризов!\r\n\r\n\r\nКомфорт +3",""
"TradeOutpost_Resources_Name","Merchant: Natural Resources",""
"TradeOutpost_Resources_Description","Торговец который доставит на вашу базу товары в обмен на пиастры.\r\n\r\nБазовый набор доступных товаров: Древесина, Камень, Глина, Растительное волокно\r\n\r\nПо мере устранения угроз мира, ассортимент заказов будет расширяться (Медная руда, Железная руда, Сера, Твердая древесина, Кора дерева)\r\n\r\nТребует крышу\r\n\r\nРаботает только в радиусе действия Bonfire",""
"TradeOutpost_Food_Name","Merchant: Food",""
"TradeOutpost_Food_Description","Торговец который доставит на вашу базу товары в обмен на пиастры.\r\n\r\nБазовый набор доступных товаров: Кокос, Банан\r\n\r\nПо мере устранения угроз мира, ассортимент заказов будет расширяться (Батат, Кайенский Перец, Лайм, Алоэ, Кукуруза, Помидоры, Лен, а так же семена к этим культурам)\r\n\r\nТребует крышу\r\n\r\nРаботает только в радиусе действия Bonfire",""
"TradeOutpost_Animals_Name","Merchant: Animal Products",""
"TradeOutpost_Animals_Description","Торговец который доставит на вашу базу товары в обмен на пиастры.\r\n\r\nБазовый набор доступных товаров: Мясо краба, Мясо птицы, Яйцо додо, Перо\r\n\r\nПо мере устранения угроз мира, ассортимент заказов будет расширяться (Мясо, Грубая шкура, Бивень кабана, Жир, Волчий клык, Рог горного козла, Безоар)\r\n\r\nТребует крышу\r\n\r\nРаботает только в радиусе действия Bonfire.",""
"Farming_UmbraFruit_Poor_Name","NOT USED Intoxicating Fruit sapling",""
"Farming_UmbraFruit_Poor_Description","NOT USED РIntoxicating fruit descirption",""
"Farming_UmbraFruit_Rich_Name","NOT USED Fertilized intoxicating fruit sapling",""
"Farming_UmbraFruit_Rich_Description","NOT USED Intoxicating fruit description",""
"Farming_KaalBreath_Name","NOT USED Intoxicating fruit name",""
"Farming_KaalBreath_Description","NOT USED Special item description",""
"Farming_Icaco_Name","Cаженец икако",""
"Farming_Icaco_Description","Растет только на грядке\r\n\r\nУрожай икако, семя икако",""
"Farming_Craftstation_TrellisBed_Name","Грядка для растений",""
"Farming_Craftstation_TrellisBed_Description","Позволяет высаживать вьющиеся растения",""
"Farming_Grape_Name","NOT USEDGrapes sapling",""
"Farming_Grape_Description","NOT USED Grapes descriptionа",""
"Farming_Pineapple_Name","NOT USEDPineapple sapling",""
"Farming_Pineapple_Description","NOT USED Pineapple description",""
"Soil_BEB_A_Name","Грядка для саженцев",""
"Soil_BEB_A_Description","Работает только на земле",""
"Soil_BEB_B_Name","NOT USEDSwamp seebed",""
"Soil_BEB_B_Description","NOT USEDРSwamp seedbed description",""
"Building_ExplosiveBarrel_T04_Name","Взрывающаяся бочка",""
"Building_ExplosiveBarrel_T04_Description","Детонируется от любого типа урона",""
"Building_DoorWayT02_DBE_01_Name","Проём для баррикад","Проём для баррикад"
"Building_PillarT02_ABA_A_Name","Соединительный уголок для баррикады равносторонний","Соединительный уголок для баррикады равносторонний"
"Building_PillarT02_FAF_A_Name","Большой столб (брус)",""
"Building_PillarT02_FAF_A_Desc","Большой столб из бруса",""
"Building_PillarT02_ABF_A_Name","Большая балка (брус)",""
"Building_PillarT02_ABF_A_Desc","Большая балка из бруса 64°",""
"Building_PillarT02_AAF_A_Name","Большая балка (брус)",""
"Building_PillarT02_AAF_A_Desc","Большая балка из бруса 45°",""
"Building_PillarT02_BAF_A_Name","Большая балка (брус)",""
"Building_PillarT02_BAF_A_Desc","Большая балка из бруса 26°",""
"Building_PillarT02_AFF_A_Name","Большая балка (брус)",""
"Building_PillarT02_AFF_A_Desc","Большая горизонтальная балка из бруса",""
"Building_PillarT02_GAG_B_Name","Столб (брус)",""
"Building_PillarT02_GAG_B_Desc","Столб из бруса",""
"Building_PillarT02_ABG_B_Name","Балка (брус)",""
"Building_PillarT02_ABG_B_Desc","Балка из бруса 64°",""
"Building_PillarT02_AAG_B_Name","Балка (брус)",""
"Building_PillarT02_AAG_B_Desc","Балка из бруса 45°",""
"Building_PillarT02_BAG_B_Name","Балка (брус)",""
"Building_PillarT02_BAG_B_Desc","Балка из бруса 26°",""
"Building_PillarT02_AGG_B_Name","Балка (брус)",""
"Building_PillarT02_AGG_B_Desc","Горизонтальная балка из бруса",""
"Building_PillarT02_GDG_A_Name","Столб с основанием","Декоративный столб с основанием из каменй 1x4"
"Building_PillarT02_GDG_A_Desc","Большой столб с основанием из мелкого камня","Декоративный столб с основанием из каменй 1x4"
"Building_PillarT02_GDG_B_Name","Столб с основанием","Декоративный столб с основанием из булыжника 1x4"
"Building_PillarT02_GDG_B_Desc","Большой столб с основанием из крупного камня","Декоративный столб с основанием из булыжника 1x4"
"Building_PillarT04_EAE_A_Name","NOT USEDCorner pillar",""
"Building_WallLT02_ABA_01_Name","NOT USEDCorner block","Угловой блок 01 левый"
"Building_WallRT02_ABA_01_Name","NOT USEDCorner block","Угловой блок 01 правый"
"Building_WallLT02_ABA_02_Name","NOT USEDCorner block","Угловой блок 02 левый"
"Building_WallRT02_ABA_02_Name","NOT USEDCorner block","Угловой блок 02 правый"
"Building_WallT02_ABA_01_Name","NOT USEDBarricade wall","Заполняющая стенка баррикады"
"Building_WallT02_DBA_01_Name","NOT USEDBarricade outerwall wall","Баррикада внешняя стенка"
"Building_WallT02_DBA_02_Name","NOT USEDBarricade inner wall","Баррикада внутренняя стенка"
"Building_StockadeT02_AAB_01_Name","Частокол для баррикад","Частокол для баррикад"
"Decorations_Jug_01_Name","Глиняный кувшин",""
"Decorations_Bowl_01_Name","Деревянная миска",""
"Decorations_Cup_01_Name","Деревянная кружка",""
"Decorations_FryingPan_01_Name","Грубая сковорода",""
"Decorations_Jug_02_Name","Глиняный кувшин",""
"Decorations_Jug_03_Name","Глиняный кувшин",""
"Decorations_Plate_01_Name","Грубая тарелка",""
"Decorations_Teapot_01_Name","Грубый чайник",""
"Decorations_SignalBonfire_01_Name","Сигнальный костер",""
"Decorations_Bucket_01_Name","Деревянное ведро",""
"Building_CanopyT01_D_Name","Навес","Палочный навес 2x1"
"Building_CanopyT01_D_Desc","Навес сделанный из прутьев\r\n\r\nУстанавливается на стену\r\n\r\nКомфорт +1\r\nБонусы комфорта в категории не суммируются",""
"Building_CanopyT01_E_Name","Арочный навес","Длинный арочный навес из жердей 2x1"
"Building_CanopyT01_A_Name","Навес","Соломенный навес 2x1"
"Building_CanopyT01_B_Name","Двускатный навес",""
"Building_CanopyT01_Description","Арочный навес сделанный из прутьев\r\n\r\nУстанавливается на стену\r\nРаботает только в радиусе действия Bonfire\r\n\r\nКомфорт +1\r\nБонусы комфорта в категории не суммируются",""
"Building_CanopyT02_Description","Навес сделанный из соломы\r\n\r\nУстанавливается на стену\r\nРаботает только в радиусе действия Bonfire\r\n\r\nКомфорт +1\r\nБонусы комфорта в категории не суммируются",""
"Building_DoorWayT01_BCE_E_Name","Дверь","Одинарная палочная дверь с круглым окном"
"Building_DoorWayT01_BCE_E_Desc","Дверь из прутьев с окном","Одинарная палочная дверь с круглым окном"
"Building_DoorWayT01_BCE_F_Name","Дверь","Одинарная палочная дверь в форме полуарки"
"Building_DoorWayT01_BCE_F_Desc","Дверь из прутьев с большим окном","Одинарная палочная дверь в форме полуарки"
"Building_DoorWayT01_BCE_G_Name","Дверь","Одинарная палочная дверь с аркой"
"Building_DoorWayT01_BCE_G_Desc","Дверь из прутьев с аркой","Одинарная палочная дверь с аркой"
"Building_DoorWayT01_CCE_G_Name","Двойная дверь",""
"Building_DoorWayT01_CCE_G_Desc","Двойная дверь из прутьев с аркой",""
"Building_DoorWayT01_CCE_E_Name","Двойная дверь",""
"Building_DoorWayT01_CCE_E_Desc","Двойная дверь из прутьев с окном",""
"Building_DoorWayT01_CCE_F_Name","Двойная дверь",""
"Building_DoorWayT01_CCE_F_Desc","Двойная дверь из прутьев с большим окном",""
"Building_DoorWayT02_BCE_C_Name","Дверь",""
"Building_DoorWayT02_BCE_C_Desc","Дверь из досок",""
"Building_DoorWayT02_CCE_C_Name","Двойная дверь",""
"Building_DoorWayT02_CCE_C_Desc","Двойная дверь из досок",""
"Building_DoorWayT03_CCE_A_Name","Двойная дверь",""
"Building_DoorWayT03_CCE_A_Desc","Состаренная двойная дверь из бревен",""
"Building_DoorWayT03_CCE_B_Name","Двойная дверь",""
"Building_DoorWayT03_CCE_B_Desc","Изящная cостаренная двойная дверь из бревен",""
"Building_DoorWayT03_BCE_A_Name","Дверь","Одинарная бревенчатая дверь"
"Building_DoorWayT03_BCE_A_Desc","Состаренная дверь из бревен","Одинарная бревенчатая дверь"
"Building_DoorWayT03_BCE_B_Name","Дверь",""
"Building_DoorWayT03_BCE_B_Desc","Изящная cостаренная дверь из бревен",""
"Building_FenceT01_BAE_B_Name","Забор (прутья)",""
"Building_FenceT01_BAE_B_Description","Длинный забор из прутьев",""
"Building_FloorT01_AEA_D_Name","Пол (прутья)",""
"Building_FloorT01_AEA_D_Description","Пол из прутьев",""
"Building_PillarT01_AAE_D_Name","Большая балка (прутья)",""
"Building_PillarT01_AAE_D_Desc","Большая балка из прутьев 45°",""
"Building_PillarT01_ABE_D_Desc","Большая балка из прутьев 64°",""
"Building_PillarT01_ABE_D_Name","Большая балка (прутья)",""
"Building_PillarT01_AEE_D_Name","Большая балка (прутья)",""
"Building_PillarT01_AEE_D_Desc","Большая горизонтальная балка из прутьев",""
"Building_PillarT01_BAE_D_Name","Большая балка (прутья)",""
"Building_PillarT01_BAE_D_Desc","Большая балка из прутьев 26°",""
"Building_PillarT01_EAE_D_Name","Большой столб (прутья)",""
"Building_PillarT01_EAE_D_Desc","Большой столб из прутьев",""
"Building_StairsT01_AAB_B_Name","Лестница (прутья)",""
"Building_StairsT01_AAB_B_Desc","Лестница из прутьев 26°",""
"Building_StairsT01_AAA_B_Name","Лестница (прутья)",""
"Building_StairsT01_AAA_B_Desc","Лестница из прутьев 45°",""
"Building_WindowframeT01_AAE_C_Name","Маленькое окно","Малое круглое окно из прутьев 1x1"
"Building_WindowframeT01_AAE_C_Desc","Маленькое круглое окно из прутьев","Малое круглое окно из прутьев 1x1"
"Building_WindowframeT01_AAE_D_Name","Квадратное окно","Малое окно из прутьев 1x1"
"Building_WindowframeT01_ABE_B_Desc","Узкое овальное окно из прутьев","Малое овальное окно из прутьев 1x2"
"Building_WindowframeT01_ABE_B_Name","Узкое окно","Малое овальное окно из прутьев 1x2"
"Building_WindowframeT01_BAE_B_Name","Длинное окно","Малое круглое окно из прутьев 2x1"
"Building_WindowframeT01_BAE_B_Desc","Длинное круглое окно из прутьев","Малое круглое окно из прутьев 2x1"
"Building_WindowframeT01_BAE_C_Name","Длинное окно","Малое овальное окно из прутьев 2x1"
"Building_WindowframeT01_BAE_C_Desc","Длинное овальное окно из прутьев","Малое овальное окно из прутьев 2x1"
"Building_WindowframeT01_BBE_B_Name","Окно","Среднее круглое окно из прутьев со створкой 2x2"
"Building_WindowframeT01_BBE_B_Desc","Круглое окно из прутьев","Среднее круглое окно из прутьев со створкой 2x2"
"Building_WindowframeT01_BBE_C_Name","Двустворчатое окно","Среднее окно  из досок со створками 2x2"
"Building_WindowframeT01_BBE_C_Desc","Квадратное окно из прутьев","Среднее окно  из досок со створками 2x2"
"Building_WindowframeT01_BBE_D_Name","Овальное окно","Среднее окно из прутьев 2x2"
"Building_WindowframeT01_BBE_D_Desc","Овальное окно из прутьев","Среднее окно из прутьев 2x2"
"Building_WindowframeT01_CBE_A_Name","Длинное окно","Большое окно из прутьев 3x2"
"Building_WindowframeT01_CBE_A_Desc","Длинное овальное окно из прутьев","Большое окно из прутьев 3x2"
"Building_WindowframeT03_ABE_A_Name","Узкое окно","Малое болотное окно 1x2"
"Building_WindowframeT03_ABE_A_Desc","Состаренное узкое окно из прутьев","Малое болотное окно 1x2"
"Building_WindowframeT03_BBE_A_Name","Двустворчатое окно","Среднее болотное окно 2x2"
"Building_WindowframeT03_BBE_A_Desc","Состаренное двойное окно из прутьев","Среднее болотное окно 2x2"
"Building_WallT01_AAE_D_Name","Стена (листья)",""
"Building_WallT01_AAE_D_Description","Стена из листьев",""
"Building_WallAngleUpT01_BAE_D_Name","Треугольная стена (листья)","Треугольная стена из листьев 26°"
"Building_WallAngleUpT01_BAE_D_Description","Треугольная стена из листьев 26°",""
"Building_WallAngleDownT01_BAE_D_Name","Треугольная стена (листья)","Обратная треугольная стена из листьев 26°"
"Building_WallAngleDownT01_BAE_D_Description","Обратная треугольная стена из листьев 26°",""
"Building_WallAngleUpT01_AAE_D_Name","Треугольная стена (листья)",""
"Building_WallAngleUpT01_AAE_D_Description","Треугольная стена из листьев 45°",""
"Building_WallAngleDownT01_AAE_D_Name","Треугольная стена (листья)","Обратная треугольная стена из листьев 45°"
"Building_WallAngleDownT01_AAE_D_Description","Обратная треугольная стена из листьев 45°","Обратная треугольная стена из листьев 45°"
"Building_WallAngleDownT01_ABE_D_Name","Треугольная стена (листья)","Обратная треугольная стена из листьев 64°"
"Building_WallAngleDownT01_ABE_D_Description","Обратная треугольная стена из листьев 64°","Обратная треугольная стена из листьев 64°"
"Building_WallAngleUpT01_ABE_D_Name","Треугольная стена (листья)","Треугольная стена из листьев 64°"
"Building_WallAngleUpT01_ABE_D_Description","Треугольная стена из листьев 64°",""
"Building_ArchT02_AAE_A_Name","Уголок (брус)",""
"Building_ArchT02_AAE_A_Desc","Уголок из бруса",""
"Building_WallT02_BDE_BA_Name","Левая панель (доски)","Левая стена из досок 2x4"
"Building_WallT02_BDE_BA_Desc","Левая панель из досок","Левая стена из досок 2x4"
"Building_WallT02_BDE_BB_Name","Правая панель (доски)","Правая стена из досок 2x4"
"Building_WallT02_BDE_BB_Desc","Правая панель из досок","Правая стена из досок 2x4"
"Building_WallT02_AAE_A_Name","Стена (доски)",""
"Building_WallT02_AAE_A_Desc","Стена из досок",""
"Building_WallT02_AAE_D_Name","Стена (камень и брус)",""
"Building_WallT02_AAE_D_Desc","Стена из камня и бруса",""
"Building_WallT02_BBE_C_Name","Большая стена (камень)",""
"Building_WallT02_BBE_C_Desc","Большая стена из камня",""
"Building_WallT02_BBE_A_Name","Большая стена (брус)",""
"Building_WallT02_BBE_A_Desc","Большая стена из бруса",""
"Building_WallT02_BBE_D_Name","Большая стена (камень и брус)",""
"Building_WallT02_BBE_D_Desc","Большая стена из камня и бруса",""
"Building_WallT02_BDE_A_Name","Левая панель (камень и брус)","Панель из камня обрамленная балками левая 2x4"
"Building_WallT02_BDE_A_Desc","Левая панель из камня и бруса","Панель из камня обрамленная балками левая 2x4"
"Building_WallT02_BDE_B_Name","Правая панель (камень и брус)","Панель из камня обрамленная балками правая 2x4"
"Building_WallT02_BDE_B_Desc","Правая панель из камня и бруса","Панель из камня обрамленная балками правая 2x4"
"Building_WallT02_AAE_B_Name","Стена из досок и бруса",""
"Building_WallAngleDownT02_ABE_A_Name","Треугольная стена (доски)",""
"Building_WallAngleDownT02_ABE_A_Desc","Обратная треугольная стена из досок 64°",""
"Building_WallAngleDownT02_ABE_C_Name","Треугольная стена (камень)",""
"Building_WallAngleDownT02_ABE_C_Desc","Обратная треугольная стена из камня 64°",""
"Building_WallAngleUPT02_ABE_C_Name","Треугольная стена (камень)",""
"Building_WallAngleUPT02_ABE_C_Desc","Треугольная стена из камня 64°",""
"Building_WallAngleUpT02_AAE_C_Name","Triangular Wall (Stone)",""
"Building_WallAngleUpT02_AAE_C_Desc","A triangular wall made of stone at 45°",""
"Building_WallAngleDownT02_AAE_C_Name","Triangular Wall (Stone)",""
"Building_WallAngleDownT02_AAE_C_Desc","A reverse triangular wall made of stone at 45°",""
"Building_WallAngleUpT02_BAE_C_Name","Triangular Wall (Stone)",""
"Building_WallAngleUpT02_BAE_C_Desc","A triangular wall made of stone at 26°",""
"Building_WallAngleDownT02_BAE_C_Name","Triangular Wall (Stone)",""
"Building_WallAngleDownT02_BAE_C_Desc","A reverse triangular wall made of stone at 26°",""
"Building_WallAngleUpT02_DAE_C_Name","Triangular Wall (Stone)",""
"Building_WallAngleUpT02_DAE_C_Desc","A triangular wall made of stone at 13°",""
"Building_WallAngleDownT02_DAE_C_Name","Triangular Wall (Stone)",""
"Building_WallAngleDownT02_DAE_C_Desc","A reverse triangular wall made of stone at 13°",""
"Building_WallAngleUpT02_DAE_A_Name","Triangular Wall (Planks)",""
"Building_WallAngleUpT02_DAE_A_Desc","A triangular wall made of planks at 13°",""
"Building_WallAngleDownT02_DAE_A_Name","Triangular Wall (Planks)",""
"Building_WallAngleDownT02_DAE_A_Desc","A reverse triangular wall made of planks at 13°",""
"Building_WallAngleUpT03_DAE_A_Name","Triangular Wall (Clay)",""
"Building_WallAngleUpT03_DAE_A_Desc","A triangular wall made of clay at 13°",""
"Building_WallAngleDownT03_DAE_A_Name","Triangular Wall (Clay)",""
"Building_WallAngleDownT03_DAE_A_Desc","A reverse triangular wall made of clay at 13°",""
"Building_WallAngleUpT01_DAE_D_Name","Triangular Wall (Leaves)",""
"Building_WallAngleUpT01_DAE_D_Desc","A triangular wall made of leaves at 13°",""
"Building_WallAngleDownT01_DAE_D_Name","Triangular Wall (Leaves)",""
"Building_WallAngleDownT01_DAE_D_Desc","A reverse triangular wall made of leaves at 13°",""
"Building_WallAngleUpT01_DAE_E_Name","Triangular Wall (Sticks)",""
"Building_WallAngleUpT01_DAE_E_Desc","A triangular wall made of sticks at 13°",""
"Building_WallAngleDownT01_DAE_E_Name","Triangular Wall (Sticks)",""
"Building_WallAngleDownT01_DAE_E_Desc","A reverse triangular wall made of sticks at 13°",""
"Building_WallAngleUpT01_DAE_F_Name","Triangular Wall (Bark)",""
"Building_WallAngleUpT01_DAE_F_Desc","A triangular wall made of bark at 13°",""
"Building_WallAngleDownT01_DAE_F_Name","Triangular Wall (Bark)",""
"Building_WallAngleDownT01_DAE_F_Desc","A reverse triangular wall made of bark at 13°",""
"Building_WallAngleUpT03_DAE_D_Name","Triangular Wall (Logs)",""
"Building_WallAngleUpT03_DAE_D_Desc","A triangular wall made of logs at 13°",""
"Building_WallAngleDownT03_DAE_D_Name","Triangular Wall (Logs)",""
"Building_WallAngleDownT03_DAE_D_Desc","A reverse triangular wall made of logs at 13°",""
"Building_WallAngleUpT03_ABE_D_Name","Triangular Wall (Logs)",""
"Building_WallAngleUpT03_ABE_D_Desc","A triangular wall made of logs at 64°",""
"Building_WallAngleDownT03_ABE_D_Name","Triangular Wall (Logs)",""
"Building_WallAngleDownT03_ABE_D_Desc","A reverse triangular wall made of logs at 64°",""
"Building_WallAngleUpT03_BAE_D_Name","Triangular Wall (Logs)",""
"Building_WallAngleUpT03_BAE_D_Desc","A triangular wall made of logs at 26°",""
"Building_WallAngleDownT03_BAE_D_Name","Triangular Wall (Logs)",""
"Building_WallAngleDownT03_BAE_D_Desc","A reverse triangular wall made of logs at 26°",""
"Building_WallAngleUpT03_AAE_D_Name","Triangular Wall (Logs)",""
"Building_WallAngleUpT03_AAE_D_Desc","A triangular wall made of logs at 45°",""
"Building_WallAngleDownT03_AAE_D_Name","Triangular Wall (Logs)",""
"Building_WallAngleDownT03_AAE_D_Desc","A reverse triangular wall made of logs at 45°",""
"Building_WallAngleUpT04_AAE_B_Name","Triangular Wall (Limestone)",""
"Building_WallAngleUpT04_AAE_B_Desc","A triangular wall made of limestone at 45°",""
"Building_WallAngleDownT04_AAE_B_Name","Triangular Wall (Limestone)",""
"Building_WallAngleDownT04_AAE_B_Desc","A reverse triangular wall made of limestone at 45°",""
"Building_WallAngleUpT04_ABE_B_Name","Triangular Wall (Limestone)",""
"Building_WallAngleUpT04_ABE_B_Desc","A triangular wall made of limestone at 64°",""
"Building_WallAngleDownT04_ABE_B_Name","Triangular Wall (Limestone)",""
"Building_WallAngleDownT04_ABE_B_Desc","A reverse triangular wall made of limestone at 64°",""
"Building_WallAngleUpT04_BAE_B_Name","Triangular Wall (Limestone)",""
"Building_WallAngleUpT04_BAE_B_Desc","A triangular wall made of limestone at 26°",""
"Building_WallAngleDownT04_BAE_B_Name","Triangular Wall (Limestone)",""
"Building_WallAngleDownT04_BAE_B_Desc","A reverse triangular wall made of limestone at 26°",""
"Building_WallAngleUpT04_DAE_B_Name","Triangular Wall (Limestone)",""
"Building_WallAngleUpT04_DAE_B_Desc","A triangular wall made of limestone at 13°",""
"Building_WallAngleDownT04_DAE_B_Name","Triangular Wall (Limestone)",""
"Building_WallAngleDownT04_DAE_B_Desc","A reverse triangular wall made of limestone at 13°",""
"Building_WallAngleUpT04_AAE_D_Name","Triangular Wall (Mahogany)",""
"Building_WallAngleUpT04_AAE_D_Desc","A triangular wall made of mahogany at 45°",""
"Building_WallAngleDownT04_AAE_D_Name","Triangular Wall (Mahogany)",""
"Building_WallAngleDownT04_AAE_D_Desc","A reverse triangular wall made of mahogany at 45°",""
"Building_WallAngleUpT04_ABE_D_Name","Triangular Wall (Mahogany)",""
"Building_WallAngleUpT04_ABE_D_Desc","A triangular wall made of mahogany at 64°",""
"Building_WallAngleDownT04_ABE_D_Name","Triangular Wall (Mahogany)",""
"Building_WallAngleDownT04_ABE_D_Desc","A reverse triangular wall made of mahogany at 64°",""
"Building_WallAngleUpT04_BAE_D_Name","Triangular Wall (Mahogany)",""
"Building_WallAngleUpT04_BAE_D_Desc","A triangular wall made of mahogany at 26°",""
"Building_WallAngleDownT04_BAE_D_Name","Triangular Wall (Mahogany)",""
"Building_WallAngleDownT04_BAE_D_Desc","A reverse triangular wall made of mahogany at 26°",""
"Building_WallAngleUpT04_DAE_D_Name","Triangular Wall (Mahogany)",""
"Building_WallAngleUpT04_DAE_D_Desc","A triangular wall made of mahogany at 13°",""
"Building_WallAngleDownT04_DAE_D_Name","Triangular Wall (Mahogany)",""
"Building_WallAngleDownT04_DAE_D_Desc","A reverse triangular wall made of mahogany at 13°",""
"Building_ArchT03_AAE_A_Name","Уголок (состаренный)",""
"Building_ArchT03_AAE_A_Desc","Состаренный уголок из бревен",""
"Building_BasementT03_BBB_A_Name","Фундамент (бревна)","Средний фундамент из бревен 2x2"
"Building_BasementT03_BBB_A_Desc","Фундамент из бревен","Средний фундамент из бревен 2x2"
"Building_BasementT02_BBB_B_Name","Фундамент (камень)","Средний фундамент из крупного камня 2x2"
"Building_BasementT02_BBB_B_Desc","Фундамент из крупного камня","Средний фундамент из крупного камня 2x2"
"Building_BasementT02_AAA_A_Name","Блок (камень)","Фундамент из мелкого камня 1x1"
"Building_BasementT02_AAA_A_Desc","Блок из мелкого камня","A block made of small stones. (Alt: Block of small stones.)"
"Building_BasementT02_AAA_B_Name","Блок (камень)","Фундамент из крупного камня 1x1"
"Building_BasementT02_AAA_B_Desc","Блок из крупного камня","Фундамент из крупного камня 1x1"
"Building_FloorT03_AEA_A_Name","Пол (бревна)",""
"Building_FloorT03_AEA_A_Desc","Пол из бревен",""
"Building_FloorT03_BAB_A_Name","Большой пол (бревна)",""
"Building_FloorT03_BAB_A_Desc","Большой пол из бревен",""
"Building_FloorT03_BEB_A_Name","Закругленный пол (бревна)","Закругленный пол из бревен 2x2"
"Building_FloorT03_BEB_A_Desc","Закругленный пол из бревен","Закругленный пол из бревен 2x2"
"Building_PillarT03_AAF_B_Name","Большая балка (состаренная)",""
"Building_PillarT03_AAF_B_Desc","Состаренная малая балка из бревна 45°",""
"Building_PillarT03_AAG_A_Name","Балка (состаренная)",""
"Building_PillarT03_AAG_A_Desc","Состаренная балка из прутьев 45°",""
"Building_PillarT03_ABF_B_Name","Большая балка (состаренная)",""
"Building_PillarT03_ABF_B_Desc","Состаренная балка из бревна 64°",""
"Building_PillarT03_ABG_A_Name","Балка (состаренная)",""
"Building_PillarT03_ABG_A_Desc","Состаренная балка из прутьев 64°",""
"Building_PillarT03_AFF_B_Name","Большая балка (состаренная)",""
"Building_PillarT03_AFF_B_Desc","Состаренная горизонтальная балка из бревна",""
"Building_PillarT03_AGG_A_Name","Балка (состаренная)",""
"Building_PillarT03_AGG_A_Desc","Состаренная балка из прутьев",""
"Building_PillarT03_BAF_B_Name","Большая балка (состаренная)",""
"Building_PillarT03_BAF_B_Desc","Состаренная балка из прутьев 26°",""
"Building_PillarT03_BAG_A_Name","Балка (состаренная)",""
"Building_PillarT03_BAG_A_Desc","Состаренная малая балка из прутьев 26°",""
"Building_PillarT03_FAF_B_Name","Большой столб (состаренный)",""
"Building_PillarT03_FAF_B_Desc","Большой состаренный столб из бревна",""
"Building_PillarT03_GAG_A_Name","Столб (состаренный)",""
"Building_PillarT03_GAG_A_Desc","Состаренный столб из прутьев",""
"Building_RailingsStairsT03_AAB_A_Name","Состаренные перила (прутья)",""
"Building_RailingsStairsT03_AAB_A_Desc","Древние перила для лестницы из прутьев 26°",""
"Building_StairsT03_AAA_A_Name","Состаренная лестница (бревна)",""
"Building_StairsT03_AAA_A_Desc","Состаренная лестница из бревен 45°",""
"Building_StairsT03_AAB_A_Name","Состаренная лестница (бревна)",""
"Building_StairsT03_AAB_A_Desc","Состаренная лестница из бревен 26°",""
"Building_StairsT02_AAB_A_Name","Лестница (доски)",""
"Building_StairsT02_AAB_A_Desc","Лестница из досок 26°",""
"Building_StairsT02_AAA_A_Name","Лестница (камень)",""
"Building_StairsT02_AAA_A_Desc","Лестница из камня 45°",""
"Building_StairsCornerUpT02_AAA_A_Name","Уголок лестницы (камень)",""
"Building_StairsCornerUpT02_AAA_A_Desc","Уголок лестницы из камня 45°",""
"Building_StairsCornerDownT02_AAA_A_Name","Уголок лестницы (камень)",""
"Building_StairsCornerDownT02_AAA_A_Desc","Обратный уголок лестницы из камня 45°",""
"Building_WallT03_AAE_A_Name","Стена (глина)",""
"Building_WallT03_AAE_A_Desc","Стена из глины",""
"Building_WallT03_BBE_A_Name","Большая стена (глина)",""
"Building_WallT03_BBE_A_Desc","Большая стена из глины",""
"Building_WallAngleUpT03_BAE_A_Name","Треугольная стена (глина)","Треугольная стена из глины 26° 2x1"
"Building_WallAngleUpT03_BAE_A_Desc","Треугольная стена из глины 26°","Треугольная стена из глины 26° 2x1"
"Building_WallAngleUpT03_AAE_A_Name","Треугольная стена (глина)","Треугольная стена из глины 45° 1x1"
"Building_WallAngleUpT03_AAE_A_Desc","Треугольная стена из глины 45°","Треугольная стена из глины 45° 1x1"
"Building_WallAngleUpT03_ABE_A_Name","Треугольная стена (глина)","Треугольная стена из глины 64° 1x2"
"Building_WallAngleUpT03_ABE_A_Desc","Треугольная стена из глины 64°","Треугольная стена из глины 64° 1x2"
"Building_WallAngleDownT03_BAE_A_Name","Треугольная стена (глина)","Обратная треугольная стена из глины 26° 2x1"
"Building_WallAngleDownT03_BAE_A_Desc","Обратная треугольная стена из глины 26°","Обратная треугольная стена из глины 26° 2x1"
"Building_WallAngleDownT03_AAE_A_Name","Треугольная стена (глина)","Обратная треугольная стена из глины 45° 1x1"
"Building_WallAngleDownT03_AAE_A_Desc","Обратная треугольная стена из глины 45°","Обратная треугольная стена из глины 45° 1x1"
"Building_WallAngleDownT03_ABE_A_Name","Треугольная стена (глина)","Обратная треугольная стена из глины 64° 1x2"
"Building_WallAngleDownT03_ABE_A_Desc","Обратная треугольная стена из глины 64°","Обратная треугольная стена из глины 64° 1x2"
"Building_WallT03_AAE_B_Name","Стена (глина и бревна)",""
"Building_WallT03_AAE_B_Desc","Стена из глины и бревен",""
"Building_WallT03_AAE_C_Name","Стена (глина и бревна)",""
"Building_WallT03_AAE_C_Desc","Осыпавшаяся стена из глины и бревен",""
"Building_WallT03_AAE_D_Name","Стена (бревна)",""
"Building_WallT03_AAE_D_Desc","Стена из бревен",""
"Building_WallT03_BBE_B_Name","Большая стена (глина и бревна)",""
"Building_WallT03_BBE_B_Desc","Большая стена из глины и бревен",""
"Building_WallT03_BBE_C_Name","Большая стена (глина и бревна)",""
"Building_WallT03_BBE_C_Desc","Большая осыпавшаяся стена из глины и бревен",""
"Building_WallT03_BBE_D_Name","Большая стена (бревна)",""
"Building_WallT03_BBE_D_Desc","Большая стена из бревен",""
"Building_WallT03_BAB_A_Name","Полукруглая стена (глина)","Полукруглая стена из глины 2x2"
"Building_WallT03_BAB_A_Desc","Осыпавшаяся полукруглая стена из глины","Полукруглая стена из глины 2x2"
"Building_RoofT03_AAB_A_Name","Крыша (камыш)",""
"Building_RoofT03_AAB_A_Desc","Крыша из камыша 26°",""
"Building_RoofT03_BAB_A_Name","Большая крыша (камыш)",""
"Building_RoofT03_BAB_A_Desc","Большая крыша из камыша 26°",""
"Building_FenceT03_AAE_A_Name","Забор (прутья)","Забор из болотных веток 1x1"
"Building_FenceT03_AAE_A_Desc","Забор из прутьев","Забор из болотных веток 1x1"
"Building_RoofCornerUpT03_BDB_B_Name","Угловая крыша (камыш)",""
"Building_RoofCornerUpT03_BDB_B_Desc","Большая угловая крыша из камыша 64°",""
"Building_RoofCapFrontonT03_DDD_A_Name","Большой фронтон (камыш)",""
"Building_RoofCapFrontonT03_DDD_A_Desc","Большой фронтон из камыша 26°",""
"Building_RoofCornerUpT03_BDB_C_Name","Угловая крыша (камыш)",""
"Building_RoofCornerUpT03_BDB_C_Desc","Большая угловая закругленная крыша из камыша 64°",""
"Building_RoofCornerUpT03_DBD_A_Name","Большая угловая крыша (камыш)","Угловая крыша из камыша в четверть круга 26°"
"Building_RoofCornerUpT03_DBD_A_Desc","Большая угловая крыша из камыша 26°","Угловая крыша из камыша в четверть круга 26°"
"Building_RoofCornerUpT03_BAB_B_Name","Угловая крыша (камыш)",""
"Building_RoofCornerUpT03_BAB_B_Desc","Угловая закругленная крыша из камыша 26°",""
"Building_RoofCornerUpT03_BAB_A_Name","Угловая крыша (камыш)",""
"Building_RoofCornerUpT03_BAB_A_Desc","Угловая крыша из камыша 26°",""
"Building_RoofCornerUpT03_ABA_A_Name","Угловая крыша (камыш)",""
"Building_RoofCornerUpT03_ABA_A_Desc","Угловая крыша из камыша 64°",""
"Building_RoofCornerDownT03_ABA_A_Name","Угловая крыша (камыш)",""
"Building_RoofCornerDownT03_ABA_A_Desc","Обратная угловая крыша из камыша 64°",""
"Building_RoofT03_ABA_A_Name","Крыша (камыш)",""
"Building_RoofT03_ABA_A_Desc","Крыша из камыша 64°",""
"Building_RoofT03_BBA_A_Name","Большая крыша (камыш)",""
"Building_RoofT03_BBA_A_Desc","Большая крыша из камыша 64°",""
"Building_PillarT03_DFF_B_Name","Балка настенная (глина)",""
"Building_PillarT03_DFF_B_Desc","Малая балка для стены из глины",""
"Building_PillarT02_DFF_B_Name","Балка настенная (доски)",""
"Building_PillarT02_DFF_B_Desc","Малая балка для стены из досок",""
"Building_RoofCapT03_ABA_A_Name","Конёк крыши (камыш)","Конёк крыши из камыша 64° (1x2)"
"Building_RoofCapT03_ABA_A_Desc","Конёк крыши из камыша 64°","Конёк крыши из камыша 64° (1x2)"
"Building_RoofCapT03_AEA_A_Name","Конёк крыши (камыш)","Конёк крыши из камыша 26° (1x1)"
"Building_RoofCapT03_AEA_A_Desc","Конёк крыши из камыша 26°","Конёк крыши из камыша 26° (1x1)"
"Building_BuildingCenter_Name","Bonfire","Большой костер - Центр поселения"
"Building_BuildingCenter_Descriptions","This is the heart of your settlement—without it, most workbenches and crafting stations won’t function.\r\n\r\nThis is the place where you can rest and get Rested effect that improves your Stamina Recovery Rate\r\n\r\nComfort +1",""
"Building_POI_Floor","Элемент POI","DEV ONLY"
"Building_FloorT01_AEA_A1_Name","NOT USEDFloors",""
"Farming_Ficus_Name","Саженец фикуса",""
"Farming_HealingHerbs_Name","Саженец целебных трав",""
"Farming_Palm_Name","Саженец пальмы",""
"Farming_Yucca_Name","Саженец юкки",""
"Farming_Palm_Description","Растет только на земле",""
"Farming_Ficus_Description","Растет только на земле",""
"Farming_Mancinella_Description","Растет только на земле",""
"Farming_Yucca_Description","Растет только на земле",""
"Farming_HealingHerbs_Description","Растет только на грядке\r\n\r\nУрожай - целебные травы, семя целебной травы",""
"Farming_BushBanana_Name","Саженец банана",""
"Farming_BlackBean_Name","Саженец фасоли",""
"Farming_Bromalia_Name","Саженец бромелии",""
"Farming_BushLeek_Name","Саженец лука-порея",""
"Farming_BushPepper_Name","Саженец перца",""
"Farming_BushPotato_Name","Саженец батата",""
"Farming_BushTomato_Name","Саженец томата",""
"Farming_LimeTree_Name","Саженец лайма",""
"Farming_BushAloe_Name","Саженец алоэ",""
"Farming_BushMancinella_Name","Саженец куста",""
"Farming_BlackBean_Description","Растет только на грядке\r\n\r\nУрожай - фасоль, семя фасоли",""
"Farming_Bromelia_Description","Растет только на грядке\r\n\r\nУрожай - бромелия, семя бромелии",""
"Farming_Leek_Description","Растет только на грядке\r\n\r\nУрожай - лука-порей, семя лука-порея",""
"Farming_Pepper_Description","Растет только на грядке\r\n\r\nУрожай - перец, семя перца",""
"Farming_Potato_Description","Растет только на грядке\r\n\r\nУрожай - батат, семя батата",""
"Farming_Tomato_Description","Растет только на грядке\r\n\r\nУрожай - томат, семя томата",""
"Farming_Banana_Description","Растет только на земле\r\n\r\nУрожай - банан, семя банана",""
"Farming_LimeTree_Description","Растет только на земле\r\n\r\nУрожай - лайм, семя лайма",""
"Farming_Aloe_Description","Растет только на грядке\r\n\r\nУрожай - алоэ, семя алоэ",""
"BuildingCategory_Building_Name","Building",""
"BuildingCategory_Basement_Name","Foundations",""
"BuildingCategory_Pier_Name","Pier",""
"BuildingCategory_Floor_Name","Floors",""
"BuildingCategory_Wall_Name","Walls",""
"BuildingCategory_Roof_Name","Roofs",""
"BuildingCategory_Pillar_Name","Pillars",""
"BuildingCategory_Stair_Name","Stairs",""
"BuildingCategory_Window_Name","Windows",""
"BuildingCategory_Door_Name","Doors",""
"Craftstations_Jewellery_Name","Jewelry",""
"Craftstations_Equipment_Name","Armor and Clothes",""
"Craftstations_Blacksmith_Name","Personal weapons and Ship fittings",""
"Craftstations_Employee_Name","Merchants",""
"Craftstations_Enchanting_Name","Enchanting",""
"BuildingCategory_Devonly_Name","Devonly",""
"Decorations_Lamp_03_Name","Подсвечник длинный",""
"Decorations_Lamp_04_Name","Подсвечник короткий",""
"Decorations_Lamp_05_Name","Прямоугольный светильник",""
"Decorations_Lamp_06_Name","Цилиндрический светильник",""
"Decorations_TorchT02_01_Name","Светильник напольный",""
"Decorations_TorchT02_02_Name","Светильник напольный",""
"Decorations_DecorBooksT02_01_Name","Книга",""
"Decorations_DecorBooksT02_02_Name","Стопка книг",""
"Decorations_DecorBooksT02_03_Name","Стопка книг",""
"Decorations_DecorBooksT02_04_Name","Ряд книг",""
"Decorations_DecorBooksT02_05_Name","Открытая книга",""
"Decorations_DecorScrollT02_01_Name","Свитки",""
"Decorations_DecorScrollT02_02_Name","Раскрытый свиток",""
"Decorations_DecorIronCage_01_Name","Металлическая клетка",""
"Decorations_DecorBoxBottles_01_Name","Ящик с бутылками",""
"Decorations_DecorFruitBasket_01_Name","Корзина с перцами",""
"Decorations_DecorFruitBasket_02_Name","Корзина с кукурузой",""
"Decorations_DecorClayDishes_01_Name","Подставка с травами",""
"Decorations_DecorClayDishes_01_Description","Сохранит напитки холодными даже в самый жаркий полдень\r\n\r\nРаботает только в радиусе действия Bonfire\r\n\r\nКомфорт +1\r\nБонусы комфорта в категории не суммируются",""
"Decorations_DecorClayDishes_01_Description_2","Глиняный кувшин обмотанный тряпками. Сохранит напитки холодными даже в самый жаркий полдень\r\n\r\nРаботает только в радиусе действия Bonfire\r\n\r\nКомфорт +1\r\nБонусы комфорта в категории не суммируются",""
"Decorations_DecorClayDishes_01_Description_3","Пузатый глиняный кувшин. Сохранит напитки холодными даже в самый жаркий полдень\r\n\r\nРаботает только в радиусе действия Bonfire\r\n\r\nКомфорт +1\r\nБонусы комфорта в категории не суммируются",""
"Decorations_DecorDishes_01_Name","Стопка посуды",""
"Decorations_DishesBasin_01_Name","Железный таз",""
"Decorations_DishesCup_01_Name","Железная кружка",""
"Decorations_DishesCup_02_Name","Железная кружка",""
"Decorations_DishesFork_01_Name","Железная вилка",""
"Decorations_DishesGoblet_01_Name","Железный кубок",""
"Decorations_DishesGoblet_02_Name","Железный кубок",""
"Decorations_DishesGoblet_03_Name","Железный кубок",""
"Decorations_DishesGoblet_04_Name","Железный кубок",""
"Decorations_DishesGoblet_05_Name","Железный кубок",""
"Decorations_DishesJug_01_Name","Железный кувшин",""
"Decorations_DishesJug_02_Name","Железный кувшин",""
"Decorations_DishesKettle_01_Name","Железный котелок",""
"Decorations_DishesKnife_01_Name","Железный нож",""
"Decorations_DishesPan_01_Name","Железная сковорода",""
"Decorations_DishesPlate_01_Name","Железная тарелка",""
"Decorations_DishesPlate_02_Name","Железная суповая тарелка",""
"Decorations_DishesPlate_03_Name","Железная миска",""
"Decorations_DishesPlate_04_Name","Железная десертная тарелка",""
"Decorations_DishesPot_01_Name","Железная кастрюля",""
"Decorations_DishesSpoon_01_Name","Железная ложка",""
"Decorations_DishesTray_01_Name","Железный поднос",""
"Decorations_DishesTray_02_Name","Железный поднос",""
"Decorations_DecorDishes_01_Descriptions","Сделанная вручную посуда из дерева\r\n\r\nРаботает только в радиусе действия Bonfire\r\n\r\nКомфорт +1\r\nБонусы комфорта в категории не суммируются",""
"Decorations_DecorIronDishes_01_Descriptions","Добротная посуда из железа\r\n\r\nРаботает только в радиусе действия Bonfire\r\n\r\nКомфорт +1\r\nБонусы комфорта в категории не суммируются",""
"Decorations_Misc_Descriptions","Предметы, которые когда-то были нужны, а теперь лишь собирают пыль\r\n\r\nРаботает только в радиусе действия Bonfire\r\n\r\nКомфорт +1\r\nБонусы комфорта в категории не суммируются",""
"Decorations_Misc_T02_Descriptions","Клетка для попугая без попугая. Значит, либо птица умная, либо капитан слишком добрый.\r\n\r\nРаботает только в радиусе действия Bonfire\r\n\r\nКомфорт +1\r\nБонусы комфорта в категории не суммируются",""
"Decorations_Kitchen_Descriptions","Заготовки, сохранившие в себе тепло солнечных дней и аромат спелых плодов\r\n\r\nРаботает только в радиусе действия Bonfire\r\n\r\nКомфорт +1\r\nБонусы комфорта в категории не суммируются",""
"Decorations_Kitchen_Wall_Descriptions","Заготовки, сохранившие в себе тепло солнечных дней и аромат спелых плодов\r\n\r\nУстанавливается на стену\r\nРаботает только в радиусе действия Bonfire\r\n\r\nКомфорт +1\r\nБонусы комфорта в категории не суммируются",""
"Decorations_Supplies_Descriptions","Cтратегический запас на случай шторма или осады\r\n\r\nРаботает только в радиусе действия Bonfire\r\n\r\nКомфорт +1\r\nБонусы комфорта в категории не суммируются",""
"Decorations_Supplies_Corn_Descriptions","Cтратегический запас на случай шторма или осады\r\n\r\nРаботает только в радиусе действия Bonfire\r\n\r\nКомфорт +1\r\nБонусы комфорта в категории не суммируются",""
"Decorations_Books_Descriptions","Томы потрёпанных страниц, испещрённые записями о штормах, координатах и сомнительных сделках\r\n\r\nРаботает только в радиусе действия Bonfire\r\n\r\nКомфорт +1\r\nБонусы комфорта в категории не суммируются",""
"Decorations_Books_Open_Descriptions","Список награбленного, с пометками «продано», «утонуло» и «прикарманено»\r\n\r\nРаботает только в радиусе действия Bonfire\r\n\r\nКомфорт +1\r\nБонусы комфорта в категории не суммируются",""
"Decorations_Books_Scroll_Descriptions","Свитки с бессмысленными символами, скрывающие маршрут нелегального груза\r\n\r\nРаботает только в радиусе действия Bonfire\r\n\r\nКомфорт +1\r\nБонусы комфорта в категории не суммируются",""
"Decorations_Books_Single_Descriptions","Практическое руководство по навигации с примечаниями по типу: \""Если видишь рифы - это плохо. Если не видишь - ещё хуже\""\r\n\r\nРаботает только в радиусе действия Bonfire\r\n\r\nКомфорт +1\r\nБонусы комфорта в категории не суммируются",""
"Decorations_Books_ScrollSingle_Descriptions","Кажется, здесь изображен механизм, но половина схемы залита чернилами. Внизу подпись: \""В случае поломки делайте вид, что так и задумано\""\r\n\r\nРаботает только в радиусе действия Bonfire\r\n\r\nКомфорт +1\r\nБонусы комфорта в категории не суммируются",""
"Decorations_DecorBarrel_03_Name","Винные бочки",""
"Decorations_DecorBarrel_02_Name","Большая рыболовная бочка",""
"Decorations_DecorBarrel_01_Name","Рыболовная бочка",""
"Decorations_DecorWall_01_Name","Заготовка трав",""
"Decorations_DecorWall_02_Name","Заготовка овощей",""
"Decorations_Crate_Name","Ящик",""
"Decorations_Spyglass_Name","Spyglass",""
"Decorations_SpyglassSNF_Name","Spyglass SNF",""
"Decorations_Spyglass_Descriptions","They say a good captain spots the storm before the winds dare to shift.\r\n\r\nWorks only within the Bonfire range\r\n\r\nComfort +1\r\nComfort bonuses in this category do not stack",""
"Decorations_SpyglassSNF_Descriptions","This spyglass shines because of you. Thank you for sailing these seas before anyone else.\r\n\r\nWorks only within the Bonfire range\r\n\r\nComfort +1\r\nComfort bonuses in this category do not stack",""
"BuildingCategory_Fortification_Name","Fortification",""
"BuildingCategory_Fence_Name","Fence",""
"BuildingCategory_Fort&Pier_Name","Fence & Pier",""
"BuildingCategory_BigWall_Name","Walls: Square Bits",""
"BuildingCategory_BigRoof_Name","Large roofs",""
"BuildingCategory_BigFloor_Name","Large floors",""
"BuildingBrush_HouseBed_01_Name","Палатка",""
"BuildingBrush_House_02_Name","Хижина",""
"BuildingBrush_House_03_Name","Каркас хижины",""
"BuildingBrush_Mud_01_Name","Mire Lodge",""
"BuildingBrush_Stone_01_Name","Humble Residence",""
"BuildingBrush_Wood_01_Name","Sturdy House",""
"BuildingBrush_Warehouse_Small_01_Name","Warehouse",""
"Craftstation_ScrewPressT04_Name","Пресс",""
"Craftstation_ScrewPressT04_Description","Давить не передавить",""
"Craftstation_FermentationBarrelT04_Name","Бочка для брожения",""
"Craftstation_FermentationBarrelT04_Description","Бродить не перебродить",""
"BuildingCategory_Name_OrnamentalGardens","Garden",""
"BuildingCategory_Name_Fountains","Fountains",""
"BuildingCategory_Name_Curtains","Curtains",""
"Decorations_DecorUrnFlower_01_Name","Вазон с цветами",""
"Decoration_Garden_T04_FlowerUrn_Description_1","Малый прямоугольный вазон с цветами.\r\nЖивые краски сада, собранные в аккуратные вазоны.\r\n\r\nРаботает только в радиусе действия Bonfire\r\n\r\nКомфорт +1 \r\nБонусы комфорта в категории не суммируются",""
"Decoration_Garden_T04_FlowerUrn_Description","Живые краски сада, собранные в аккуратные вазоны.\r\n\r\nРаботает только в радиусе действия Bonfire\r\n\r\nКомфорт +1 \r\nБонусы комфорта в категории не суммируются",""
"Decorations_DecorUrnFlower_02_Name","Вазон с цветами",""
"Decoration_Garden_T04_FlowerUrn_Description_2","Большой прямоугольный вазон с цветами.\r\nЖивые краски сада, собранные в аккуратные вазоны.\r\n\r\nРаботает только в радиусе действия Bonfire\r\n\r\nКомфорт +1 \r\nБонусы комфорта в категории не суммируются",""
"Decorations_DecorUrnFlower_03_Name","Вазон с растением",""
"Decorations_DecorUrnFlower_03_Desc","Круглый вазон с цветами.\r\nЖивые краски сада, собранные в аккуратные вазоны.\r\n\r\nРаботает только в радиусе действия Bonfire\r\n\r\nКомфорт +1 \r\nБонусы комфорта в категории не суммируются",""
"Decorations_DecorUrnFlower_04_Name","Вазон с растением",""
"Decorations_DecorUrnFlower_04_Desc","Большой круглый вазон с растением.\r\nЖивые краски сада, собранные в аккуратные вазоны.\r\n\r\nРаботает только в радиусе действия Bonfire\r\n\r\nКомфорт +1 \r\nБонусы комфорта в категории не суммируются",""
"Decorations_DecorUrnFlower_05_Name","Вазон с цветами",""
"Decorations_DecorUrnFlower_05_Desc","Большой круглый вазон на постаменте с цветами.\r\nЖивые краски сада, собранные в аккуратные вазоны.\r\n\r\nРаботает только в радиусе действия Bonfire\r\n\r\nКомфорт +1 \r\nБонусы комфорта в категории не суммируются",""
"Decorations_DecorUrnFlower_06_Name","Вазон с растением",""
"Decorations_DecorUrnFlower_06_Desc","Низкий круглый вазон с растением.\r\nЖивые краски сада, собранные в аккуратные вазоны.\r\n\r\nРаботает только в радиусе действия Bonfire\r\n\r\nКомфорт +1 \r\nБонусы комфорта в категории не суммируются",""
"Decorations_DecorUrnFlower_07_Name","Вазон с растением",""
"Decorations_DecorUrnFlower_07_Desc","Круглый вазон с растением.\r\nЖивые краски сада, собранные в аккуратные вазоны.\r\n\r\nРаботает только в радиусе действия Bonfire\r\n\r\nКомфорт +1 \r\nБонусы комфорта в категории не суммируются",""
"Decorations_DecorUrnFlower_08_Name","Большой вазон",""
"Decorations_DecorUrnFlower_08_Desc","Большой круглый вазон с цветами.\r\nЖивые краски сада, собранные в аккуратные вазоны.\r\n\r\nРаботает только в радиусе действия Bonfire\r\n\r\nКомфорт +1 \r\nБонусы комфорта в категории не суммируются",""
"Decorations_DecorUrnFlower_09_Name","Большой вазон",""
"Decorations_DecorUrnFlower_09_Desc","Большой круглый вазон с растением.\r\nЖивые краски сада, собранные в аккуратные вазоны.\r\n\r\nРаботает только в радиусе действия Bonfire\r\n\r\nКомфорт +1 \r\nБонусы комфорта в категории не суммируются",""
"Decorations_DecorUrnFlower_10_Name","Вазон с растением",""
"Decorations_DecorUrnFlower_10_Desc","Круглый высокий вазон на постаменте с растением.\r\nЖивые краски сада, собранные в аккуратные вазоны.\r\n\r\nРаботает только в радиусе действия Bonfire\r\n\r\nКомфорт +1 \r\nБонусы комфорта в категории не суммируются",""
"Decorations_DecorUrnFlower_11_Name","Вазон с растением",""
"Decorations_DecorUrnFlower_11_Desc","Круглый вазон на постаменте с растением.\r\nЖивые краски сада, собранные в аккуратные вазоны.\r\n\r\nРаботает только в радиусе действия Bonfire\r\n\r\nКомфорт +1 \r\nБонусы комфорта в категории не суммируются",""
"Decorations_GardenFountain_01_Name","Фонтанчик",""
"Decorations_GardenFountain_02_Name","Фонтан",""
"Decorations_GardenFountain_03_Name","Большой фонтан",""
"Decorations_Paintings_CoastJungle_01_Name","Пейзаж",""
"Decorations_Paintings_CoastJungle_02_Name","Пейзаж",""
"Decorations_Paintings_CoastJungle_03_Name","Пейзаж",""
"Decorations_Paintings_CoastJungle_04_Name","Пейзаж",""
"Decorations_Paintings_CoastJungle_05_Name","Пейзаж",""
"BuildingCategory_Name_Curtain","Curtains",""
"BuildingCategory_Name_Locker","Locker",""
"BuildingCategory_Carpet_Name","Carpets",""
"Building_ArchT04_BBF_A_Name","Полуарка (штукатурка)",""
"Building_ArchT04_BBF_A_Desc","Оштукатуренная полуарка",""
"Building_ArchT04_BBF_B_Name","Полуарка (камень)",""
"Building_ArchT04_BBF_B_Desc","Полуарка из камня",""
"Building_ArchT04_BCF_A_Name","Проем (камень)",""
"Building_ArchT04_BCF_A_Desc","Каменный проем",""
"Building_ArchT04_CBF_A_Name","Арка (штукатурка)",""
"Building_ArchT04_CBF_A_Desc","Оштукатуренная арка",""
"Building_ArchT04_CCF_A_Name","Большая арка (штукатурка)",""
"Building_ArchT04_CCF_A_Desc","Большая оштукатуренная арка",""
"Building_ArchT04_LCF_A_Name","Высокая арка (штукатурка)",""
"Building_ArchT04_LCF_A_Desc","Высокая оштукатуренная арка",""
"Building_BalconyPillarT04_EAE_C_Name","Столб (кр. дерево)",""
"Building_BalconyPillarT04_EAE_C_Desc","Резной столб из красного дерева",""
"Building_FencellT04_AAA_B_Name","Угловые перила (камень)",""
"Building_FencellT04_AAA_B_Desc","Каменный угловой элемент перил",""
"Building_FenceT04_AAA_E_Name","Угловые перила (кр. дерево)",""
"Building_FenceT04_AAA_E_Desc","Деревянный угловой элемент перил из красного дерева",""
"Building__CorniceT04_AAE_B_Name","Карниз (керамика)",""
"Building__CorniceT04_AAE_B_Desc","Фасадный карниз из керамики",""
"Building_DoorWayT04_BCE_A_Name","Дверь",""
"Building_DoorWayT04_BCE_A_Desc","Дверь с каменным проемом",""
"Building_DoorWayT04_BDE_A_Name","Дверь",""
"Building_DoorWayT04_BDE_A_Desc","Высокая филенчатая дверь",""
"Building_DoorWayT04_BDE_B_Name","Арочная дверь",""
"Building_DoorWayT04_BDE_B_Desc","Высокая арочная дверь с каменным проемом и штукатуркой",""
"Building_DoorWayT04_BDE_D_Name","Дверь",""
"Building_DoorWayT04_BDE_D_Desc","Высокая филенчатая дверь с каменным проемом",""
"Building_DoorWayT04_CCE_A_Name","Двойная дверь",""
"Building_DoorWayT04_CCE_A_Desc","Большая двойная полуарочная дверь со штукатуркой",""
"Building_DoorWayT04_CCE_B_Name","Двойная дверь",""
"Building_DoorWayT04_CCE_B_Desc","Изящная двойная полуарочная дверь со штукатуркой",""
"Building_DoorWayT04_CLE_B_Name","Большая двойная дверь",""
"Building_DoorWayT04_CLE_B_Desc","Огромная двойная полуарочная дверь с витражом и штукатуркой",""
"Building_DoorWayT04_CLE_C_Name","Большая двойная дверь",""
"Building_DoorWayT04_CLE_C_Desc","Огромная двойная полуарочная дверь со штукатуркой",""
"Building_DoorWayT04_DLE_A_Name","Большая двойная дверь",""
"Building_DoorWayT04_DLE_A_Desc","Большая изящная двойная полуарочная дверь со штукатуркой",""
"Building_FenceT04_AAE_B_Name","Перила (камень)",""
"Building_FenceT04_AAE_B_Desc","Каменные перила",""
"Building_FenceT04_AAE_C_Name","Элемент фасада (штукатурка)",""
"Building_FenceT04_AAE_C_Desc","Оштукатуренный элемент фасада с черепицей",""
"Building_FenceT04_AAE_E_Name","Перила (кр. дерево)",""
"Building_FenceT04_AAE_E_Desc","Деревянные перила из красного дерева",""
"Building_FenceT04_EAE_B_Name","Балясина (камень)",""
"Building_FenceT04_EAE_B_Desc","Каменная балясина",""
"Building_FenceT04_EAE_E_Name","Балясина (кр. дерево)",""
"Building_FenceT04_EAE_E_Desc","Балясина из красного дерева",""
"Building_FloorT04_AEA_B_Name","Пол (кр. дерево)",""
"Building_FloorT04_AEA_B_Desc","Пол из красного дерева",""
"Building_FloorT04_AEA_C_Name","Пол из камня",""
"Building_FloorT04_AEA_C_Desc","Пол из камня",""
"Building_FloorT04_AEA_D_Name","Пол (мрамор)",""
"Building_FloorT04_AEA_D_Desc","Пол из мрамора",""
"Building_FloorT04_BAB_B_Name","Большой пол (кр. дерево)",""
"Building_FloorT04_BAB_B_Desc","Большой пол из красного дерева",""
"Building_FloorT04_BAB_D_Name","Большой пол (мрамор)",""
"Building_FloorT04_BAB_D_Desc","Большой пол из мрамора",""
"Building_PillarDownT04_AEA_A_Name","Основание коллоны (камень)",""
"Building_PillarDownT04_AEA_A_Desc","Каменная колонна с основанием",""
"Building_PillarDownT04_AEA_C_Name","Основание колонны (кр. дерево)",""
"Building_PillarDownT04_AEA_C_Desc","Столб с основанием из красного дерева",""
"Building_PillarT04_AFF_A_Name","Большая балка (кр. дерево)",""
"Building_PillarT04_AFF_A_Desc","Большая горизонтальная балка из красного дерева",""
"Building_PillarT04_AGG_A_Name","Балка (кр. дерево)",""
"Building_PillarT04_AGG_A_Desc","Горизонтальная балка из красного дерева",""
"Building_PillarT04_FAF_A_Name","Столб (камень)",""
"Building_PillarT04_FAF_A_Desc","Столб из прямоугольного камня",""
"Building_PillarT04_FAF_B_Name","Cтолб (штукатурка)",""
"Building_PillarT04_FAF_B_Desc","Оштукатуренный столб",""
"Building_PillarT04_FAF_E_Name","Колонна (камень)",""
"Building_PillarT04_FAF_E_Desc","Каменная колонна",""
"Building_PillarT04_FAF_C_Name","Колонна (кр. дерево)",""
"Building_PillarT04_FAF_C_Desc","Столб-колонна из красного дерева",""
"Building_PillarUpT04_AEA_A_Name","Капитель (камень)",""
"Building_PillarUpT04_AEA_A_Desc","Каменная колонна с капителью",""
"Building_PillarUpT04_AEA_C_Name","Капитель (кр. дерево)",""
"Building_PillarUpT04_AEA_C_Desc","Столб с капителью из крассного дерева",""
"Building_RailingsStairsT04_AAA_A_Name","Перила (кр.дерево)",""
"Building_RailingsStairsT04_AAA_A_Desc","Перила из красного дерева для лестниц 45°",""
"Building_RailingsStairsT04_AAB_A_Name","Перила (кр. дерево)",""
"Building_RailingsStairsT04_AAB_A_Desc","Перила из красного дерева для лестниц 26°",""
"Building_RailingsStairsPier_01_Name","Канатные перила",""
"Building_RailingsStairsPier_01_Desc","Канатное ограждение для пирсовых лестниц",""
"Building_RoofCapFrontonT04_FEA_A_Name","Конек крыши (черепица)",""
"Building_RoofCapFrontonT04_FEA_A_Desc","Маленький конек крыши из черепицы 26°",""
"Building_RoofCapFrontonT04_FEB_A_Name","Конек крыши (черепица)",""
"Building_RoofCapFrontonT04_FEB_A_Desc","Длинный конек крыши из черепицы 26°",""
"Building_RoofCapT04_AEA_A_Name","Конек крыши (черепица)",""
"Building_RoofCapT04_AEA_A_Desc","Конек крыши из черепицы 26°",""
"Building_RoofCapT04_AEB_A_A_Name","Конек крыши (черепица)",""
"Building_RoofCapT04_AEB_A_A_Desc","Длинный конек крыши из черепицы 26°",""
"Building_RoofCornerDownT04_BAB_A_Name","Угловая крыша (черепица)",""
"Building_RoofCornerDownT04_BAB_A_Desc","Обратная угловая крыша из черепицы 26°",""
"Building_RoofCornerDownT04_DAD_A_Name","Угловая крыша (черепица)",""
"Building_RoofCornerDownT04_DAD_A_Desc","Обратная угловая крыша из черепицы 13°",""
"Building_RoofCornerUpT04_BAB_A_Name","Угловая крыша (черепица)",""
"Building_RoofCornerUpT04_BAB_A_Desc","Угловая крыша из черепицы 26°",""
"Building_RoofCornerUpT04_DAD_A_Name","Угловая крыша (черепица)",""
"Building_RoofCornerUpT04_DAD_A_Desc","Угловая крыша из черепицы 13°",""
"Building_RoofFrontonLT04_FAB_A_Name","Левый фронтон (черепица)",""
"Building_RoofFrontonLT04_FAB_A_Desc","Замыкающий левый фронтон из черепицы 26°",""
"Building_RoofFrontonRT04_FAB_A_A_Name","Правый фронтон (черепица)",""
"Building_RoofFrontonRT04_FAB_A_A_Desc","Замыкающий правый фронтон из черепицы 26°",""
"Building_RoofFrontonT04_AAA_A_Name","Фасадный карниз (черпица)",""
"Building_RoofFrontonT04_AAA_A_Desc","Фасадный карниз с черепицей 26°",""
"Building_RoofFrontonUpT04_BAB_A_Name","Угловой карниз (черепица)",""
"Building_RoofFrontonUpT04_BAB_A_Desc","Угловой фасадный карниз с черепицей 26°",""
"Building_RoofT04_AAB_A_Name","Крыша (черепица)",""
"Building_RoofT04_AAB_A_Desc","Крыша из черепицы 26°",""
"Building_RoofT04_AAD_A_Name","Крыша (черепица)",""
"Building_RoofT04_AAD_A_Desc","Крыша из черепицы 13°",""
"Building_StairsCornerDownT04_BAB_A_Name","Угловые ступени (кр. дерево)",""
"Building_StairsCornerDownT04_BAB_A_Desc","Внутренний угловой элемент ступенек из красного дерева",""
"Building_StairsCornerDownT04_BAB_B_Name","Угловые ступени (камень)",""
"Building_StairsCornerDownT04_BAB_B_Desc","Внутренний угловой элемент ступенек из камня",""
"Building_StairsCornerUpT04_BAB_A_Name","Угловые ступени (кр. дерево)",""
"Building_StairsCornerUpT04_BAB_A_Desc","Внешний угловой элемент ступенек из красного дерева",""
"Building_StairsCornerUpT04_BAB_B_Name","Угловые ступени (камень)",""
"Building_StairsCornerUpT04_BAB_B_Desc","Внешний угловой элемент ступенек из камня",""
"Building_StairsLT04_BAB_A_Name","Спиральная лестница (левая)",""
"Building_StairsLT04_BAB_A_Desc","Левая спиральная лестница из красного дерева 26°",""
"Building_StairsLT04_DDD_A_Name","Спиральная лестница (левая)",""
"Building_StairsLT04_DDD_A_Desc","Левая спиральная лестница из красного дерева 45°",""
"Building_StairsRT04_BAB_A_Name","Спиральная лестница (правая)",""
"Building_StairsRT04_BAB_A_Desc","Правая спиральная лестница из красного дерева 26°",""
"Building_StairsRT04_DDD_A_Name","Спиральная лестница (правая)",""
"Building_StairsRT04_DDD_A_Desc","Правая спиральная лестница из красного дерева 45°",""
"Building_StairsT04_AAA_A_Name","Лестница (кр. дерево)",""
"Building_StairsT04_AAA_A_Desc","Лестница из красного дерева 45°",""
"Building_StairsT04_AAB_A_Name","Лестница (кр. дерево)",""
"Building_StairsT04_AAB_A_Desc","Лестница из красного дерева 26°",""
"Building_StairsT04_AAB_B_Name","Лестница (камень)",""
"Building_StairsT04_AAB_B_Desc","Лестница из камня 45°",""
"Building_WallAngleDownT04_AAE_A_Name","Треугольная стена (штукатурка)",""
"Building_WallAngleDownT04_AAE_A_Desc","Обратная треугольная оштукатуренная стена 45°",""
"Building_WallAngleDownT04_ABE_A_Name","Треугольная стена (штукатурка)",""
"Building_WallAngleDownT04_ABE_A_Desc","Обратная треугольная оштукатуренная стена 64°",""
"Building_WallAngleDownT04_BAE_A_Name","Треугольная стена (штукатурка)",""
"Building_WallAngleDownT04_BAE_A_Desc","Обратная треугольная оштукатуренная стена 26°",""
"Building_WallAngleDownT04_DAE_A_Name","Треугольная стена (штукатурка)",""
"Building_WallAngleDownT04_DAE_A_Desc","Обратная треугольная оштукатуренная стена 13°",""
"Building_WallAngleUpT04_AAE_A_Name","Треугольная стена (штукатурка)",""
"Building_WallAngleUpT04_AAE_A_Desc","Треугольная оштукатуренная стена 45°",""
"Building_WallAngleUpT04_ABE_A_Name","Треугольная стена (штукатурка)",""
"Building_WallAngleUpT04_ABE_A_Desc","Треугольная оштукатуренная стена 64°",""
"Building_WallAngleUpT04_BAE_A_Name","Треугольная стена (штукатурка)",""
"Building_WallAngleUpT04_BAE_A_Desc","Треугольная оштукатуренная стена 26°",""
"Building_WallAngleUpT04_DAE_A_Name","Треугольная стена (штукатурка)",""
"Building_WallAngleUpT04_DAE_A_Desc","Треугольная оштукатуренная стена 13°",""
"Building_WallCornerT04_AAA_A_Name","Угловая стена (штукатурка)",""
"Building_WallCornerT04_AAA_A_Desc","Угловая оштукатуренная стена",""
"Building_WallDomeT04_BBB_A_Name","Сводчатый оштукатуренный потолок арочного типа",""
"Building_WallDomeT04_BBB_A_Desc","Сводчатый оштукатуренный потолок арочного типа",""
"Building_WallT04_AAE_A_Name","Стена (штукатурка)",""
"Building_WallT04_AAE_A_Desc","Оштукатуренная стена",""
"Building_WallT04_AAE_B_Name","Стена (камень)",""
"Building_WallT04_AAE_B_Desc","Каменная стена",""
"Building_WallT04_AAE_D_Name","Стена (кр. дерево)",""
"Building_WallT04_AAE_D_Desc","Стена из красного дерева",""
"Building_WallT04_BBE_A_Name","Большая стена (штукатурка)",""
"Building_WallT04_BBE_A_Desc","Большая оштукатуренная стена",""
"Building_WallT04_BBE_B_Name","Большая стена (известняк)",""
"Building_WallT04_BBE_B_Desc","Большая стена из известняка",""
"Building_WallT04_BBE_D_Name","Большая стена (кр. дерево)",""
"Building_WallT04_BBE_D_Desc","Большая стена из красного дерева",""
"Building_WallT04_CBE_A_Name","Арочная стена (штукатурка)",""
"Building_WallT04_CBE_A_Desc","Арочная оштукатуренная стена",""
"Building_WallT04_DBE_A_Name","Арочная стена (штукатурка)",""
"Building_WallT04_DBE_A_Desc","Большая арочная оштукатуренная стена",""
"Building_WindowframeT04_AAE_A_Name","Квадратное окно",""
"Building_WindowframeT04_AAE_A_Desc","Деревянное застекленное окно",""
"Building_WindowframeT04_ABE_A_Name","Узкое окно",""
"Building_WindowframeT04_ABE_A_Desc","Деревянное окно со створкой",""
"Building_WindowframeT04_ABE_B_Name","Узкое окно",""
"Building_WindowframeT04_ABE_B_Desc","Каменное окно со створкой",""
"Building_WindowframeT04_ABE_C_Name","Узкое окно",""
"Building_WindowframeT04_ABE_C_Desc","Узкое слюдяное арочное окно со штукатуркой",""
"Building_WindowframeT04_ABE_D_Name","Узкое окно",""
"Building_WindowframeT04_ABE_D_Desc","Узкое террасное окно",""
"Building_WindowframeT04_ABE_E_Name","Узкое окно",""
"Building_WindowframeT04_ABE_E_Desc","Каменное узкое стеклянное арочное окно",""
"Building_WindowframeT04_ACE_A_Name","Высокое окно",""
"Building_WindowframeT04_ACE_A_Desc","Деревянное высокое узкое окно со створкой",""
"Building_WindowframeT04_ACE_B_Name","Высокое окно",""
"Building_WindowframeT04_ACE_B_Desc","Высокое узкое слюдяное арочное окно со штукатуркой",""
"Building_WindowframeT04_ACE_C_Name","Узкое окно",""
"Building_WindowframeT04_ACE_C_Desc","Каменное узкое арочное окно с витражом и штукатуркой",""
"Building_WindowframeT04_BBE_A_Name","Двустворчатое окно",""
"Building_WindowframeT04_BBE_A_Desc","Деревянное двустворчатое окно",""
"Building_WindowframeT04_BBE_B_Name","Двустворчатое окно",""
"Building_WindowframeT04_BBE_B_Desc","Двойное каменное окно со створками",""
"Building_WindowframeT04_BBE_C_Name","Двустворчатое окно",""
"Building_WindowframeT04_BBE_C_Desc","Широкое террасное окно",""
"Building_WindowframeT04_BCE_A_Name","Двустворчатое окно",""
"Building_WindowframeT04_BCE_A_Desc","Деревянное высокое двустворчатое окно",""
"Building_WindowframeT04_BCE_B_Name","Двустворчатое окно",""
"Building_WindowframeT04_BCE_B_Desc","Высокое слюдяное двустворчатое окно со штукатуркой",""
"Building_WindowframeT04_BDE_A_Name","Большое окно",""
"Building_WindowframeT04_BDE_A_Desc","Каменное большое арочное окно с витражом и штукатуркой",""
"Building_WindowframeT04_BDE_B_Name","Большое окно",""
"Building_WindowframeT04_BDE_B_Desc","Каменное большое стеклянное арочное окно с витражом и штукатуркой",""
"Decorations_RespawnTent_Name","Палатка",""
"Decorations_RespawnTent_Description","Исследовать неизвестные острова всегда приятнее когда есть палатка где можно передохнуть.\r\n\r\nПозволяет сохранять точку возрождения\r\n\r\nНе требует крышу\r\n\r\nНе дает комфорт",""
"Decorations_BedrollT02_01_Name","Охотничья кровать",""
"Decorations_BedrollT04_01_Name","Изящная кровать",""
"Decorations_BedrollT04_02_Name","Роскошная большая кровать",""
"Decorations_ChainT04_01_Name","Потолочная цепочка",""
"Decorations_ChandelierT04_01_Name","Подвесной светильник",""
"Decorations_ChandelierT02_01_Name","Люстра охотничья",""
"Decorations_LampHookT02_01_Name","Настенный светильник",""
"Decorations_ChandelierT04_02_Name","Малая люстра",""
"Decorations_ChandelierT04_03_Name","Средняя люстра",""
"Decorations_ChandelierT04_04_Name","Большая люстра",""
"Decorations_CurtainLT04_AB_01_Name","Короткая штора",""
"Decorations_CurtainLT04_AB_01_Desc","Короткая левая серая изящная штора.\r\nПолотна, придающие комнате изысканное чувство света и воздуха.\r\n\r\nРаботает только в радиусе действия Bonfire\r\n\r\nКомфорт +1 \r\nБонусы комфорта в категории не суммируются",""
"Decorations_CurtainRT04_AB_01_Name","Короткая штора",""
"Decorations_CurtainRT04_AB_01_Desc","Короткая правая серая изящная штора.\r\nПолотна, придающие комнате изысканное чувство света и воздуха.\r\n\r\nРаботает только в радиусе действия Bonfire\r\n\r\nКомфорт +1 \r\nБонусы комфорта в категории не суммируются",""
"Decorations_CurtainLT04_AC_01_Name","Средняя штора",""
"Decorations_CurtainLT04_AC_01_Desc","Средняя левая серая изящная штора.\r\nПолотна, придающие комнате изысканное чувство света и воздуха.\r\n\r\nРаботает только в радиусе действия Bonfire\r\n\r\nКомфорт +1 \r\nБонусы комфорта в категории не суммируются",""
"Decorations_CurtainRT04_AC_01_Name","Средняя штора",""
"Decorations_CurtainRT04_AC_01_Desc","Средняя правая серая изящная штора.\r\nПолотна, придающие комнате изысканное чувство света и воздуха.\r\n\r\nРаботает только в радиусе действия Bonfire\r\n\r\nКомфорт +1 \r\nБонусы комфорта в категории не суммируются",""
"Decorations_CurtainLT04_AD_01_Name","Длинная штора",""
"Decorations_CurtainLT04_AD_01_Desc","Длинная левая серая изящная штора.\r\nПолотна, придающие комнате изысканное чувство света и воздуха.\r\n\r\nРаботает только в радиусе действия Bonfire\r\n\r\nКомфорт +1 \r\nБонусы комфорта в категории не суммируются",""
"Decorations_CurtainRT04_AD_01_Name","Длинная штора",""
"Decorations_CurtainRT04_AD_01_Desc","Длинная правая серая изящная штора.\r\nПолотна, придающие комнате изысканное чувство света и воздуха.\r\n\r\nРаботает только в радиусе действия Bonfire\r\n\r\nКомфорт +1 \r\nБонусы комфорта в категории не суммируются",""
"Decorations_CurtainLT04_AB_03_Name","Короткая изящная штора",""
"Decoration_Curtains_LT04_AB_03_Description","Короткая левая красно-зеленая изящная штора.\r\nПолотна струятся пышными складками, словно царские одеяния.\r\n\r\nРаботает только в радиусе действия Bonfire\r\n\r\nКомфорт +1 \r\nБонусы комфорта в категории не суммируются",""
"Decorations_CurtainLT04_AB_04_Name","Короткая изящная штора",""
"Decoration_Curtains_LT04_AB_04_Description","Короткая левая зелено-красная изящная штора.\r\nПолотна струятся пышными складками, словно царские одеяния.\r\n\r\nРаботает только в радиусе действия Bonfire\r\n\r\nКомфорт +1 \r\nБонусы комфорта в категории не суммируются",""
"Decorations_CurtainLT04_AC_03_Name","Средняя изящная штора",""
"Decoration_Curtains_LT04_AC_03_Description","Средняя левая красно-зеленая изящная штора.\r\nПолотна струятся пышными складками, словно царские одеяния.\r\n\r\nРаботает только в радиусе действия Bonfire\r\n\r\nКомфорт +1 \r\nБонусы комфорта в категории не суммируются",""
"Decorations_CurtainLT04_AC_04_Name","Средняя изящная штора",""
"Decoration_Curtains_LT04_AC_04_Description","Средняя левая зелено-красная изящная штора.\r\nПолотна струятся пышными складками, словно царские одеяния.\r\n\r\nРаботает только в радиусе действия Bonfire\r\n\r\nКомфорт +1 \r\nБонусы комфорта в категории не суммируются",""
"Decoration_Curtains_T04_Cool_Description","Полотна струятся пышными складками, словно царские одеяния.\r\n\r\nРаботает только в радиусе действия Bonfire\r\n\r\nКомфорт +1 \r\nБонусы комфорта в категории не суммируются",""
"Decorations_CurtainLT04_AD_03_Name","Длинная изящная штора",""
"Decoration_Curtains_LT04_AD_03_Description","Длинная левая красно-зеленая изящная штора.\r\nПолотна струятся пышными складками, словно царские одеяния.\r\n\r\nРаботает только в радиусе действия Bonfire\r\n\r\nКомфорт +1 \r\nБонусы комфорта в категории не суммируются",""
"Decorations_CurtainLT04_AD_04_Name","Длинная изящная штора",""
"Decoration_Curtains_LT04_AD_04_Description","Длинная левая зелено-красная изящная штора.\r\nПолотна струятся пышными складками, словно царские одеяния.\r\n\r\nРаботает только в радиусе действия Bonfire\r\n\r\nКомфорт +1 \r\nБонусы комфорта в категории не суммируются",""
"Decorations_CurtainRT04_AB_03_Name","Короткая изящная штора",""
"Decoration_Curtains_T04_AB_03_Description","Короткая правая красно-зеленая изящная штора.\r\nПолотна струятся пышными складками, словно царские одеяния.\r\n\r\nРаботает только в радиусе действия Bonfire\r\n\r\nКомфорт +1 \r\nБонусы комфорта в категории не суммируются",""
"Decorations_CurtainRT04_AB_04_Name","Короткая изящная штора",""
"Decoration_Curtains_T04_AB_04_Description","Короткая правая зелено-красная изящная штора.\r\nПолотна струятся пышными складками, словно царские одеяния.\r\n\r\nРаботает только в радиусе действия Bonfire\r\n\r\nКомфорт +1 \r\nБонусы комфорта в категории не суммируются",""
"Decorations_CurtainRT04_AC_03_Name","Средняя изящная штора",""
"Decoration_Curtains_T04_AC_03_Description","Средняя правая красно-зеленая изящная штора.\r\nПолотна струятся пышными складками, словно царские одеяния.\r\n\r\nРаботает только в радиусе действия Bonfire\r\n\r\nКомфорт +1 \r\nБонусы комфорта в категории не суммируются",""
"Decorations_CurtainRT04_AC_04_Name","Средняя изящная штора",""
"Decoration_Curtains_T04_AC_04_Description","Средняя правая зелено-красная изящная штора.\r\nПолотна струятся пышными складками, словно царские одеяния.\r\n\r\nРаботает только в радиусе действия Bonfire\r\n\r\nКомфорт +1 \r\nБонусы комфорта в категории не суммируются",""
"Decorations_CurtainRT04_AD_03_Name","Длинная изящная штора",""
"Decoration_Curtains_T04_AD_03_Description","Длинная правая красно-зеленая изящная штора.\r\nПолотна струятся пышными складками, словно царские одеяния.\r\n\r\nРаботает только в радиусе действия Bonfire\r\n\r\nКомфорт +1 \r\nБонусы комфорта в категории не суммируются",""
"Decorations_CurtainRT04_AD_04_Name","Длинная изящная штора",""
"Decoration_Curtains_T04_AD_04_Description","Длинная правая зелено-красная изящная штора.\r\nПолотна струятся пышными складками, словно царские одеяния.\r\n\r\nРаботает только в радиусе действия Bonfire\r\n\r\nКомфорт +1 \r\nБонусы комфорта в категории не суммируются",""
"Decorations_CurtainT04_AA_01_Name","Карниз для штор",""
"Decorations_DecorativeFood_01_Name","Кружка грога",""
"Decorations_DecorativeFood_02_Name","Грибная миска",""
"Decorations_DecorativeFood_03_Name","Жаркое",""
"Decorations_DecorativeFood_04_Name","Кукурузный суп",""
"Decorations_DecorativeFood_05_Name","Грибная похлебка",""
"Decorations_DecorativeFood_06_Name","Тарелка с фруктами",""
"Decorations_DecorativeFood_07_Name","Десертная тарелка",""
"Decorations_DecorativeFood_08_Name","Свежие фрукты",""
"Decorations_DecorativeFood_09_Name","Рыбная тарелка",""
"Decorations_DecorativeFood_10_Name","Мясная тарелка",""
"Decorations_DecorativeFood_11_Name","Роскошный обед",""
"Decorations_DecorativeFood_12_Name","Овощи на доске",""
"Decorations_DecorBooks_01_Name","Книжный сет №1",""
"Decorations_DecorBooks_02_Name","Книжный сет №2",""
"Decorations_DecorBooks_03_Name","Книжный сет №3",""
"Decorations_DecorBooks_04_Name","Книжный сет №4",""
"Decorations_DecorBooks_05_Name","Книжный сет №5",""
"Decorations_DecorHornsT02_01_Name","Декоративные рога",""
"Decorations_DecorHornsT02_02_Name","Декоративные рога",""
"Decorations_DecorShip_Cutter_02_Name","Каттер в бутылке с водой",""
"Decorations_DecorShip_Cutter_01_Name","Каттер на подставке",""
"Decorations_DecorShip_Cutter_03_Name","Каттер в бутылке",""
"Decorations_DecorShipBrig_02_Name","Бриг в бутылке с водой",""
"Decorations_DecorShipBrig_01_Name","Бриг на подставке",""
"Decorations_DecorShipBrig_03_Name","Бриг в бутылке",""
"Decorations_DecorShipFrigate_02_Name","Фрегат в бутылке с водой",""
"Decorations_DecorShipFrigate_01_Name","Фрегат на подставке",""
"Decorations_DecorShipFrigate_03_Name","Фрегат в бутылке",""
"Decorations_DecorShipKetch_02_Name","Кеч в бутылке с водой",""
"Decorations_DecorShipKetch_01_Name","Кеч на подставке",""
"Decorations_DecorShipKetch_03_Name","Кеч в бутылке",""
"Decorations_DecorStandT04_01_Name","Прямоугольная стойка",""
"Decorations_DecorStandT04_01_Desc","Цилиндрическая стойка для декора на тонкой ножке\r\n\r\nРаботает только в радиусе действия Bonfire\r\n\r\nКомфорт +1 \r\nБонусы комфорта в категории не суммируются",""
"Decorations_DecorStandT04_02_Name","Прямоугольная стойка",""
"Decorations_DecorStandT04_02_Desc","Цилиндрическая стойка для декора на тонкой ножке\r\n\r\nРаботает только в радиусе действия Bonfire\r\n\r\nКомфорт +1 \r\nБонусы комфорта в категории не суммируются",""
"Decorations_DecorStandT04_03_Name","Цилиндрическая стойка",""
"Decorations_DecorStandT04_03_Desc","Цилиндрическая стойка для декора на тонкой ножке\r\n\r\nРаботает только в радиусе действия Bonfire\r\n\r\nКомфорт +1 \r\nБонусы комфорта в категории не суммируются",""
"Decorations_DecorStandT04_04_Name","Цилиндрическая стойка",""
"Decorations_DecorStandT04_04_Desc","Цилиндрическая стойка для декора на тонкой ножке\r\n\r\nРаботает только в радиусе действия Bonfire\r\n\r\nКомфорт +1 \r\nБонусы комфорта в категории не суммируются",""
"Decorations_DecorStandT04_05_Name","Цилиндрическая стойка",""
"Decorations_DecorStandT04_05_Desc","Цилиндрическая стойка для декора на тонкой ножке\r\n\r\nРаботает только в радиусе действия Bonfire\r\n\r\nКомфорт +1 \r\nБонусы комфорта в категории не суммируются",""
"Decorations_GlobeT04_01_Name","Декоративный глобус",""
"Decorations_LampT04_01_Name","Настольный подсвечник",""
"Decorations_LampT04_02_Name","Настольный подсвечник",""
"Decorations_LampT04_03_Name","Настольный подсвечник",""
"Decorations_LampT04_04_Name","Напольный подсвечник",""
"Decorations_LogHolderT04_01_Name","Дровница для камина",""
"Decorations_Paintings_Ashlands_01_Name","Морской пейзаж",""
"Decorations_Paintings_Ashlands_02_Name","Морской пейзаж",""
"Decorations_Paintings_Ashlands_03_Name","Морской пейзаж",""
"Decorations_Paintings_HighLands_01_Name","Натюрморт",""
"Decorations_Paintings_HighLands_02_Name","Натюрморт",""
"Decorations_Paintings_HighLands_03_Name","Натюрморт",""
"Decorations_Paintings_Swamp_01_Name","Портрет",""
"Decorations_Paintings_Swamp_02_Name","Портрет",""
"Decorations_Paintings_Swamp_03_Name","Портрет",""
"Decorations_Paintings_Tortuga_01_Name","Городской пейзаж",""
"Decorations_Paintings_Tortuga_02_Name","Городской пейзаж",""
"Decorations_Paintings_Tortuga_03_Name","Городской пейзаж",""
"Decorations_PendulumClockT04_01_Name","Часы с маятником",""
"Decorations_BI_ShelfT04_01_Name","Изящная полка",""
"Decorations_BI_ShelfT04_02_Name","Изящная большая полка",""
"Decorations_BI_ShelfT04_03_Name","Шикарная полка с завитками",""
"Decorations_BI_ShelfT04_04_Name","Шикарная полка с короной",""
"Decorations_Standing_ArmchairT04_01_Name","Изящное кресло",""
"Decorations_Standing_ArmchairT04_02_Name","Шикарное кресло с подушечкой",""
"Decorations_Standing_BenchT02_01_Name","Охотничья скамейка",""
"Decorations_Standing_BenchT04_01_Name","Изящная скамья",""
"Decorations_Standing_BenchT04_02_Name","Изящная скамейка",""
"Decorations_Standing_BenchT04_03_Name","Шикарная скамейка со спинкой",""
"Decorations_Standing_ChairT02_01_Name","Охотничье кресло",""
"Decorations_Standing_ChairT04_01_Name","Изящный стул",""
"Decorations_Standing_ChairT04_02_Name","Шикарный стул со спинкой",""
"Decorations_Standing_StoolT02_01_Name","Охотничий табурет",""
"Decorations_Standing_StoolT04_01_Name","Изящный табурет",""
"Decorations_Standing_StoolT04_02_Name","Изящный табурет",""
"Decorations_Standing_StoolT04_03_Name","Шикарный табурет",""
"Decorations_Standing_StoolT04_04_Name","Шикарный табурет",""
"Decorations_Standing_TableT02_01_Name","Охотничий стол",""
"Decorations_Standing_TableT02_02_Name","Охотничий стол",""
"Decorations_Standing_TableT04_01_Name","Изящный стол",""
"Decorations_Standing_TableT04_02_Name","Изящный стол",""
"Decorations_Standing_TableT04_03_Name","Изящный стол",""
"Decorations_Standing_TableT04_04_Name","Изящный банкетный стол",""
"Decorations_Standing_DeskT04_01_Name","Изящный письменный стол",""
"Decorations_Standing_WardrobeT02_01_Name","Охотничий стеллаж с рогами",""
"Decorations_Standing_WardrobeT02_02_Name","Охотничий стеллаж",""
"Decorations_Standing_WardrobeT02_03_Name","Угловой охотничий стеллаж",""
"Decorations_Standing_WardrobeT04_02_Name","Изящная тумбочка",""
"Decorations_Standing_WardrobeT04_03_Name","Изящный буфет",""
"Decorations_Standing_WardrobeT04_04_Name","Изящный буфет",""
"Decorations_Standing_WardrobeT04_05_Name","Изящный буфет",""
"Decorations_Standing_WardrobeT04_06_Name","Изящный шкаф-комод",""
"Decorations_Standing_WardrobeT04_16_Name","Изящная тумба",""
"Decorations_Standing_WardrobeT04_20_Name","Шикарный стеллаж",""
"Decorations_Standing_WardrobeT04_23_Name","Шикарный книжный шкаф",""
"Decorations_Standing_WardrobeT04_24_Name","Изящный шкаф",""
"Decorations_Standing_WardrobeT04_26_Name","Шикарная книжная тумба",""
"Decorations_Standing_WeaponStandT02_01_Name","Охотничья оружейная стойка",""
"Decorations_TableLampT04_01_Name","Настольный подсвечник",""
"Decorations_TableLampT04_02_Name","Настольная лампада",""
"Decorations_TableLampT04_03_Name","Настольная лампада",""
"Decorations_WallLampT04_01_Name","Настенный подсвечник",""
"Decorations_WallLampT04_02_Name","Настенный подсвечник",""
"Decorations_WallLampT04_03_Name","Настенный подсвечник",""
"Decorations_WeaponStandT04_01_Name","Оружейный стенд на стену вариант 1",""
"Decorations_WeaponStandT04_02_Name","Оружейный стенд на стену вариант 2",""
"Decorations_WeaponStandT04_03_Name","Оружейный стенд на стену вариант 3",""
"Decorations_WeaponStandT04_04_Name","Оружейный стенд на стену вариант 4",""
"Decorations_WeaponStandT04_05_Name","Оружейный стенд на стену вариант 5",""
"Decorations_WeaponStandT04_06_Name","Оружейный стенд на стену вариант 6",""
"Decorations_WeaponStandT04_07_Name","Оружейный стенд на стену вариант 7",""
"Decorations_WeaponStandT04_08_Name","Оружейный стенд на стену вариант 8",""
"Decorations_WeaponStandT04_09_Name","Оружейный стенд на стену вариант 9",""
"Decorations_WeaponStandT04_10_Name","Оружейный стенд на стену вариант 10",""
"Decorations_WeaponStandT04_11_Name","Оружейный стенд на стену вариант 11",""
"Decorations_WeaponStandT04_12_Name","Оружейный стенд на стену вариант 12",""
"Decorations_Carpet_01_Name","Плетеный коврик",""
"Decorations_Carpet_01_Desc","Квадратный плетеный коврик.\r\nПростые плетёные ковры, тёплые и душевные, сделанные руками мастера.\r\n\r\nРаботает только в радиусе действия Bonfire\r\n\r\nКомфорт +1 \r\nБонусы комфорта в категории не суммируются",""
"Decorations_Carpet_09_Name","Плетеный коврик",""
"Decorations_Carpet_09_Desc","Круглый плетеный коврик.\r\nПростые плетёные ковры, тёплые и душевные, сделанные руками мастера.\r\n\r\nРаботает только в радиусе действия Bonfire\r\n\r\nКомфорт +1 \r\nБонусы комфорта в категории не суммируются",""
"Decorations_Carpet_05_Name","Ковер с вставками",""
"Decorations_Carpet_05_Desc","Прямоугольный ковер с вставками.\r\nКовёр, что видел многое: пара заплаток — и он снова готов служить.\r\n\r\nРаботает только в радиусе действия Bonfire\r\n\r\nКомфорт +1 \r\nБонусы комфорта в категории не суммируются",""
"Decorations_Carpet_02_Name","Этнический коврик",""
"Decorations_Carpet_02_Desc","Квадратный этнический коврик.\r\nКовры с ярким характером и узорами далеких земель.\r\n\r\nРаботает только в радиусе действия Bonfire\r\n\r\nКомфорт +1 \r\nБонусы комфорта в категории не суммируются",""
"Decorations_Carpet_03_Name","Узорчатый коврик",""
"Decorations_Carpet_03_Desc","Квадратный узорчатый коврик.\r\nКовры с ярким характером и узорами далеких земель.\r\n\r\nРаботает только в радиусе действия Bonfire\r\n\r\nКомфорт +1 \r\nБонусы комфорта в категории не суммируются",""
"Decorations_Carpet_04_Name","Этнический ковер",""
"Decorations_Carpet_04_Desc","Прямоугольный этнический ковер.\r\nКовры с ярким характером и узорами далеких земель.\r\n\r\nРаботает только в радиусе действия Bonfire\r\n\r\nКомфорт +1 \r\nБонусы комфорта в категории не суммируются",""
"Decorations_Carpet_06_Name","Ковровая дорожка",""
"Decorations_Carpet_06_Desc","Прямоугольная узорчатая ковровая дорожка.\r\nТканое полотно с изящным узором, подчеркивающее уют помещения.\r\n\r\nРаботает только в радиусе действия Bonfire\r\n\r\nКомфорт +1 \r\nБонусы комфорта в категории не суммируются",""
"Decorations_Carpet_07_Name","Узорчатый ковер",""
"Decorations_Carpet_07_Desc","Большой узорчатый ковер.\r\nТканое полотно с изящным узором, подчеркивающее уют помещения.\r\n\r\nРаботает только в радиусе действия Bonfire\r\n\r\nКомфорт +1 \r\nБонусы комфорта в категории не суммируются",""
"Decorations_Carpet_08_Name","Этнический коврик",""
"Decorations_Carpet_08_Desc","Круглый этнический коврик.\r\nТканое полотно с изящным узором, подчеркивающее уют помещения.\r\n\r\nРаботает только в радиусе действия Bonfire\r\n\r\nКомфорт +1 \r\nБонусы комфорта в категории не суммируются",""
"Decorations_Carpet_Shared_Desc","Ковры с ярким характером и узорами далеких земель.\r\n\r\nРаботает только в радиусе действия Bonfire\r\n\r\nКомфорт +1 \r\nБонусы комфорта в категории не суммируются",""
"Decoration_Curtains_T04_Description","Полотна, придающие комнате изысканное чувство света и воздуха.\r\n\r\nРаботает только в радиусе действия Bonfire\r\n\r\nКомфорт +1 \r\nБонусы комфорта в категории не суммируются",""
"Decorations_FoldingScreen_01_Name","Переносная ширма",""
"Decoration_Pier_Big_Description","Большой пирс, на котором поместится вся команда, пара бочек рома и ещё чуть-чуть приключений.",""
"Decoration_Pier_Description","Секция пирса, готовая выдержать и шторм, и капитанский характер.",""
"Decoration_Pier_Canopy_01_Description","Навес, под которым можно прятаться и от солнца, и от дурного настроения боцмана.\r\n\r\nРаботает только в радиусе действия Bonfire\r\n\r\nКомфорт +1\r\nБонусы комфорта в категории не суммируются",""
"Decoration_Pier_DecorBag_01_Description","Позволяет хранить вещи\r\n\r\nВместимость 28 ячеек",""
"Decoration_Pier_DecorCrane_01_Description","Надёжный кран, что поднимает груз словно пушинку.\r\n\r\nРаботает только в радиусе действия Bonfire\r\n\r\nКомфорт +1\r\nБонусы комфорта в категории не суммируются",""
"Decoration_Pier_DecorFlagpole_01_Description","Флагшток такой высокий, что даже чайки здороваются сверху вниз.\r\n\r\nРаботает только в радиусе действия Bonfire\r\n\r\nКомфорт +1\r\nБонусы комфорта в категории не суммируются",""
"Decoration_Pier_DecorRope_01_Description","Канатик малый, да удалый как юнга.\r\n\r\nРаботает только в радиусе действия Bonfire\r\n\r\nКомфорт +1\r\nБонусы комфорта в категории не суммируются",""
"Decoration_Pier_DecorRope_02_Description","Увесистая бухта крепкого каната для серьёзной работы.\r\n\r\nРаботает только в радиусе действия Bonfire\r\n\r\nКомфорт +1\r\nБонусы комфорта в категории не суммируются",""
"Decoration_Pier_DecorWinch_01_Description","Лебёдка, что делает тяжёлую работу удивительно лёгкой\r\n\r\nРаботает только в радиусе действия Bonfire\r\n\r\nКомфорт +1\r\nБонусы комфорта в категории не суммируются",""
"Decoration_Pier_FenceT02_AAE_A_Description","Надёжный канатный бордюр, защищающий край пирса.",""
"Decoration_Pier_Pillar_EAE_01_Description","Прочная деревянная опора, удерживающая пирс даже в суровый шторм.",""
"Decoration_Pier_RailingsStairs_01_Description","Канаты у лестницы, за которые держатся даже самые храбрые… и самые нетрезвые.",""
"Decoration_Pier_Stair_BAB_A_Description","Трап, по которому можно взойти на борт, не позорясь перед командой",""
"Building_DoorWayT02_DLE_A_Name","Большая двойная дверь",""
"Building_DoorWayT02_DLE_A_Desc","Огромная двойная дверь из досок с оконцем",""
"Building_DoorWayT01_DLE_A_Name","Большая двойная дверь",""
"Building_DoorWayT01_DLE_A_Desc","Огромная двойная дверь из прутьев с большим окном",""
"Building_DoorWayT03_DLE_A_Name","Большая двойная дверь",""
"Building_DoorWayT03_DLE_A_Desc","Огромная изящная cостаренная двойная дверь из бревен",""
"Building_FlueT02_AAA_A_Name","Колпак дымохода",""
"Building_ArchPillarT04_AEA_B_Name","Балка арочная (камень)",""
"Building_ArchPillarT04_AEA_B_Desc","Каменная балка для арки",""
"Building_BuildingPier_DAD_01_Name","Пирс",""
"BuildingBrush_Brush_Pier_01_Name","Большой пирс","Собранный пирс 2 на 2"
"Building_BuildingPierPillar_EAE_01_Name","Свая пирса","Pier Pile (Alt: Pier Post)"
"BuildingCategory_ShipStations_Name","Ship stations",""
"BuildingCategory_PierBuilding_Name","Pier Building",""
"BuildingCategory_PierDecorations_Name","Pier decorations",""
"Building_DecorWinch_01_Name","Лебедка для пирса",""
"Building_DecorFlagpole_01_Name","Флагшток для пирса",""
"Building_DecorCrane_01_Name","Кран для пирса",""
"Building_DecorBag_01_Name","Мешок для хранения",""
"Building_DecorBag_02_Name","Малый мешок для хранения",""
"Building_DecorRope_01_Name","Связка каната",""
"Building_DecorRope_02_Name","Большая связка каната",""
"Building_Dockyard_02_Name","Корабельная мастерская",""
"Building_Dockyard_01_Name","Верфь",""
"Building_Dockyard_01_Description","Позволяет управлять флотом, строить и ремонтировать корабли\r\n\r\nМожет быть построена только на побережье.",""
"Building_Dockyard_02_Description","Позволяет создавать различное корабельное оснащение\r\n\r\nТребует крышу\r\n\r\nРаботает только в радиусе действия Bonfire",""
"Building_PierStair_BAB_A_Name","Трап для пирса",""
"Building_DecorBareliefT04_01_Name","Настенный барельеф",""
"Building_Canopy_01_Name","Навес для пирса",""
