Key,SourceString,Context
"AID_Ammo_Cannonball_RegularCannonball_T01_ItemDescription","TEST\r\nTESt",""
"AID_Ammo_Cannonball_RegularCannonball_T01_ItemName","Cannonballs",""
"AID_Ammo_Cannonball_RegularCannonball_T02_ItemDescription","TEST\r\nTESt",""
"AID_Ammo_Cannonball_RegularCannonball_T02_ItemName","BOMBA",""
"AID_Ammo_Cannonball_RegularCannonball_T03_ItemDescription","TEST\r\nTESt",""
"AID_Ammo_Cannonball_RegularCannonball_T03_ItemName","KNIPPEL",""
"AID_Ammo_FirearmProjectile_AncientMetal_T03_Effect1","Increases Critical Damage by {0}",""
"AID_Ammo_FirearmProjectile_AncientMetal_T03_Effect2","Very good ballistics",""
"AID_Ammo_FirearmProjectile_AncientMetal_T03_ItemDescription","Идеально сбалансированная и невероятно точная пуля. Благодаря магическим свойствам сплава, она, словно заговоренная, летит точно в цель.",""
"AID_Ammo_FirearmProjectile_AncientMetal_T03_ItemName","Bullet Arborum","Жуткая пуля"
"AID_Ammo_FirearmProjectile_FineMetal_T02_Effect2","Good ballistics",""
"AID_Ammo_FirearmProjectile_FineMetal_T02_Effect1","Increases Ranged Damage by {0}",""
"AID_Ammo_FirearmProjectile_FineMetal_T02_ItemDescription","Изготовленная из железа пуля с хорошей баллистикой. Куда выстрелил — туда и полетела.",""
"AID_Ammo_FirearmProjectile_FineMetal_T02_ItemName","Железная пуля",""
"AID_Ammo_FirearmProjectile_RoughMetal_T02_Effect1","Mediocre ballistics",""
"AID_Ammo_FirearmProjectile_RoughMetal_T02_ItemDescription","Самая обычная медная пуля. Гарантий, что полетит точно в цель, нет — но снаряд уже неплохой.",""
"AID_Ammo_FirearmProjectile_RoughMetal_T02_ItemName","Медная пуля",""
"AID_Ammo_FirearmProjectile_StoneBullet_T01_Effect1","Ranged Damage decreased by {0}",""
"AID_Ammo_FirearmProjectile_StoneBullet_T01_Effect2","Poor ballistics",""
"AID_Ammo_FirearmProjectile_StoneBullet_T01_ItemDescription","Кусок камня, очень отдаленно напоминающий пулю. Надежно попадать в цель можно только на коротких дистанциях.",""
"AID_Ammo_FirearmProjectile_StoneBullet_T01_ItemName","Каменная пуля",""
"AID_Ammo_Gunpowder_Homemade_T02_ItemDescription","Порох низкого качества, изготовленый \""в домашних условиях\"". Использовать с осторожностью.\r\nДелается на жерновах, из золы и серы.",""
"AID_Ammo_Gunpowder_Homemade_T02_ItemName","Кустарный порох",""
"AID_Ammo_ScallopPearl_T01_ItemDescription","Алхимический ингридиент. Впрочем, мелкий, круглый, прочный предмет может пригодиться где-нибудь еще.\r\nМожно найти, если открыть раковину гребешка.",""
"AID_Ammo_ScallopPearl_T01_ItemName","Жемчужина",""
"CID_Alchemy_Bandages_T01_Effect1","Restores {0} Health over time.",""
"CID_Alchemy_Bandages_T01_Effect2","Lasts for {1}s. Taking Damage interrupts the effect.",""
"CID_Alchemy_Bandages_T01_ItemDescription","Грубый лоскут материи, пропитанный морской водой.",""
"CID_Alchemy_Bandages_T01_ItemName","Бинт",""
"CID_Alchemy_Bandages_T01_VanityText","Эта тряпка поможет вам не истечь кровью. Оцените мои усилия и постарайтесь не умереть хотя бы до следующего порта. \r\n— доктор Гален Скелтон",""
"CID_Alchemy_Potion_GreatHealing_T01_Effect1","Instantly restores {0} Health.",""
"CID_Alchemy_Potion_GreatHealing_T01_ItemDescription","Восстанавливает силы и залечивает даже самые глубокие раны.",""
"CID_Alchemy_Potion_GreatHealing_T01_ItemName","Великая микстура лечения",""
"CID_Alchemy_Potion_GreatHealing_T01_VanityText","Говорят, эта микстура вытаскивает моряков прямо из рундука Дейви Джонса.",""
"CID_Alchemy_Potion_EnhancedHealing_T01_Effect1","Instantly restores {0} Health.",""
"CID_Alchemy_Potion_EnhancedHealing_T01_ItemDescription","Лечит раны и притупляет боль, позволяя продолжить бой с новыми силами.",""
"CID_Alchemy_Potion_EnhancedHealing_T01_ItemName","Средняя микстура лечения",""
"CID_Alchemy_Potion_EnhancedHealing_T01_VanityText","When death is looming, you have to use any means available. Just don't think about what it's made of.",""
"CID_Alchemy_Potion_Healing_T01_Effect1","Instantly restores {0} Health.",""
"CID_Alchemy_Potion_Healing_T01_ItemDescription","Быстро залечивает мелкие порезы и снимает боль, даруя силы для боя... или бегства.",""
"CID_Alchemy_Potion_Healing_T01_ItemName","Малая микстура лечения",""
"CID_Alchemy_Potion_Healing_T01_VanityText","Не стоит безоглядно доверять зельям. Постельный режим и покой для исцеления необходимы не меньше.\r\n— доктор Гален Скелтон",""
"CID_Alchemy_Potion_Recall_T01_Effect1","Returns you to the last revival point.",""
"CID_Alchemy_Potion_Recall_T01_ItemDescription","Легкий напиток со сладковатым вкусом. Жалко только, приготовить его непросто – нужны редкие ингредиенты.",""
"CID_Alchemy_Potion_Recall_T01_ItemName","Дорога домой",""
"CID_Alchemy_Potion_Recall_T01_VanityText","Мгновенное перемещение из ночного трактира в залитую потом кровать – магия, доступная только самым опытным чародеям Тортуги.",""
"CID_Food_Dough_BurritoBeans_T03_ItemDescription","Кукурузная лепешка с фасолью в томатном соусе.\r\n\r\nУвеличивает максимальное ХП\r\nДействует {0} минут",""
"CID_Food_Dough_BurritoBeans_T03_ItemName","Тако",""
"CID_Food_Dough_BurritoBeans_T03_VanityText","Капитан говорил, что если выпить бутылку рома и закусить тако, можно услышать пение сирен. Никто не смог убедить его, что дело не в закуске.\r\n— корабельный кок \""Одноглазый\"" Аксель",""
"CID_Food_Dough_BurritoMeat_T02_ItemDescription","Этот плотный сверток из нежной кукурузной лепешки наполнен рубленым мясом и специями.\r\n\r\nУвеличивает максимальное ХП\r\nДействует {0} минут",""
"CID_Food_Dough_BurritoMeat_T02_ItemName","Буррито",""
"CID_Food_Dough_BurritoMeat_T02_VanityText","Один укус – и морская буря покажется легким бризом.",""
"CID_Food_Dough_CornCasabe_T02_ItemDescription","Тонкая кукурузная лепешка. Полностью голод не утолит, но набьет брюхо.\r\n\r\nУвеличивает максимальное ХП\r\nДействует {0} минут",""
"CID_Food_Dough_CornCasabe_T02_ItemName","Тортилья",""
"CID_Food_Dough_CornCasabe_T02_VanityText","Не заметишь, как съешь целую гору и попросишь еще.",""
"CID_Food_Dough_Pastechi_T02_ItemDescription","Обжаренное кукурузное тесто с мясной начинкой внутри. Традиционная закуска на островах Аруба, Бонэйр и Кюрасао.\r\n\r\nУвеличивает максимальное ХП\r\nДействует {0} минут",""
"CID_Food_Dough_Pastechi_T02_ItemName","Пастечи",""
"CID_Food_Dough_Pastechi_T02_VanityText","На каждом корабле в каждом рейде обязательно найдется  идиот, который будет доказывать, что пастечи с картошкой лучше.\r\n— корабельный кок \""Одноглазый\"" Аксель",""
"CID_Food_Dough_Tamale_T03_ItemDescription","Кукурузное тесто с начинкой, обернутое кукурузными листьями и приготовленное на пару. Мясо крокодила делает блюдо особенно сытным.\r\n\r\nУвеличивает максимальное ХП\r\nДействует {0} минут",""
"CID_Food_Dough_Tamale_T03_ItemName","Тамале",""
"CID_Food_Dough_Tamale_T03_VanityText","Считается, что именно тамале гостеприимные индейцы предлагали попробовать прибывшим на запад конкистадорам. И, на свою беду, даже не добавили яду.",""
"CID_Food_Dough_WineMeat_T04_ItemDescription","Нежное мясо, томленное в винном соусе с томатами, словно добыча, отбитая у испанского галеона. Подается только тем, кто не боится облизать клинок!\r\n\r\nУвеличивает максимальное ХП\r\nДействует {0} минут",""
"CID_Food_Dough_WineMeat_T04_ItemName","Мясо в винном соусе с томатами",""
"CID_Food_Drink_ChichaMorada_T04_ItemDescription","Добыто у бесжалостных аборигенов, приправлено жуткими легендами, выпито… очень быстро\r\n\r\nУвеличивает максимальное ХП\r\nДействует {0} минут",""
"CID_Food_Drink_ChichaMorada_T04_ItemName","Чича морада",""
"CID_Food_Drink_Coconana_T01_ItemDescription","Освежающий напиток, приготовленный из кокосового молока и спелых бананов. Утоляет жажду и придает сил для долгих сражений под палящим солнцем.\r\n\r\nУвеличивает максимальное ХП\r\nДействует {0} минут",""
"CID_Food_Drink_Coconana_T01_ItemName","Кокосовое молоко с бананом",""
"CID_Food_Drink_Coconana_T01_VanityText","Глоток райского наслаждения.",""
"CID_Food_Drink_CocoPeanut_T02_ItemDescription","Этот целебный напиток сочетает в себе кокосовое молоко, мякоть алоэ и хрустящие жареные орехи.\r\n\r\nУвеличивает максимальное ХП\r\nДействует {0} минут",""
"CID_Food_Drink_CocoPeanut_T02_ItemName","Освежающий напиток с орехами",""
"CID_Food_Drink_CocoPeanut_T02_VanityText","Орехи в соке? Несусветная ересь!\r\n— святой отец Игнасио",""
"CID_Food_Drink_Coffee_T03_ItemDescription","Универсальное человеческое топливо. Позволяет протянуть еще пару часов после заката... и не застрелиться с утра.\r\n\r\nУвеличивает максимальное ХП\r\nДействует {0} минут",""
"CID_Food_Drink_Coffee_T03_ItemName","Кофе",""
"CID_Food_Drink_Coffee_T03_VanityText","Любовь как кофе: может быть сладкой, может быть горькой, но в больших дозах смертельно опасна.\r\n— доктор Гален Скелтон",""
"CID_Food_Drink_CoffeeBanana_T03_ItemDescription","Для максимального раскрытия вкуса лучше использовать кофе, поставляемый из испанских колоний Южной Америки, и только спелые бананы.\r\n\r\nУвеличивает максимальное ХП\r\nДействует {0} минут",""
"CID_Food_Drink_CoffeeBanana_T03_ItemName","Кофе с бананом",""
"CID_Food_Drink_CoffeeBanana_T03_VanityText","Изысканное извращение для истинных ценителей.\r\n— сэр Гектор Мейфилд, глава экспедиции Британской Ост-Индской компании в Вест-Индии",""
"CID_Food_Drink_IcacoCoco_T03_ItemDescription","Легкий напиток с пряным вкусом. Позволяет дольше убегать от крокодилов по топям.\r\n\r\nУвеличивает максимальное ХП\r\nДействует {0} минут",""
"CID_Food_Drink_IcacoCoco_T03_ItemName","Пряный болотный сок",""
"CID_Food_Drink_IcacoCoco_T03_VanityText","Одни говорят, что он исцеляет усталось, другие – что пробуждает дьявола в крови. Истина, как всегда, где-то посередине.",""
"CID_Food_Drink_SourTomato_T02_ItemDescription","Ярко-красный напиток, приготовленный из спелых томатов.\r\n\r\nУвеличивает максимальное ХП\r\nДействует {0} минут",""
"CID_Food_Drink_SourTomato_T02_ItemName","Освежающий томатный сок",""
"CID_Food_Drink_SourTomato_T02_VanityText","Вкус – на любителя, цвет и запах – тоже. С солью и ромом должно быть получше.",""
"CID_Food_Drink_SweetLime_T02_ItemDescription","Кисло-сладкий напиток, приготовленный из свежевыжатого лаймового сока и тростникового сахара.\r\n\r\nУвеличивает максимальное ХП\r\nДействует {0} минут",""
"CID_Food_Drink_SweetLime_T02_ItemName","Сладкий сок лайма",""
"CID_Food_Drink_SweetLime_T02_VanityText","Слишком сладкий для боцмана, слишком кислый для кока, но для юнги в самый раз.",""
"CID_Food_Raw_Banana_T01_ItemDescription","Сладкий плод. Растет в Прибрежных Джунглях.\r\n\r\nУвеличивает максимальное ХП\r\nДействует {0} минут",""
"CID_Food_Raw_Banana_T01_ItemName","Банан",""
"CID_Food_Raw_Coconut_T01_ItemDescription","Можно найти на пляже и на пальмах вдоль пляжа в Прибрежных Джунглях.\r\n\r\nУвеличивает максимальное ХП\r\nДействует {0} минут",""
"CID_Food_Raw_Coconut_T01_ItemName","Кокос",""
"CID_Food_Raw_Corn_T02_ItemDescription","Свежая кукуруза. Ее можно толочь, жарить, варить, мариновать, запекать, добавлять в другие блюда... и это даже не полный список.\r\n\r\nУвеличивает максимальное ХП\r\nДействует {0} минут",""
"CID_Food_Raw_Corn_T02_ItemName","Кукуруза",""
"CID_Food_Raw_Grapes_T04_ItemName","Виноград",""
"CID_Food_Raw_Icaco_T03_ItemDescription","Болотная слива. Растет, как нетрудно догадаться, в Болотах.\r\n\r\nУвеличивает максимальное ХП\r\nДействует {0} минут",""
"CID_Food_Raw_Icaco_T03_ItemName","Икако",""
"CID_Food_Raw_Lime_T02_ItemDescription","Растет в Предгорьях.\r\n\r\nУвеличивает максимальное ХП\r\nДействует {0} минут",""
"CID_Food_Raw_Lime_T02_ItemName","Лайм",""
"CID_Food_Raw_Lime_T02_VanityText","Лучшее средство от цинги.",""
"CID_Food_Raw_Pepper_T01_ItemDescription","Крупные хрустящие перцы, которые используют в качестве приправы в различных рецептах. С ними вкус блюд становится богаче и острее. Главное -- знать меру.\r\n\r\nУвеличивает максимальное ХП\r\nДействует {0} минут",""
"CID_Food_Raw_Pepper_T01_ItemName","Кайенский перец",""
"CID_Food_Raw_Pepper_T01_VanityText","Жжется как яд морской ведьмы.",""
"CID_Food_Raw_Pineapple_T04_ItemName","NOT USED Pineapple",""
"CID_Food_Raw_Tomato_T02_ItemDescription","Сочные красные томаты легко найти в Предгорьях. Древние цивилизации культивировали их с давних времен.\r\n\r\nУвеличивает максимальное ХП\r\nДействует {0} минут",""
"CID_Food_Raw_Tomato_T02_ItemName","Томат",""
"CID_Food_Raw_Tomato_T02_VanityText","Ядовитые, не ядовитые... Раз жевать можно – сойдет!\r\n— всегда голодный капитан Томас Ричардс",""
"CID_Food_Raw_UmbraFruit_T03_ItemDescription","Можно найти в болотах.",""
"CID_Food_Raw_UmbraFruit_T03_ItemName","Дурманящий плод	",""
"CID_Food_Rum_Bottle_T03_ItemDescription","Лучшая приправа для любого пиратского блюда. Можно найти у пиратов.",""
"CID_Food_Rum_Bottle_T03_ItemName","Бутылка рома",""
"CID_Food_Rum_Bottle_T03_VanityText","Сегодня закончился ром. Команда несколько протрезвела... У нас чертовский беспорядок! Негодяи пытались устроить заговор...\r\n— Эдвард Тич",""
"CID_Food_Second_BaconAndEggs_T01_ItemDescription","Сытный завтрак, приготовленный из свежих яиц и копченого бекона, — идеальное начало дня на райском архипелаге.\r\n\r\nУвеличивает максимальное ХП\r\nДействует {0} минут",""
"CID_Food_Second_BaconAndEggs_T01_ItemName","Яичница с беконом",""
"CID_Food_Second_BaconAndEggs_T01_VanityText","Редкий завтрак для моряка. Особенно в море.",""
"CID_Food_Second_BirdOnPotato_T01_ItemDescription","Очень сытное пряное блюдо, приготовленное из мяса с острыми специями и бататом. Согревает и придает сил.\r\n\r\nУвеличивает максимальное ХП\r\nДействует {0} минут",""
"CID_Food_Second_BirdOnPotato_T01_ItemName","Острая \""курица\"" с бататом",""
"CID_Food_Second_BirdOnPotato_T01_VanityText","Один укус – и в груди разгорится пламя, а усталость сгорит дотла. Возможно, вместе с гортанью.",""
"CID_Food_Second_Crab_T01_ItemDescription","Простой, но изысканный деликатес.\r\n\r\nУвеличивает максимальное ХП\r\nДействует {0} минут",""
"CID_Food_Second_Crab_T01_ItemName","Вареный краб",""
"CID_Food_Second_Crab_T01_VanityText","Пять минут назад он бегал по берегу...",""
"CID_Food_Second_FishAndTostones_T02_ItemDescription","Рыба с дважды обжаренными до золотистого цвета ломтиками бананов. Привычное блюдо на островах Карибского моря.\r\n\r\nУвеличивает максимальное ХП\r\nДействует {0} минут",""
"CID_Food_Second_FishAndTostones_T02_ItemName","Рыба с тостонес",""
"CID_Food_Second_FishAndTostones_T02_VanityText","Когда ты на суше, рыба и бананы – просто еда. Когда ты в море, это королевский пир.",""
"CID_Food_Second_MeatSalad_T02_ItemDescription","Идеальное блюдо, когда есть немножечко того, немножечко сего и еще чуть-чуть этого. Одна беда – сначала надо как следует погоняться за ингредиентами.\r\n\r\nУвеличивает максимальное ХП\r\nДействует {0} минут",""
"CID_Food_Second_MeatSalad_T02_ItemName","Мясной салат",""
"CID_Food_Second_MeatSalad_T02_VanityText","Сами свою траву ешьте! А мне дайте мяса!",""
"CID_Food_Second_Potatoshrooms_T03_ItemDescription","Этот рецепт прост в приготовлении и легко утоляет голод. Главное не перепутать грибы.\r\n\r\nУвеличивает максимальное ХП\r\nДействует {0} минут",""
"CID_Food_Second_Potatoshrooms_T03_ItemName","Фасоль с грибами и бататом",""
"CID_Food_Second_Potatoshrooms_T03_VanityText","Приготовить вкусную еду несложно: достаточно свежих овощей и уверенности, что завтра мы еще будем живы.\r\n— корабельный кок \""Одноглазый\"" Аксель",""
"CID_Food_Second_ReptileInSwampSauce_T03_ItemDescription","Обед настоящего охотника: завалил крокодила – сожрал крокодила, залив жесткое мясо смертельно-острой жижей.\r\n\r\nУвеличивает максимальное ХП\r\nДействует {0} минут",""
"CID_Food_Second_ReptileInSwampSauce_T03_ItemName","Мясо крокодила в болотном соусе",""
"CID_Food_Second_ReptileInSwampSauce_T03_VanityText","Хочешь знать, как выжить в дикой местности? Съешь того, кто пытался съесть тебя.",""
"CID_Food_Second_SeafoodPlatter_T03_ItemDescription","Свежие дары моря, символизирующие щедрость океана. Они надолго время позволяют забыть о голоде.\r\n\r\nУвеличивает максимальное ХП\r\nДействует {0} минут",""
"CID_Food_Second_SeafoodPlatter_T03_ItemName","Морское ассорти",""
"CID_Food_Second_SeafoodPlatter_T03_VanityText","Любимое блюдо ловеласов Тортуги.",""
"CID_Food_Skewer_Bird_T01_ItemDescription","На вкус как курятина.\r\n\r\nУвеличивает максимальное ХП\r\nДействует {0} минут",""
"CID_Food_Skewer_Bird_T01_ItemName","Острый шашлык в панировке",""
"CID_Food_Skewer_Bird_T01_VanityText","Настоящий моряк ест мясо с костра, пьет ром из бутылки и спит с ножом под подушкой.",""
"CID_Food_Skewer_Meat_T01_ItemDescription","Мясо с дымком.\r\n\r\nУвеличивает максимальное ХП\r\nДействует {0} минут",""
"CID_Food_Skewer_Meat_T01_ItemName","Мясо на палке",""
"CID_Food_Skewer_Meat_T01_VanityText","Идеальная еда, которая не требует вилки, ножа и манер.\r\n— \""Безрукий\"" Флинн, плотник",""
"CID_Food_Skewer_Meatshrooms_T03_ItemDescription","Сочные куски мяса, зажаренные на открытом огне, отличаются насыщенным вкусом и ароматом. Соус из лесных грибов придает мясу пикантность.\r\n\r\nУвеличивает максимальное ХП\r\nДействует {0} минут",""
"CID_Food_Skewer_Meatshrooms_T03_ItemName","Мясо в кислом грибном соусе",""
"CID_Food_Skewer_Meatshrooms_T03_VanityText","Один укус, чтобы набить желудок, два – для придания сил, три – и можно с голыми руками идти на акулу!\r\n— юнга Тоби, перед тем как прыгнуть за борт",""
"CID_Food_Skewer_Reptile_T03_ItemDescription","Съешь его, и почувствуешь, как силы дикой природы наполняют тело.\r\n\r\nУвеличивает максимальное ХП\r\nДействует {0} минут",""
"CID_Food_Skewer_Reptile_T03_ItemName","Мясо крокодила на палке",""
"CID_Food_Skewer_Reptile_T03_VanityText","Даже самые опасные существа могут однажды совершить ошибку.",""
"CID_Food_Skewer_SeafoodHarpoon_T02_ItemDescription","Вырабатывает терпение и силу воли.\r\n\r\nУвеличивает максимальное ХП\r\nДействует {0} минут",""
"CID_Food_Skewer_SeafoodHarpoon_T02_ItemName","Морской шашлык",""
"CID_Food_Skewer_SeafoodHarpoon_T02_VanityText","В случае неудачи не обвиняй рыбу.\r\n— третье правило рыболова",""
"CID_Food_Skewer_SpicyCrab_T01_ItemDescription","Эта приправленная специями и запеченная до золотистой корочки тварь утоляет голод и бодрит дух.\r\n\r\nУвеличивает максимальное ХП\r\nДействует {0} минут",""
"CID_Food_Skewer_SpicyCrab_T01_ItemName","Острый краб на палке",""
"CID_Food_Skewer_SpicyCrab_T01_VanityText","Если язык не онемел – значит, повар пожалел специй.",""
"CID_Food_Skewer_SpicyReptile_T03_ItemDescription","Tender croc meat and delicate striploin, marinated with leek and rare spices. A hearty meal to celebrate making it back to camp without ending up in a croc’s belly.\r\n\r\nУвеличивает максимальное ХП\r\nДействует {0} минут",""
"CID_Food_Skewer_SpicyReptile_T03_ItemName","Meaty Croc Kebab",""
"CID_Food_Skewer_SpicyReptile_T03_VanityText","No \""tick-tock\"" anymore.",""
"CID_Food_Soup_Bean_T03_ItemDescription","Густая мясная похлебка с фасолью возвращает силы даже после самой тяжелой вахты.\r\n\r\nУвеличивает максимальное ХП\r\nДействует {0} минут",""
"CID_Food_Soup_Bean_T03_ItemName","Фасолевая похлебка",""
"CID_Food_Soup_Bean_T03_VanityText","В море есть три вещи, которым ты всегда рад: попутный ветер, полный кошель и миска горячей похлебки.",""
"CID_Food_Soup_BirdBroth_T01_ItemDescription","Прозрачный супчик, сваренный из мяса додо. Его подают больным, раненым... и морякам после бурной ночи в таверне.\r\n\r\nУвеличивает максимальное ХП\r\nДействует {0} минут",""
"CID_Food_Soup_BirdBroth_T01_ItemName","Бульон из мяса додо",""
"CID_Food_Soup_BirdBroth_T01_VanityText","Манящий запах из кипящего котла вернул больше людей с того света, чем любая микстура.\r\n— корабельный кок \""Одноглазый\"" Аксель",""
"CID_Food_Soup_BrothWithPotato_T02_ItemDescription","Сытная похлебка, которую готовят, когда трюм полон запасов, а в рейде команда не дольше недели.\r\n\r\nУвеличивает максимальное ХП\r\nДействует {0} минут",""
"CID_Food_Soup_BrothWithPotato_T02_ItemName","Сытный бульон с яйцом",""
"CID_Food_Soup_BrothWithPotato_T02_VanityText","Если на камбузе остался один батат, значит, скоро или порт, или бунт.\r\n— корабельный кок \""Одноглазый\"" Аксель",""
"CID_Food_Soup_Chowder_T02_ItemDescription","Густой рыбный суп, в который можно положить не только рыбу, но и все, что выловилось вместе с ней.\r\n\r\nУвеличивает максимальное ХП\r\nДействует {0} минут",""
"CID_Food_Soup_Chowder_T02_ItemName","Чаудер",""
"CID_Food_Soup_Chowder_T02_VanityText","Вся не проданная за день рыба вечером отправляется в суп.",""
"CID_Food_Soup_Coconut_T01_ItemDescription","Сваренная на молоке тропических кокосов, эта густая похлебка напоминает о жарких берегах даже во время шторма.\r\n\r\nУвеличивает максимальное ХП\r\nДействует {0} минут",""
"CID_Food_Soup_Coconut_T01_ItemName","Кокосовая похлебка",""
"CID_Food_Soup_Coconut_T01_VanityText","На вкус как райский остров, до которого мы никогда не доберемся.\r\n— штурман Билли \""Кривой Компас\""",""
"CID_Food_Soup_Gazpacho_T03_ItemDescription","Традиционное блюдо андалусской кухни. Легкий холодный суп из перетертых в пюре свежих овощей.\r\n\r\nУвеличивает максимальное ХП\r\nДействует {0} минут",""
"CID_Food_Soup_Gazpacho_T03_ItemName","Гаспачо",""
"CID_Food_Soup_Gazpacho_T03_VanityText","Гаспачо завезли на Карибы испанцы вместе с христианством и оспой.",""
"CID_Food_Soup_TomatoCrab_T02_ItemDescription","Этот густой суп, сваренный из свежевыловленного краба и спелых томатов, одинаково хорош и для голодного моряка, и для богатого торговца.\r\n\r\nУвеличивает максимальное ХП\r\nДействует {0} минут",""
"CID_Food_Soup_TomatoCrab_T02_ItemName","Крабовый суп с кусочками томатов",""
"CID_Food_Soup_TomatoCrab_T02_VanityText","Его аромат собирает всю команду у котла быстрее, чем крик \""земля на горизонте!\"".",""
"CID_Food_Sweet_CakeIcaco_T03_ItemDescription","Нежный и ароматный пирог, чьи ингредиенты стоят как полгалеона и мортира в придачу.\r\n\r\nУвеличивает максимальное ХП\r\nДействует {0} минут",""
"CID_Food_Sweet_CakeIcaco_T03_ItemName","Болотный пирог",""
"CID_Food_Sweet_CakeIcaco_T03_VanityText","...А услуги повара – еще полгалеона.",""
"CID_Food_Sweet_CakePeanut_T03_ItemDescription","Редкое лакомство, которому слива придает свежий сладковатый аромат, а орехи – сытности.\r\n\r\nУвеличивает максимальное ХП\r\nДействует {0} минут",""
"CID_Food_Sweet_CakePeanut_T03_ItemName","Ореховый пирог",""
"CID_Food_Sweet_CakePeanut_T03_VanityText","Хрустя орехами, берегите зубы!",""
"CID_Food_Sweet_CornRoll_T02_ItemDescription","Насыщеный рулет с нежным ореховым вкусом.\r\n\r\nУвеличивает максимальное ХП\r\nДействует {0} минут",""
"CID_Food_Sweet_CornRoll_T02_ItemName","Ореховый рулет",""
"CID_Food_Sweet_CornRoll_T02_VanityText","Оставляет после себя приятное послевкусие, как память о былых приключениях.",""
"CID_Food_Sweet_CupcakeBanana_T02_ItemDescription","Сладкий и сочный кекс, приготовленный из спелых бананов.\r\n\r\nУвеличивает максимальное ХП\r\nДействует {0} минут",""
"CID_Food_Sweet_CupcakeBanana_T02_ItemName","Банановый кекс",""
"CID_Food_Sweet_CupcakeBanana_T02_VanityText","Из гнилых бананов выходит не очень вкусно.",""
"CID_Food_Sweet_PineapplePie_T04_ItemDescription","NOT USED Pineapple Pie",""
"CID_Food_Sweet_PineapplePie_T04_ItemName","NOT USED Pineapple Pie",""
"CID_Misc_CultistNoteBlood_T02_ItemDescription","Когда-то это была карта сокровищ, но время и море ее не пощадили\r\n",""
"CID_Misc_CultistNoteBlood_T02_ItemName","Обрывок старой карты",""
"CID_Misc_Fish_Large_GiantMackerel_T01_ItemDescription","Гигант среди рыб, ее зеленая чешуя сверкает как изумруд. Говорят, один такой улов может прокормить целую команду!\r\n\r\nCought in deep waters.\r\n\r\nCan be processed into Fish Fillet.",""
"CID_Misc_Fish_Large_GiantMackerel_T01_ItemName","Гигантская скумбрия",""
"CID_Misc_Fish_Large_GiantMackerel_T01_VanityText","One fish to feed them all.",""
"CID_Misc_Fish_Large_GreatBarracuda_T01_ItemDescription","Этот исполин прячется на глубине, нападая молниеносно и безжалостно. Моряки рассказывают, что даже небольшие лодки переворачивались от ее яростного рывка.\r\n\r\nCought in deep waters.\r\n\r\nCan be processed into Fish Fillet.",""
"CID_Misc_Fish_Large_GreatBarracuda_T01_ItemName","Большая барракуда",""
"CID_Misc_Fish_Large_GreatBarracuda_T01_VanityText","The one that got away… before it even bit.",""
"CID_Misc_Fish_Medium_EmeraldBluefish_T01_ItemDescription","Луфарь отливает глубокими зелеными оттенками словно морская волна в ясный день.\r\n\r\nCought in deep waters.\r\n\r\nCan be processed into Fish Fillet.",""
"CID_Misc_Fish_Medium_EmeraldBluefish_T01_ItemName","Изумрудный луфарь",""
"CID_Misc_Fish_Medium_EmeraldBluefish_T01_VanityText","It’s not easy being green.",""
"CID_Misc_Fish_Medium_RedSnapper_T01_ItemDescription","Его чешуя пылает словно вспышка огня из корабельной пушки.\r\n\r\nCought in deep waters.\r\n\r\nCan be processed into Fish Fillet.",""
"CID_Misc_Fish_Medium_RedSnapper_T01_ItemName","Красный окунь",""
"CID_Misc_Fish_Medium_RedSnapper_T01_VanityText","Red fish at night—sailor’s delight.",""
"CID_Misc_Fish_Small_BlueTang_T01_ItemDescription","Яркая синяя рыба с желтым хвостом, скользящая меж кораллов. Осторожно — ее хвост остр, как пиратский клинок!\r\n\r\nCought in shallow waters.\r\n\r\nCan be processed into Fish Fillet.",""
"CID_Misc_Fish_Small_BlueTang_T01_ItemName","Голубой хирург",""
"CID_Misc_Fish_Small_BlueTang_T01_VanityText","P. Sherman, 42 Piratebay Way, Tortuga.",""
"CID_Misc_Fish_Small_MoonAngelfish_T01_ItemDescription","Изящная и неспешная, она парит в воде словно альбатрос в чистом небе.\r\n\r\nCought in shallow waters.\r\n\r\nCan be processed into Fish Fillet.",""
"CID_Misc_Fish_Small_MoonAngelfish_T01_ItemName","Лунная рыба-ангел",""
"CID_Misc_Fish_Small_MoonAngelfish_T01_VanityText","Just keep swimming—even when the ocean has other plans.",""
"CID_Misc_Fish_Small_PinkWrasse_T01_ItemDescription","Красный, как ром, и зеленый, как глубинные водоросли.\r\n\r\nCought in shallow waters.\r\n\r\nCan be processed into Fish Fillet.",""
"CID_Misc_Fish_Small_PinkWrasse_T01_ItemName","Розовый губан",""
"CID_Misc_Fish_Small_PinkWrasse_T01_VanityText","Officially not a thingamabob.",""
"CID_Misc_Fish_Small_QueenAngelfish_T01_ItemDescription","Ее яркие цвета сверкают словно драгоценности в короне.\r\n\r\nCought in shallow waters.\r\n\r\nCan be processed into Fish Fillet.",""
"CID_Misc_Fish_Small_QueenAngelfish_T01_ItemName","Королевская рыба-ангел",""
"CID_Misc_Fish_Small_QueenAngelfish_T01_VanityText","It’s not easy being this fabulous.",""
"CID_Misc_Fish_Small_ReefSnapper_T01_ItemDescription","Маленькая рыбка, прячущаяся среди кораллов.\r\n\r\nCought in shallow waters.\r\n\r\nCan be processed into Fish Fillet.",""
"CID_Misc_Fish_Small_ReefSnapper_T01_ItemName","Рифовый окунь",""
"CID_Misc_Fish_Small_ReefSnapper_T01_VanityText","Fish are food, not friends.",""
"CID_Misc_Fish_Small_SapphireWrasse_T01_ItemDescription","Переливается как сапфир, покоящийся среди сокровищ затонувшего галеона.\r\n\r\nCought in shallow waters.\r\n\r\nCan be processed into Fish Fillet.",""
"CID_Misc_Fish_Small_SapphireWrasse_T01_ItemName","Сапфировый губан",""
"CID_Misc_Fish_Small_SapphireWrasse_T01_VanityText","Shiny things belong under the sea.",""
"CID_Misc_Lantern_L1_T01_ItemDescription","Масляная лампа которая осветит даже полную тьму.\r\nДелается на верстаке.",""
"CID_Misc_Lantern_L1_T01_ItemName","Масляная лампа",""
"CID_Misc_LootCrate_T03_ItemDescription","Ящик с добычей\r\nДобывается в море.",""
"CID_Misc_LootCrate_T03_ItemName","Ящик с добычей",""
"CID_Misc_PouchCoin_T01_ItemDescription","Внутри может оказаться целое состояние.\r\n",""
"CID_Misc_PouchCoin_T01_ItemName","Мешочек монет",""
"CID_Misc_ScallopShellClosed_T01_ItemDescription","Внутри может оказаться жемчужина.\r\nМожно найти на пляже.",""
"CID_Misc_ScallopShellClosed_T01_ItemName","Закрытая раковина гребешка",""
"CID_Misc_SpawnerBoar_L1_T01_ItemDescription","Призывает на короткое время ручного кабана.\r\n",""
"CID_Misc_SpawnerBoar_L1_T01_ItemVanity","Say hello to my little boar.",""
"CID_Misc_SpawnerBoar_L1_T01_ItemName","Свисток кабана",""
"CID_Misc_SpawnerBoar_L2_T02_ItemDescription","Призывает на короткое время мощного ручного кабана.\r\n",""
"CID_Misc_SpawnerBoar_L2_T02_ItemName","Свисток могучего кабана",""
"CID_Misc_SpawnerCroc_L1_T03_ItemDescription","Призывает на короткое время ручного белого крокодила\r\n",""
"CID_Misc_SpawnerCroc_L1_T03_ItemName","Свисток Крокодила",""
"CID_Misc_SupplyBox_T04_ItemDescription","NOT USED Supply Box",""
"CID_Misc_SupplyBox_T04_ItemName","NOT USED Supply Box",""
"DID_Metal_CopperIngot_T01_ItemDescription","Используется для создания инструментов и брони.\r\nДелается в плавильной печи.",""
"DID_Metal_CopperIngot_T01_ItemName","Медный слиток",""
"DID_Metal_Ingot_Iron_T02_ItemDescription","Слиток горного железа\r\nДелается в плавильной печи.",""
"DID_Metal_Ingot_Iron_T02_ItemName","Слиток горного железа",""
"DID_Metal_Ingot_Ancient_T03_ItemDescription","Слиток древнего железа неизвестного состава\r\nДелается в большой плавильной печи.",""
"DID_Metal_Ingot_Ancient_T03_ItemName","Слиток болотного металла (Mire Metal)",""
"DID_Misc_AL_DearHuanitaNote_1_T04_ItemName","Записка Хуаните",""
"DID_Misc_AL_SmugglerSkeletonNote_1_T04_ItemName","Гимн контрабандистов",""
"DID_Misc_AncientRelic_T02_ItemDescription","По слухам, эта древняя реликвия некогда принадлежала перевозчику душ Харону.",""
"DID_Misc_AncientRelic_T02_ItemName","Обол Харона",""
"DID_Misc_AncientRelic_T02_VanityText","Есть легенда, что Харон расплатился ими с богом торговли Гермесом за якорь, иглу, канат и гвозди. Что тут скажешь: моряки всегда на мели... \r\n— Джон Доу, путешественник и картограф",""
"DID_Misc_AncientRelic_T03_ItemDescription","По слухам, эта древняя реликвия некогда принадлежала перевозчику душ Харону.",""
"DID_Misc_AncientRelic_T03_ItemName","Обол Харона",""
"DID_Misc_AncientRelic_T03_VanityText","Есть легенда, что Харон расплатился ими с богом торговли Гермесом за якорь, иглу, канат и гвозди. Что тут скажешь: моряки всегда на мели...\r\n— Джон Доу, путешественник и картограф",""
"DID_Misc_BlackMark_T01_ItemName","Черная метка",""
"DID_Misc_BlackMark_T01_ItemDescription","Тонкий черный металлический кругляш с вечно скалящимся Веселым Роджером.",""
"DID_Misc_BlackMark_T01_VanityText","Черная метка? Это вроде повестки... Приглашение к дьяволу.",""
"DID_Misc_RitualOil_T02_ItemName","Ритуальное масло",""
"DID_Misc_RitualOil_T02_ItemDescription","Запечатанный, покрытый пылью времен сосуд с ритуальным маслом. Настоящее чудо что он до сих пор цел и невредим.",""
"DID_Misc_KeyForChest_T01_ItemName","Старинный ключ",""
"DID_Misc_KeyForChest_T01_ItemDescription","От него пахнет морем, тиной и водорослями.",""
"DID_Misc_KeyForChest_T02_ItemName","Древний ключ Предгорий","Ancient Foothills Key"
"DID_Misc_KeyForChest_T02_ItemDescription","Круглый каменный диск покрыт едва заметными замысловатыми узорами и загадочными письменами.",""
"DID_Misc_KeyForBBChest_T01_ItemName","Ключ пиратов Ричардса","Richards’ Crew Key"
"DID_Misc_KeyForBBChest_T01_ItemDescription","Крепкий ключ от крепкого пиратского сундука. Найден на пиратской базе в Прибрежных джунглях.",""
"DID_Misc_KeyForBBChest_T02_ItemName","Ключ пиратов Хендса","Hands’ Crew Key"
"DID_Misc_KeyForBBChest_T02_ItemDescription","Крепкий ключ от крепкого пиратского сундука. Найден на пиратской базе в Предгорьях.",""
"DID_Misc_KeyForChest_T03_ItemName","Древний ключ Болот",""
"DID_Misc_KeyForChest_T03_ItemDescription","Круглый каменный диск покрыт едва заметными замысловатыми узорами и загадочными письменами.",""
"DID_Misc_ArsenalKey_T04_01_ItemName","Ключ от арсенала",""
"DID_Misc_VaultKey_T04_01_ItemName","Vault key","Ключ от хранилища"
"DID_Misc_BoxOfLeathers_T01_ItemDescription","От тюка воняет выделанными кожами. Лучше положить его подальше.",""
"DID_Misc_BoxOfLeathers_T01_ItemName","Тюк с кожами",""
"DID_Misc_BarrellOfRum_T01_ItemDescription","Бочонок прекрасного рома, после разорения Тортуги найти еще один такой - непростая задача.",""
"DID_Misc_BarrellOfRum_T01_ItemName","Бочка рома",""
"DID_Misc_MedicinesHelpingResidents_T01_ItemDescription","От ящика воняет медициной. Выздоровеешь, только чтобы не пить эту гадость.",""
"DID_Misc_MedicinesHelpingResidents_T01_ItemName","Ящик лекарств",""
"DID_Misc_ContrabandWine_T01_ItemDescription","Редкий напиток на Тортуге. Местные жители больше предпочитают ром.",""
"DID_Misc_ContrabandWine_T01_ItemName","Контрабандное вино",""
"DID_Misc_FoodSuppliesHelpingResidents_T01_ItemDescription","От припасов пахнет крупами и мукой. Чудо, что до них не добрались крысы.",""
"DID_Misc_FoodSuppliesHelpingResidents_T01_ItemName","Запасы продовольствия",""
"DID_Misc_BuildingUnlockAmulet_T03_ItemDescription","NOT USED Tamp description\r\n",""
"DID_Misc_BuildingUnlockAmulet_T03_ItemName","NOT USED  Dev amulte description",""
"DID_Misc_CheapDrownedStuff_01_T01_ItemDescription","Старинная ложка. Верно служила одному из первопроходцев Нового Света.\r\nМожно продать контрабандистам",""
"DID_Misc_CheapDrownedStuff_01_T01_ItemName","Серебряная ложка",""
"DID_Misc_CheapDrownedStuff_02_T01_ItemDescription","Старая вещица, серебро немного потускнело — но, скорей всего, всё ещё чего-то стоит.\r\nМожно продать контрабандистам",""
"DID_Misc_CheapDrownedStuff_02_T01_ItemName","Серебряная пуговица",""
"DID_Misc_CheapSenkamatiStuff_01_T01_ItemDescription","Простенькое украшение древних народов из кости и орехов.\r\nМожно найти в руинах и продать контрабандистам",""
"DID_Misc_CheapSenkamatiStuff_01_T01_ItemName","Костяные бусы",""
"DID_Misc_CheapSenkamatiStuff_02_T01_ItemDescription","Оберег в виде рыбы. Рыбаки древних народов носили его, чтобы увеличить улов. \r\nМожно найти в руинах и продать контрабандистам",""
"DID_Misc_CheapSenkamatiStuff_02_T01_ItemName","Деревянный оберег",""
"DID_Misc_CheapSenkamatiStuff_03_T01_ItemDescription","Ваза с волнистым узором. В трещинах застряли зерна кукурузы.\r\nМожно найти в руинах и продать контрабандистам",""
"DID_Misc_CheapSenkamatiStuff_03_T01_ItemName","Глиняная ваза",""
"DID_Misc_CJ_FishermanNote_1_T01_ItemDescription","Страшные вещи творятся в бухте. С неделю назад корабль бросил якорь у берега. С виду-то обычный, а флага нет, на парусах письмена какие-то, и высаживаются оттуда на закате слуги Сатаны, чтобы призывать своего хозяина.\r\n\r\nЯ своими глазами видел, как они двух пленников привязали к крестам и вырезали на телах их дьявольские знаки.\r\n\r\nПроклятый ветер! Если б не он, давно бы собрал сети и вернулся на Тортугу. Дева Мария, защити меня, я пить брошу, к Урсуле вернусь. Только бы они мою хижину не приметили...",""
"DID_Misc_CJ_FishermanNote_1_T01_ItemName","Страница истлевшего дневника",""
"DID_Misc_CJ_JournalFragment_1_T01_ItemDescription","Первые числа марта 17ХХ\r\n\r\nЭкспедиция начиналась неплохо: мы обосновались на острове, заняли три руины. В первой будем ночевать, вторую приспособили под склад, а последнюю укрепили понадежнее на случай неприятностей. Мои дураки зачем-то даже затащили наверх вторые ворота.\r\n\r\nНо не все идет гладко... На траверсе острова Задира приметил три корабля пиратов Черной Бороды.\r\n\r\nЯ приказал своим не показыватся на побережье и охотиться в глубине джунглей.\r\nЗадира Луи вспылил. Он хочет заманить пиратов в ловушку и перестрелять. Глупец! Их как мышей в погребе, а пороха у нас мало.\r\n\r\nЯ пообещал, что лично сдеру с него шкуру и натяну на кабана, если он продолжит подначивать остальных.","Header is the reference to The Stevenson's  Treasure Island. Probably can be direct in english - year of grace 17-- instead of 17xx"
"DID_Misc_CJ_JournalFragment_1_T01_ItemName","Дневник Марселя Буше",""
"DID_Misc_CJ_JournalFragment_2_T01_ItemDescription","Середина марта 17ХХ года\r\n\r\nБудь прокляты пираты! Они высадились и рыщут по всему острову.\r\n\r\nБольшая часть ребят закрылась в укрепленной руине, в двух других оставили дозоры.\r\n\r\nНа днях Луи все-таки ослушался и увел ребят. Конечно же, они угодили в засаду. Пришлось вытаскивать, но вырвались только двое. Если бы мушкет не дал осечку, Луи бы тоже выжил.\r\n\r\nПираты все ближе. Придется бросить здесь добычу и уходить. Самое ценное положим в тайник.","Header is the reference to The Stevenson's  Treasure Island. Probably can be direct in english - year of grace 17-- instead of 17xx"
"DID_Misc_CJ_JournalFragment_2_T01_ItemName","Страница из дневника Марселя Буше",""
"DID_Misc_CJ_JournalFragment_3_T01_ItemDescription","Конец марта 17XX\r\n\r\nПираты нас все-таки достали. Меня, видать, приняли за труп, и скоро я им точно стану. Кровища из брюха так и льется. Уверен, в других руинах на острове все наши тоже мертвы.\r\n\r\nЕсли кто-то найдет мои записи, пусть передаст Анри, что...\r\n\r\n(Далее текст заляпан кровью)","Header is the reference to The Stevenson's  Treasure Island. Probably can be direct in english - year of grace 17-- instead of 17xx"
"DID_Misc_CJ_JournalFragment_3_T01_ItemName","Последнее письмо",""
"DID_Misc_BrokenFlask_T01_ItemName","Поврежденная фляга",""
"DID_Misc_BrokenFlask_T01_ItemDescription","На металлической фляге несколько вмятин. Сбоку красивая гравировка: \""Чтоб тебя никогда не мучила жажда, Марсель. На память от брата\""",""
"DID_Misc_BrokenHat_T01_ItemName","Порванная шляпа",""
"DID_Misc_BrokenHat_T01_ItemDescription","Полы кожаной шляпы разорваны в нескольких местах. На подкладке вышито имя: \""Марсель Буше\"".",""
"DID_Misc_BrokenMusket_T01_ItemName","Сломанный мушкет",""
"DID_Misc_BrokenMusket_T01_ItemDescription","Тяжелый, прекрасного качества мушкет – скорее всего был сделан на заказ. Он сломан, но сохранил следы бережного хранения. На металлической вставке приклада выгравированы инициалы М.Б.",""
"DID_Misc_CJ_RobinsonNote_1_T01_ItemDescription","Первый день после кораблекрушения\r\n\r\nХолодно. Мы на берегу целый день, а дождь так и не прекратился. Брэм сказал, что нужно идти в джунгли и укрыться в руинах.\r\nНе хочу туда идти. Я твержу, что руины прокляты, но ни Митчелл, ни Брэм мне не верят.",""
"DID_Misc_CJ_RobinsonNote_1_T01_ItemName","Обрывки дневника",""
"DID_Misc_CJ_RobinsonNote_2_T01_ItemDescription","Восьмой день после кораблекрушения\r\n\r\nЯ предупреждал, что это место проклято. Стоило немного обжиться, как мне стали сниться кошмары. Чудится, будто мои друзья умирают, тела их покрываются древесной корой, и ветви прорастают из плоти. Просыпаюсь от собственных криков. Страшно. Не хочу больше ложиться спать.\r\n\r\nВырезал обереги для Брэма и Митчелла, но они рассмеялись и кинули их в грязь.\r\n\r\nВчера слышал, как эти двое шептались про лодку. Они хотят меня бросить.",""
"DID_Misc_CJ_RobinsonNote_2_T01_ItemName","Обрывки дневника",""
"DID_Misc_CJ_RobinsonNote_3_T01_ItemDescription","- Гвозди есть\r\n- Доски есть\r\n- Веревка нашлась\r\n- Парус худо-бедно сделали\r\nВроде все.\r\n\r\nДля лодки все готово. Завтра мы с Брэмом ее сколотим и свалим. А Норман пускай тут подыхает. \r\n\r\nСидит целыми днями и какие-то колдовские херовины стругает. Совсем свихнулся из-за своих суеверий. Недоумок. Вчера проснулся, а этот псих надо мной с топором стоит.\r\n\r\nТочно! Топор забыл. Куда он его дел, идиота кусок?..",""
"DID_Misc_CJ_RobinsonNote_3_T01_ItemName","Список необходимого",""
"DID_Misc_CJ_RobinsonNote_4_T01_ItemDescription","Сто пятый день после кораблекрушения\r\n\r\nНет, сто пятый был две недели назад. Или три? Не помню. Запутался.\r\n\r\nБрэм и Митчелл все-таки меня оставили. Бросили. Уплыли. Да, они уплыли. Уплы-ы-ыли. Я остался. И их вещи остались. Там... Я закопал. Спрятал до их возвращения. Они же вернутся за мной? Вернутся. Обязательно.\r\n\r\nИз руин ушел. Там стало еще страшнее. Совсем страшно. Теперь даже днем слышу их голоса. Как из могилы. Гулкие. Сейчас они придут. Я чувствую. Где мой оберег? Мне нужны обереги. Больше оборегов. Они защитят...",""
"DID_Misc_CJ_RobinsonNote_4_T01_ItemName","Обрывки дневника",""
"DID_Misc_CJ_SmugglerNote_1_T01_ItemDescription","Генри, коварный ты ублюдок! Кого ты разозлил на этот раз? Какой-то сумасшедший гоняется за моими ребятами по всем Карибам.\r\n\r\nПоловина схронов уничтожена, поставщики отказываются заключать контракты. Мы потеряли десятки грузов и потеряем еще больше, если ты не решишь эту проблему.\r\n\r\nНам едва удается прятаться от головорезов Черной Бороды, а теперь еще и эта новая напасть.\r\n\r\nМы пока заляжем на дно. Я б и тебе советовала затаиться, потому что награду за твою хитрую задницу еще никто не отменял.\r\n\r\nРазберись с этим дерьмом и мы наконец-то снова сможем пропустить по стаканчику в таверне.\r\n\r\nМарита",""
"DID_Misc_CJ_SmugglerNote_1_T01_ItemName","Письмо доброму другу",""
"DID_Misc_CJ_SmugglerNote_2_T01_ItemDescription","С ТЕБЯ ПРИЧИТАЕТСЯ, ГЕНРИ",""
"DID_Misc_CJ_SmugglerNote_2_T01_ItemName","Окровавленное послание",""
"DID_Misc_CJ_RichardsJournal_T01_ItemDescription","Тысяча чертей! Стоило добыть артефакт, как сразу заявился Хендс.\r\n\r\nЧтоб кишки негодяя стервятники выклевали!\r\n\r\nЗаявился с дружеским визитом, притащил с собой пару бутылок вкусного вина и свежую дичь, усыпил мою бдительность... Утром артефакт пропал, и Хендса след простыл.\r\n\r\nЧерная Борода меня самого за кишки на рее подвесит, если я не доставлю ему этот чертов артефакт. \r\n\r\nНадо послать отряд в Предгорья. Только без лишнего шума.\r\n\r\n...А дичь была чертовски хороша.",""
"DID_Misc_CJ_RichardsJournal_T01_ItemName","Журнал Томаса Ричардса",""
"DID_Misc_CJ_CavePirateNote_T01_ItemDescription","Дармоеды совсем обленились. Снимемся с якоря – будут у меня месяц ночную вахту нести. А то страшно им, видите ли: шорохи за стеной спать не дают...",""
"DID_Misc_CJ_CavePirateNote_T01_ItemName","Записи Офицера",""
"DID_Misc_HL_CaptainsJournal_T01_ItemDescription","...Сегодня опять проснулся в холодном поту.\r\n\r\nКажется, Хендсу нужны не рабы, а свежее мясо для алтаря.\r\nЛадно, мне платят, чтобы я делал дело, а не задавал вопросы.\r\n\r\nЗахватим людей, отвезем в лагерь возле руин и снова отправимся в море. При необходимости повторим.\r\n\r\nГлавное пополнить запасы рома, а то без него я не могу уснуть.",""
"DID_Misc_HL_CaptainsJournal_T01_ItemName","Журнал капитана \""Непотопляемого\""",""
"DID_Misc_HL_ScaredPirateNotes_1_T01_ItemDescription","Капитан какой-то дерганый стал. И после ранения-то не особо нрав свой сдерживал, а как у Ричардса артефакт отобрал, так совсем фляга протекать стала.\r\n\r\nВсе время бормочет что-то себе под нос на неведомом языке, взгляд безумный... Даже его ближние от него шарахаются.\r\n\r\nНо уж лучше он, чем Тич. Тот сначала пристрелит, а потом живым мертвецом поднимет. Уж лучше честно сдохнуть...",""
"DID_Misc_HL_ScaredPirateNotes_1_T01_ItemName","О Хендсе",""
"DID_Misc_HL_ScaredPirateNotes_2_T01_ItemDescription","Пару дней назад пришли люди Ричардса и потребовали отдать артефакт.\r\n\r\nНаш кэп рассвирепел, выхватил саблю и сразу зарубил троих, а еще одного застрелил. Еще троих положили мы. Выживших Хендс лично вздернул.\r\n\r\nЗря только заявились. Остолопы они. Под стать своему капитану.",""
"DID_Misc_HL_ScaredPirateNotes_2_T01_ItemName","О дураках",""
"DID_Misc_HL_ScaredPirateNotes_3_T01_ItemDescription","Хендс отправил \""Непотопляемого\"" с доверенными людьми на борту за новыми пленниками. Старые уже закончились, Хендс утаскивает их одного за одним неведомо куда.\r\n\r\nНе знаю, на кого они нападут. Торговые корабли на архипелаг теперь заходят редко, Тортуга разрушена...\r\n\r\nЖелаю парням удачи. Я боюсь, если они не привезут свежее мясо, утаскивать неведомо куда начнут уже нас.",""
"DID_Misc_HL_ScaredPirateNotes_3_T01_ItemName","О пленниках",""
"DID_Misc_SW_JokesOfTheGods_1_T01_ItemDescription","В те времена, когда боги еще ходили по земле, росла у жреца Ицельтека, бога мертвых, любимая дочь.\r\n\r\nНи в чем он ей не оказывал, запрещал только ходить к священным животным. Ибо, подобно своему богу, жестоким нравом обладали они и не любили, когда живые ходили там, где ступают мертвые.\r\n\r\nНо девочку снедало любопытство. Однажды ночью пробралась она к алтарю и просидела у него до рассвета. А когда вернулась домой, тут же слегла с сильным жаром.\r\n\r\nЖрецу не удалось ее спасти... Долго горевал он, пока не решил отправиться в мир мертвых за своим дитя.\r\n\r\nСтраж границы – огромный крокодил – преградил ему путь у врат, но жрец  сразил его в битве и ступил на тропу усопших душ...","This is combines text from Dialogue_POIQuest_JokesOfTheGods_Altar01 from 02 to 06"
"DID_Misc_SW_JokesOfTheGods_1_T01_ItemName","История жреца, часть первая",""
"DID_Misc_SW_JokesOfTheGods_2_T01_ItemDescription","Долго бродил жрец по тропам мертвых в поисках дочери. Пока наконец не увидел ее под сенью хлопкового древа, но та не узнала своего отца.\r\n\r\nЧтобы вернуть память девочки, жрец нырнул в глубокий омут за рыбой, которая водилась только в топях Ицельтека.\r\n\r\nПожарив улов на холодном огне, он накормил дочь пресным мясом. И память тут же вернулась к ней.\r\n\r\nОбрадовавшись, жрец взял девочку за руку и повел к трону Ицельтека, чтобы умолять своего бога о милосердии...","This is combines text from Dialogue_POIQuest_JokesOfTheGods_Altar02 from 02 to 05"
"DID_Misc_SW_JokesOfTheGods_2_T01_ItemName","История жреца, часть вторая",""
"DID_Misc_SW_JokesOfTheGods_3_T01_ItemDescription","Владыка мертвых Ицельтек рассмеялся, услышав просьбу своего жреца: ступив единожды, никто больше не покидал его владений.\r\n\r\nНо жрец долго служил своему богу, и Ицельтек сжалился. Он отпустил их из своих чертогов, открыв перед ними путь домой.\r\n\r\nСчастливый отец вышел на поверхность, дочь следовала за ним по пятам. Когда внезапно за спиной он услышал хруст костей.\r\n\r\nЖрец обернулся и узрел, как его дочь превращается в огромного крокодила. Он застыл от ужаса, и широкая пасть заглотила его целиком.\r\n\r\nНовый страж встал у врат во владения бога мертвых, чей смех еще долго слышился среди топей.","This is combines text from Dialogue_POIQuest_JokesOfTheGods_Altar03 from 02 to 06"
"DID_Misc_SW_JokesOfTheGods_3_T01_ItemName","История жреца, часть третья",""
"DID_Misc_SW_FateOfTheProphets_1_T01_ItemDescription","Военачальник Чик-Чан пришел, облеченный властью, и потребовал предсказание о своей судьбе.\r\n\r\nЯ вопросил звезды. И звезды ответили, что принесет Чик-Чан великие бедствия нашему народу. Военачальнику не понравилось предсказание. В гневе он приказал уничтожить мои записи, а меня закрыть здесь навечно без еды и воды.\r\n\r\nЗвезды бесстрастны. Они видят. Они покарают моего убийцу.","This is combines text from Dialogue_POIQuest_FateOfTheProphets_Stele01"
"DID_Misc_SW_FateOfTheProphets_1_T01_ItemName","История первого звездочета",""
"DID_Misc_SW_FateOfTheProphets_2_T01_ItemDescription","Военачальник Чик-Чан похитил дочь вождя северного народа и пришел ко мне за звездными картами, чтобы жениться на ней согласно нашим обрядам.\r\n\r\nЯ вопросил звезды. И звезды ответили, что не быть им вместе, ибо дочь вождя противится этому союзу. Пылая гневом, Чик-Чан уничтожил звездные карты. Он отказался внимать воле небес.\r\n\r\nВырвав язык, меня заточили здесь. И теперь не проходит и дня, чтобы я не молил о возмездии.\r\n\r\nЗвезды бесстрастны. Они видят. Они покарают моего убийцу.","This is combines text from Dialogue_POIQuest_FateOfTheProphets_Stele02"
"DID_Misc_SW_FateOfTheProphets_2_T01_ItemName","История второго звездочета",""
"DID_Misc_SW_FateOfTheProphets_3_T01_ItemDescription","Северный народ объявил нам войну, и военачальник Чик-Чан пришел ко мне за предсказанием.\r\n\r\nНо звезды молчали. Тогда в бессильной ярости Чик-Чан разрушил святилище наверху и осквернил обсерваторию, закрыв меня внутри.\r\n\r\nСмерть уже близко. Я знаю, что это место станет моей могилой. Сил почти не осталось, от жажды кружится голова. Но звезды все видят. Они шепчут мне о возмездии.\r\n\r\nЧик-Чан скоро погибнет. Отряд северного народа придет за дочерью вождя и убъет его, бросив тело в топи вблизи от моей могилы. Оно изменится, раздуваясь и искажаясь, сплетаясь с землей и корнями, порожденными порчей.\r\n\r\nЗвезды шепчут мне о беде, которую наслал Чик-Чан на мой народ. Но здесь нет никого, кто бы меня услышал.","This is combines text from Dialogue_POIQuest_FateOfTheProphets_Stele03"
"DID_Misc_SW_FateOfTheProphets_3_T01_ItemName","История третьего звездочета",""
"DID_Misc_CJ_ExquemelinNote_1_T01_ItemName","Причуда судьбы",""
"DID_Misc_CJ_ExquemelinNote_1_T01_ItemDescription","Вчера наткнулся на схрон контрабандистов, где нашел щепотку пороха да бутылку рома. Если в других схронах так же пусто, то дела у них плохи.\r\n\r\nХодят слухи, что контрабандой на Мейне заправляет Генри Эвери. Врут, наверное. Вот уже два десятилетия его «Причуда» не выходила в море, а когда-то о нем слагали легенды.\r\n\r\nЕсли верить одной из них, то Эвери захватил индийский корабль, чьи трюмы ломились от сокровищ. Первым же залпом пираты снесли грот-мачту судна, лишив его хода, и пошли на абордаж. Эвери сражался в авангарде и схлестнулся с индийским капитаном.\r\n\r\nКазалось, противники были равны, пока индиец не оступился. Пирату хватило мгновения, чтобы выбить оружие из его рук. Эвери тут же приставил клинок к горлу противника, сорвал с его головы скрывавший лицо платок и застыл, увидев прекрасную девушку. Принцессу империи Великих Моголов.\r\n\r\nНастоящий же капитан судна прятался в трюме как трус. Эвери приказал протащить его под килем, а принцессу и ее сопровождение – не трогать.\r\n\r\nС тех пор Генри Эвери исчез, прихватив с собой богатства. Принцессу тоже больше никто не видел. Кто-то говорил, что она бросилась в море, кто-то – что вышла замуж за удачливого корсара…\r\n\r\nГенри Эвери наладил на Тортуге контрабандную сеть или нет, мне неизвестно, но кто бы это ни был, большое ему спасибо. В схроне я переждал дождь и двинулся дальше.\r\n\r\nЛишнюю поклажу закопаю наподалеку, под деревом с красной тряпкой – вдруг когда-нибудь снова буду в этих краях.\r\n\r\n– Из дневника Эксквемелина, путешественника",""
"DID_Misc_CJ_ExquemelinNote_2_T01_ItemName","Относительная цена",""
"DID_Misc_CJ_ExquemelinNote_2_T01_ItemDescription","Стоило заночевать в одной из пещер, как меня едва не поймали люди Томаса Ричардса. Вот уж не хотелось бы с ним встречаться.\r\n\r\nСлыхал я однажды от трактирщика на Тортуге, как одна смекалистая испанка дала отпор его головорезам. Была она тогда помощницей капитана на торговом корабле, который шел в Вест-Индию с грузом дорогущего испанского вина.\r\n\r\nОни как раз подходили к Эспаньоле, когда их настиг пиратский корабль. Капитан приготовился сдаться, но команда отказалась. Ведь Ричардс славился тем, что не оставлял свои жертвы в живых. И тогда испанка предложила достать бутылки с вином, разбить их и осколки разбросать по палубе, чтобы пираты искололи себе ноги, когда возьмут их корабль на абордаж.\r\n\r\nСказано – сделано. Команда как раз успела разбросать стекло и спрятаться в каюте, когда первые головорезы спрыгнули на палубу... и тут же взвыли от боли. Их крики сопровождались точными выстрелами, которые посыпались на пиратов из маленького окошка в двери каюты.\r\n\r\nВ конце концов, Ричардс ушел без добычи, команда радовалась победе, а вот капитан еще долго ругался на испанку и даже высадил ее без жалованья в ближайшем порту. Ведь из-за нее он потерял весь свой дорогостоящий груз!\r\n\r\nВпрочем, трактирщик мне сказал, что испанка не расстроилась. Позже она получила свой собственный корабль, в трюме которого хранит пару ящиков с отличным вином. На всякий случай.\r\n\r\nВот и мне лучше убраться подальше от пещер подобру-поздорову. Лишние вещи, как всегда, закопаю под деревом с красной тряпкой. Тоже на всякий случай.\r\n\r\n– Из дневника Эксквемелина, путешественника",""
"DID_Misc_CJ_ExquemelinNote_3_T01_ItemName","Шляпа стоит абордажа",""
"DID_Misc_CJ_ExquemelinNote_3_T01_ItemDescription","За время своих мытарств по этим затерянным островам не увидел ни одного корабля Берегового Братства – только их обломки, которые море выбросило на берег. Зато от пиратов Черной Бороды стало не продохнуть.\r\n\r\nРаньше глава Братства Бенджамин Хорниголд с легкостью избавился бы от Тича, но сейчас у него нелегкие времена...\r\n\r\nЛюбимой байкой у его команды была история про то, как однажды Хорниголд ограбил испанский галеон.\r\n\r\nБудучи совсем молодым пиратом, он приказал поднять на своем шлюпе испанский флаг, притворяясь торговым судном, чтобы не вызывать подозрения. Да и разве могли испанцы подумать, что какой-то мелкий шлюп решится атаковать галеон? Сущее безумие.\r\n\r\nНо для Хорниголда это было дело чести. Капитану галеона сам король повелел избавиться от пиратов на Мейне.\r\n\r\nИспанский капитан не придал значения сообщению о приближающемся корабле – он был слишком занят игрой в карты – и даже не распорядился выставить караул.\r\n\r\nИменно на это рассчитывал Хорниголд. Когда он напал со своей командой, испанцы растерялись и не оказали никакого сопротивления. Хорниголду достался солидный куш и весь выигрыш испанского капитана, которому в тот день по иронии судьбы везло в картах. Вместе с выигрышем Бенджамин забрал его роскошную широкополую шляпу, сказав напоследок, что та стоила абордажа.\r\n\r\nТак Хорниголд стал одним из самых известных капитаном Вест-Индии, а впоследствии и предводителем Берегового Братства.\r\n\r\nЯ нашел в обломках полезную мелочовку. Жаль, что не шляпу: она бы мне пригодилась. Но дальше придется идти налегке. Сундук снова закопаю под деревом с красной тряпкой. Может, когда-нибудь за ним вернусь.\r\n\r\n– Из дневника Эксквемелина, путешественника",""
"DID_Misc_CJ_ExquemelinNote_4_T01_ItemName","\""Базилика\"" Хендс",""
"DID_Misc_CJ_ExquemelinNote_4_T01_ItemDescription","Пираты что-то ищут в руинах. Я спрятался за камнями, чтобы подслушать и уловил имя Израэля Хендса. Едва не выдал себя.\r\n\r\nНа Тортуге о нем ходит много слухов. Говорят, родился Хендс в большой семье торговца в Бристоле. Отцовское дело унаследовали старшие братья – ему же, как в сказке, достался кот в мешке.\r\n \r\nИ будто этого было мало, чуть ли не каждый вечер его отец заливал за воротник и поколачивал жену вместе с младшим сыном.\r\n \r\nВ один из вечеров, когда папаша очередной раз хорошенько принял на грудь, случился с ним несчастный случай: упал он с лестницы и ударился головой... раз десять и ребра переломал. Видимо, лестница была большая и длинная.\r\n \r\nА Хендс решил взять судьбу в свои руки и сбежать – поглядеть на сказочный Новый Свет. В порту он попал на небольшой каперский корабль, где познакомился с Эдвардом Тичем. Позднее, не задумываясь, Хендс вместе с ним пошел служить к Хорниголду в бытность того пиратом.\r\n \r\nГоворят, именно у Хорниголда Хендс получил прозвище \""Базилика\"". То ли за любовь к церквям, то ли – к монашкам.\r\n\r\nНе знаю, чего люди Хендса ищут, но лучше мне убраться подальше – с волками и то безопаснее.\r\n\r\nЛишние вещи опять придется бросить под корягой с красной тряпкой…\r\n\r\n– Из дневника Эксквемелина, путешественника",""
"DID_Misc_CJ_ExquemelinNote_5_T01_ItemName","Дьявол всегда получает свое",""
"DID_Misc_CJ_ExquemelinNote_5_T01_ItemDescription","Ночью рядом с моим укрытием сновали утопленники. Их раздувшиеся туши неуклюже пробирались сквозь плотный кустарник, оставляя за собой влажные следы и трупное зловоние.\r\n\r\nКто-то сильно разгневал Дейви Джонса, раз он открыл свой рундук, позволив мертвецам свободно расхаживать по земле.\r\n\r\nЯ читал, что когда-то моряки клялись именем Нептуна и только пару столетий назад начали шептать имя Дейви Джонса – морского дьявола из Преисподней. Никто не знает, откуда возникли легенды о нем. Но я слышал однажды, как старый трактирщик пересказывал историю, случившуюся с его предком.\r\n\r\nТот служил капитаном на испанской каракке, и попал его корабль в жуткий шторм. Небо поменялось местами с водою, беспрестанно сверкали молнии, и капитан взмолился всем морским духам и демонам, лишь бы добраться до гавани.\r\n\r\nВнезапно в каюте появился богато одетый незнакомец и предложил сделку: три года капитан ходит по морям, не зная бед, а ровно через три года Дейви Джонс явится за ним, чтобы забрать к себе на службу. Капитан согласился.\r\n\r\nИ море успокоилось, грозовые тучи рассеялись, подул попутный ветер, а незнакомец исчез, словно и не было его вовсе.\r\nУдача сопутствовала капитану следующие три года. Ни штормы, ни вражеские пушки, ни даже болезни не грозили ему и его команде. Он разбогател, женился… И через три года пришло время платить по счетам.\r\n\r\nКапитан с ужасом ждал этого дня. Он был доволен жизнью и не хотел идти в услужение дьяволу. Но однажды на закате тот самый незнакомец постучал в дверь его нового дома. Капитан впустил его и предложил роскошный ужин в благодарность за ниспосланную удачу. В последний раз он хотел насладиться человеческой едой перед долгой-долгой службой. Дьявол согласился. Одно блюдо сменялось другим, бокалы с вином оставались полными, а время остановилось на полночи... Пока вдруг не пропел петух.\r\n\r\nДьявол вскинулся, черты его лица исказила ярость, ибо понял он, что его обманули – хитрая жена капитана постоянно переводила часы, чтобы на рассвете Дейви Джонс ушел, оставив ее мужа в покое.\r\nТак и случилось. Дьявол исчез, растворился в рассветных лучах.\r\n\r\nКапитан же никогда больше не покидал суши, и детям своим запрещал приближаться к морю. Но вот его корабль покинул гавань с новым капитаном и исчез со всей командой – Дейви Джонс забрал их себе.\r\n\r\nСтарый трактирщик закончил историю словами о том, что та команда все еще бороздит моря, не зная покоя, и ищет своего предателя-капитана. Так что не стоит обманывать Дейви Джонса. Он всегда возвращается за своими долгами.\r\n\r\nВсю ночь я просидел без сна в своем убежище, прислушиваясь к каждому шороху, и, бросив вещи под приметным деревом с красной тряпкой, бежал сразу, как первые лучи коснулись небосвода.\r\n\r\n– Из дневника Эксквемелина, путешественника",""
"DID_Misc_CJ_ExquemelinNote_6_T01_ItemName","Потревоженный покой",""
"DID_Misc_CJ_ExquemelinNote_6_T01_ItemDescription","Я повидал достаточно сумасшедших на своем веку, чтобы сказать, что человек, поведавший мне свою историю, безумцем не был.\r\n\r\nБосой оборванец в грязном тряпье, он вымаливал трясущимися руками подаяния у входа в трактир, бормоча под нос несуразицу. Взяв у подавальщицы бутылку рома и два стакана, я наполнил один и предложил его оборванцу. Он опрокинул в себя ром как воду и попросил еще. Я снова налил. И стал слушать...\r\n\r\nИх было десять. Тех, кто решился искать сокровища среди древних могил на Болотах. Остальные испугались слухов о проклятии. И правильно сделали. Девятеро остались там навсегда.\r\n\r\nОни действительно нашли золото в руинах, радовались как дети и до заката таскали драгоценные камни из каменных сундуков. Заночевать решили на Болотах.\r\n\r\nА ночью деревья зашевелились.\r\n\r\nИз болота поднялся огромный кусок земли с переплетенными корнями. Из его нутра свисали человеческие конечности. Одним махом древесной руки он прихлопнул сразу двоих, еще трое от ужаса бросились в топь. Пятеро со всех ног побежали в сторону берега и остановились, когда позади стих грохот. В то же мгновение сотни острых деревянных шипов, вырвавшись из-под земли, прошили их тела.\r\n\r\nТолько один сумел вырвать свою раненую руку из смертельной хватки. Он бежал и бежал, пока не рухнул на песок от усталости...\r\n\r\nСегодня я переночую под крышей древних руин. Мои вещи пускай хранятся снаружи – в сундуке под деревом с красной тряпкой им безопаснее.\r\n\r\nЯ не забирал отсюда сокровища мертвецов, поэтому, смею надеяться, стражи этого места меня не тронут, даже если они являются всего лишь плодом воображения больного разума.\r\n\r\n– Из дневника Эксквемелина, путешественника",""
"DID_Misc_CJ_ExquemelinNote_7_T01_ItemName","Потерянные сапоги",""
"DID_Misc_CJ_ExquemelinNote_7_T01_ItemDescription","Сначала мой бедный сапог у меня прямо с ноги стащил вцепившийся в него волк. Хорошо хотя бы, что я успел подхватить мешок и сбежал, прежде чем клыкастая пасть сомкнулась на моей голени.\r\n\r\nСтаю больше привлек запах жарившегося на костре куска козлятины, чем моя стремительно убегающая тушка, так что мне удалось скрыться в руинах и переждать ночь под крышей под недовольные трели пустого желудка.\r\n\r\nНо как только я, голодный и невыспавшийся, выбрался за пределы руин, чтобы собрать спелую кукурузу, на меня напал огромный козел! Эта бешеная шельма гнала меня через все поле без продыху, пытаясь то и дело забодать.\r\n\r\nНа бегу я потерял второй сапог и не глядя провалился сквозь пол в очередные развалины. Только тогда козел наконец отстал, издав напоследок победный клич.\r\n\r\nЛюбимые сапоги безмерно жаль – я выложил за них буканьерам целую пригорошню полновесных пиастров\r\n\r\nПока выбирался из развалин, исколол себе колючками руки и ноги. Говорят, из крокодильей кожи получаются неплохие сапоги. Но не с моей удачей на них охотиться.\r\n\r\nВозвращаться за вещами я, конечно, не стал, а кое-что даже успел привычно припрятать под деревом с красной тряпкой.\r\n\r\n– Из дневника Эксквемелина, путешественника",""
"DID_Misc_ClayTablet_01_T03_ItemDescription","На обожженной глине четко видны символы давно исчезнувшего языка.\r\n",""
"DID_Misc_ClayTablet_01_T03_ItemName","Хорошо сохранившаяся глиняная табличка",""
"DID_Misc_ClayTablet_02_T03_ItemDescription","Табличка сенкамати повреждена, и часть надписи нечитаема. В следующий раз лучше быть осторожнее.\r\n",""
"DID_Misc_ClayTablet_02_T03_ItemName","Поврежденная глиняная табличка",""
"DID_Misc_ClayTablet_03_T03_ItemDescription","Из-за трещин иероглифы почти неразличимы.\r\n",""
"DID_Misc_ClayTablet_03_T03_ItemName","Потрескавшаяся глиняная табличка",""
"DID_Misc_ClayTablet_04_T03_ItemDescription","Технический предмет заглушка",""
"DID_Misc_ClayTablet_04_T03_ItemName","Технический предмет заглушка",""
"DID_Misc_ClayTablet_05_T03_ItemDescription","Технический предмет заглушка",""
"DID_Misc_ClayTablet_05_T03_ItemName","Технический предмет заглушка",""
"DID_Misc_ClayTablet_06_T03_ItemDescription","Технический предмет заглушка",""
"DID_Misc_ClayTablet_06_T03_ItemName","Технический предмет заглушка",""
"DID_Misc_ClayTablet_07_T03_ItemDescription","Технический предмет заглушка",""
"DID_Misc_ClayTablet_07_T03_ItemName","Технический предмет заглушка",""
"DID_Misc_ClayTablet_08_T03_ItemDescription","Технический предмет заглушка",""
"DID_Misc_ClayTablet_08_T03_ItemName","Технический предмет заглушка",""
"DID_Misc_ClayTablet_09_T03_ItemDescription","Технический предмет заглушка",""
"DID_Misc_ClayTablet_09_T03_ItemName","Технический предмет заглушка",""
"DID_Misc_ClayTablet_10_T03_ItemDescription","Технический предмет заглушка",""
"DID_Misc_ClayTablet_10_T03_ItemName","Технический предмет заглушка",""
"DID_Misc_ClayTablet_11_T03_ItemDescription","Технический предмет заглушка",""
"DID_Misc_ClayTablet_11_T03_ItemName","Технический предмет заглушка",""
"DID_Misc_CoinDoubloon_T03_ItemDescription","NOT USED  Outdated coid description\r\n",""
"DID_Misc_CoinDoubloon_T03_ItemName","NOT USED  Gold Coin",""
"DID_Misc_CoinGuinea_T03_ItemDescription","An English gold coin. Essential for securing the finest black-market cargo available on Tortuga.",""
"DID_Misc_CoinGuinea_T03_ItemVanity","Good for bribes, bets, and bad ideas.",""
"DID_Misc_CoinGuinea_T03_ItemName","Guinea",""
"DID_Misc_CoinPiastre_T02_ItemDescription","A Spanish silver coin. Recognized by every merchant and scoundrel, it is most often claimed by boarding and sinking ships.",""
"DID_Misc_CoinPiastre_T02_ItemVanity","Pieces of eight! Pieces of eight!",""
"DID_Misc_CoinPiastre_T02_ItemName","Piastre",""
"DID_Misc_CollectibleKnife_01_T01_ItemDescription","Когда-то, древний народ сенкамати совершал свои тайные ритуалы с помощью подобных артефактов. Теперь эти осколки прошлого – добыча смелых приключенцев.",""
"DID_Misc_CollectibleKnife_01_T01_ItemName","Ritual Knife",""
"DID_Misc_CollectibleKnife_02_T01_ItemDescription","Когда-то, древний народ сенкамати совершал свои тайные ритуалы с помощью подобных артефактов. Теперь эти осколки прошлого – добыча смелых приключенцев.",""
"DID_Misc_CollectibleKnife_02_T01_ItemName","Ritual Knife",""
"DID_Misc_CollectibleKnife_03_T01_ItemDescription","Когда-то, древний народ сенкамати совершал свои тайные ритуалы с помощью подобных артефактов. Теперь эти осколки прошлого – добыча смелых приключенцев.",""
"DID_Misc_CollectibleKnife_03_T01_ItemName","Ritual Knife",""
"DID_Misc_CollectibleMask_T01_ItemDescription","Подобные маски носили жрецы древних народов.",""
"DID_Misc_CollectibleMask_T01_ItemName","Ритуальная маска",""
"DID_Misc_CorruptedMask_T03_ItemDescription","Деревянная маска зараженного обитателя болот",""
"DID_Misc_CorruptedMask_T03_ItemName","Tainted Mask",""
"DID_Misc_BrokenAncientAmulet_T01_ItemName","Разбитый древний медальон",""
"DID_Misc_BrokenFamilyAmulet_T01_ItemDescription","Камень в медальоне треснул, золотая оправа покрылась темными пятнами.",""
"DID_Misc_BrokenFamilyAmulet_T01_ItemName","Разбитый фамильный медальон",""
"DID_Misc_FamilyAmulet_T01_VanityText","Если выходишь в море, будь готов потерять руку, ногу и даже жизнь. Но никогда, слышишь, никогда не расставайся с этой вещью.\r\n\r\n— Отец",""
"DID_Misc_FamilyAmulet_T01_ItemDescription","Старая золотая подвеска с аквамарином, передававшаяся в семье из поколения в поколение.",""
"DID_Misc_FamilyAmulet_T01_ItemName","Фамильный медальон",""
"DID_Misc_DeadPirateNote_T01_ItemDescription","Сраная погода! Из-за нее я тут накрепко застрял. Ну ничего. Главное, что сундук закопан. Иш чего эти бездельники захотели – добычу поровну поделить! Шиш им, а не поровну! Пускай теперь мое золото вечно сторожат.\r\n\r\nКак дождь уймется, доберусь до Тортуги и новую команду найму. Или землю куплю, чтобы сразу с домом и слугами. Аптекаря еще отблагодарить надо – хорошее он мне средство присоветовал. Действенное.\r\n\r\nЗолото пускай полежит – подождет, пока придумаю для Берегового Братства слезливую историю. Как на нас испанцы напали. Или англичане – один черт!\r\n\r\nТолько бы ветер унялся, а то он так завывает и пальмы гнет, что чудится уже... всякое. Если б сам своих не прибил, подумал бы, что они живые.",""
"DID_Misc_DeadPirateNote_T01_ItemName","Размытый листок с зарисовкой острова",""
"DID_Misc_LetterWithGirlName_T01_ItemDescription","Дорогая Летти!\r\n\r\nКлянусь тебе, я скоро вернусь. Никто из Детей Ковчега до нас не доберется. Мне удалось уйти от них незамеченным и связаться с человеком губернатора. Он обещал помочь нам, если я расскажу все о главе секты и его темных делишках. У нас даже появятся деньги, Летти!\r\n\r\nДождись меня на Тортуге, дорогая. Мы уедем в Бостон и начнем новую жизнь, откроем лавку и забудем об этом кошмаре.\r\n\r\nНу вот. Меня зовет капитан – хочет, чтобы я скрылся в каюте, так как на горизонте показался какой-то корабль. Наверное, это люди губернатора.\r\n\r\nОсталось совсем чуть-чуть, Летти.\r\n\r\nЛюблю тебя! Твой Майкл Гарди",""
"DID_Misc_LetterWithGirlName_T01_ItemName","Письмо Майкла Гарди",""
"DID_Misc_LetterFromBoatswain_T01_ItemDescription","Месье Тич,\r\n\r\nящики с порохом уже должны достигнуть лагеря месье Хендса в Предгорьях. Карту с самым вероятным маршрутом корабля, на котором перевозят артефакт, я приложу к этому письму.\r\n\r\nПрошу вас, постарайтесь обойтись без лишних жертв. В конце концов, это не военный корабль. Команда и так почти не окажет сопротивления.\r\n\r\nЯ выполнил условия нашей сделки. Очередь за вами.\r\n\r\nФрансуа Арно",""
"DID_Misc_LetterFromBoatswain_T01_ItemName","Письмо Франсуа Арно",""
"DID_Misc_CultistsManifesto_T01_ItemDescription","Мы – Дети Нового Ковчега. Мы – доски в его бортах, паруса в его мачтах, гвозди в его ребрах. Мы – разрозненные души, собранные воедино Божественной волей.\r\n\r\nГрешники сгниют в лоне опороченной земли, Новый Ковчег же будет плыть по благословенным волнам.\r\n\r\nГлава – наш бессменный штурман. Как море слушает ветер, так и мы слушаем Слово Его. Кто внимает – вознесется, кто ослушается – проклят будет и познает тысячи тысяч адских мучений, навсегда оставшись между землей и небом без возможности найти верный путь.\r\n\r\nМы отвергаем бремя мирского: лишь чистые сердцем и смиренные душой дойдут до обетованной гавани.\r\n\r\nМы веруем: грядет Конец Времен. Совсем скоро разверзднется Бездна Ада и поглотит погрязший во грехе мир. Мы – избранные, и потому спасены будем.\r\n\r\nМы – Дети Нового Ковчега.",""
"DID_Misc_CultistsManifesto_T01_ItemName","Манифест Детей Нового Ковчега",""
"DID_Misc_DoorKey_T04_01_ItemName","Ключ от двери",""
"DID_Misc_DoorKey_T04_02_ItemName","Ключ от железной двери",""
"DID_Misc_DoorKey_T04_03_ItemName","Ключ от сундука в повозке",""
"DID_Misc_ExpensiveSenkamatiStuff_01_T01_ItemDescription","Сделанная из чистого золота, эта маска производит устрашающее впечатление.\r\nМожно найти в руинах и продать контрабандистам.",""
"DID_Misc_ExpensiveSenkamatiStuff_01_T01_ItemName","Золотая маска жреца",""
"DID_Misc_ExpensiveSenkamatiStuff_02_T01_ItemDescription","Сверкающий золотом и тремя огромными рубинами кувшин – редкая и очень дорогая находка.\r\nМожно найти в руинах и продать контрабандистам.",""
"DID_Misc_ExpensiveSenkamatiStuff_02_T01_ItemName","Золотой храмовый кувшин",""
"DID_Misc_ExpensiveSenkamatiStuff_03_T01_ItemDescription","Изящный узор и драгоценные камни – это не просто ваза, это целое состояние.\r\nМожно найти в руинах и продать контрабандистам.",""
"DID_Misc_ExpensiveSenkamatiStuff_03_T01_ItemName","Золотая ваза вождя",""
"DID_Misc_Firebowl_T01_ItemName","Чаша жаровни",""
"DID_Misc_GoldenAmber_01_T01_ItemDescription","Золотой янтарь (технический предмет, будет удален)",""
"DID_Misc_GoldenAmber_01_T01_ItemName","Золотой янтарь (технический предмет, будет удален)",""
"DID_Misc_GoldenIdol_04_T01_ItemName","Часть золотой маски (левая нижняя) (технический предмет, будет удален)",""
"DID_Misc_GoldenMaskFull_01_T01_ItemName","Золотая маска (технический предмет, будет удален)",""
"DID_Misc_GoldenMaskPart_01_T01_ItemName","Часть золотой маски (технический предмет, будет удален)",""
"DID_Misc_GovernorCorrespondence_T02_ItemDescription","Письма губернатора Тортуги нескольким очень высокопоставленным сомнительным лицам.\r\n",""
"DID_Misc_GovernorCorrespondence_T02_ItemName","Письма губернатора",""
"DID_Misc_KeyBossArena_T04_ItemName","Ключ от реликвария",""
"DID_Misc_KsantHandbook_T03_ItemDescription","Собранный на скорую руку словарик. Страницы пестрят символами незнакомого языка с подробным объяснением каждого из них. Некоторые строчки зачеркнуты, написаны заново и зачеркнуты снова, как будто переводчик сильно сомневался в своих выводах.\r\n",""
"DID_Misc_KsantHandbook_T03_ItemName","Словарь Джона",""
"DID_Misc_MapPiece_T01_ItemDescription","На потрепанном пергаменте неровным почерком выведено несколько цифр. Чтобы найти полные координаты, понадобятся другие обрывки.",""
"DID_Misc_MapPiece_T01_ItemName","Обрывок карты с координатами",""
"DID_Misc_MapPiece_T01_VanityText","Только попробуй потерять, паскуда!\r\n— Израэль Хендс",""
"DID_Misc_MedicalBook_T01_ItemDescription","Старый справочник пестрит записями на полях и пометками. Форзац на задней стороне обложки срезан – за ним явно что-то хранили.\r\n",""
"DID_Misc_MedicalBook_T01_ItemName","Медицинский справочник",""
"DID_Misc_MidDrownedStuff_01_T01_ItemDescription","Давно утратила свой изначальный серебряный блеск. Порадует разве что коллекционеров и старьёвщиков.\r\nМожно продать контрабандистам.",""
"DID_Misc_MidDrownedStuff_01_T01_ItemName","Серебряная серьга",""
"DID_Misc_MidSenkamatiStuff_01_T01_ItemDescription","Чудом сохранившийся предмет материальной культуры исчезнувшего народа.\r\nМожно найти в руинах и продать контрабандистам.",""
"DID_Misc_MidSenkamatiStuff_01_T01_ItemName","Медно-глиняная курильница",""
"DID_Misc_MidSenkamatiStuff_02_T01_ItemDescription","Чудом сохранившийся предмет материальной культуры исчезнувшего народа.\r\nМожно найти в руинах и продать контрабандистам.",""
"DID_Misc_MidSenkamatiStuff_02_T01_ItemName","Чашка с медными ручками",""
"DID_Misc_MidSenkamatiStuff_03_T01_ItemDescription","Чудом сохранившийся предмет материальной культуры исчезнувшего народа.\r\nМожно найти в руинах и продать контрабандистам.",""
"DID_Misc_MidSenkamatiStuff_03_T01_ItemName","Горшок с золотыми рогами",""
"DID_Misc_PaperCopyOfClayTablet_01_T03_ItemDescription","Двенадцать зим сменилось со Дня Великой Печали, но мой бог не вернулся.\r\n\r\nМы жертвуем жар своей крови и возносим молитвы. Они остаются без ответа.\r\n\r\nНикого из нас пока не коснулась зараза, но я чувствую ее в воде, в земле, шепоте трав под ногами. Однажды она доберется сюда.\r\n\r\nНаш народ в горном городе живет так, словно ничего не случилось. Они возводят храмы Повелителю Смерти и слушают тишину. Они хотят забыть.\r\n\r\nПоэтому мы должны помнить.","Combined text from Dialogue_POIMainQuest_ForgottenRelics_MuralRuin01, strings from 04 to 06"
"DID_Misc_PaperCopyOfClayTablet_01_T03_ItemName","Первая фреска",""
"DID_Misc_PaperCopyOfClayTablet_02_T03_ItemDescription","Двенадцать раз по двенадцать зим сменилось со Дня Великой Печали. Я все еще хожу по земле.\r\n\r\nГорный город пустеет. Мой народ бежит от прошлого, как ягуар от факела.\r\n\r\nВ прошлую луну, потревоженный проклятием, из гробницы поднялся Юкном. Нам с трудом удалось вернуть ему покой. Там, где он пал, земля покрылась скверной.\r\n\r\nДва моих стража обагрили в его крови свои копья: один из них стал сильнее, другой – поддался порче.\r\n\r\nМы напуганы, но мы не отчаялись. Само проклятие может стать ответом на наши мольбы.","Combined text from Dialogue_POIMainQuest_ForgottenRelics_MuralRuin02, strings from 02 to 07"
"DID_Misc_PaperCopyOfClayTablet_02_T03_ItemName","Вторая фреска",""
"DID_Misc_PaperCopyOfClayTablet_03_T03_ItemDescription","Много-много зим сменилось со Дня Великой Печали. Я перестала считать.\r\n\r\nПочти никого не осталось. Сопротивляться становится сложнее.\r\n\r\nГорный город опустел. Мой народ ошибся и уже заплатил за это забвением.\r\n\r\nОсталось последнее средство: реликвия из далеких земель. С ее помощью я либо воскрешу своего бога... либо сгину.\r\n\r\nВ полнолуние я проведу ритуал пред священными животными Повелителя смерти на алтаре. Пущу себе кровь обсидиановым ножом и буду молиться.","Combined text from Dialogue_POIMainQuest_ForgottenRelics_MuralRuin02, strings from 02 to 06"
"DID_Misc_PaperCopyOfClayTablet_03_T03_ItemName","Третья фреска",""
"DID_Misc_PaperCopyOfClayTablet_04_T03_ItemDescription","Больше не за чем сопротивляться. Больше некому помнить. Святилище станет моей могилой.\r\n\r\nВсе было тщетно.","Combined text from Dialogue_POIMainQuest_ForgottenRelics_Altar_02, strings 02 and 03"
"DID_Misc_PaperCopyOfClayTablet_04_T03_ItemName","Царапины на алтаре",""
"DID_Misc_PirateNote_T02_ItemDescription","Капитан требовал письма... *часть текста заляпана кровью* ...нашли у лекаря и отправили на корабле с остальной добычей... *жирная чернильная клякса* Черная Борода будет доволен.\r\n",""
"DID_Misc_PirateNote_T02_ItemName","Записка пирата",""
"DID_Misc_GraveMemories_SpanishExpedition_01_ItemDescription","...Я буду молиться, чтобы никто не потревожил твой покой, друг. Я, конечно, люблю твою рожу, но не хочу увидеть ее еще раз.\r\n\r\nБез тебя двигаться дальше будет тяжко. Особенно если мертвецы не прекратят нас преследовать.\r\n\r\nМы продолжим экспедицию. Если Колумб прав и местная жрица поможет против Джонса, я ее из-под земли достану. Твоя смерть не будет напрасной.","This is combined text from Dialogue_POIQuest_SpanishExpedition_Grave01Plot 03-05"
"DID_Misc_GraveMemories_SpanishExpedition_01_ItemName","Могила Эстебана Варгаса",""
"DID_Misc_GraveMemories_SpanishExpedition_02_ItemDescription","Хайме... Хайме... Я вытащил тебя из долговой ямы, назначил старшим помощником. А ты отплатил мне тем, что сговорился с врагом. Предал орден, предал веру.\r\n\r\nЧто бы не пообещал Джонс, он соврал. Недолгой оказалась твоя \""вечная жизнь\"".\r\n\r\nСегодня я положил в могилу тебя, а завтра – отправлю Джонса в ад. Тот его заждался.","This is combined text from Dialogue_POIQuest_SpanishExpedition_Grave02Plot 03-05"
"DID_Misc_GraveMemories_SpanishExpedition_02_ItemName","Могила Хайме Лопеса",""
"DID_Misc_GraveMemories_SpanishExpedition_03_ItemDescription","...Атаки мертвецов участились, как будто Джонс чует, что мы обнаружили оружие против его армии. Прости, что не успел прикрыть спину, Гильермо. Без тебя мы бы не добрались до жрицы.\r\n\r\nОна дала нам медальоны, но предупредила, что они срабатывают всего один раз. Как думаешь, этого хватит, чтобы остановить мертвецов?\r\n\r\nМы отправляемся на корабль. Завтра отплываем, чтобы объединиться с Колумбом неподалеку от Тортуги. Но что-то у меня плохое предчувствие...","This is combined text from Dialogue_POIQuest_SpanishExpedition_Grave03Plot 03-05"
"DID_Misc_GraveMemories_SpanishExpedition_03_ItemName","Могила Гильермо Санчеса",""
"DID_Misc_GraveMemories_SpanishExpedition_04_ItemDescription","...Медальон жрицы сработал, но их слишком много. Мы не продержимся долго.\r\n\r\nВерю, что орден найдет выход. Джонсу недолго осталось бороздить моря. Колумб что-нибудь придумает. Всегда придумывал.","\""This is combined text from Dialogue_POIQuest_SpanishExpedition_DeadCaptain 02-03"
"DID_Misc_GraveMemories_SpanishExpedition_04_ItemName","Скелет Хуана де ла Косы",""
"DID_Misc_JuanDeLaCosaJournal_SpanishExpedition_T01_ItemDescription","Сентябрь 15ХХ года. Западное море\r\nХристофор приказал высадиться на Болотах, среди древних могильников, чтобы встретиться со жрицей. Меня не волнует, что она служит здешним демонам. Ведьма она или сама дьяволица, если эта женщина поможет справиться с Джонсом и его армией восставших мертвецов, я готов заключить с ней сделку.\r\n\r\nПервые дни октября\r\nСегодня потеряли пятерых, включая Эстебана. Ночью утопленники вылезли из воды, вскарабкались по бортам и убили часовых. Как идти вперед без навигатора...\r\n\r\nСередина октября 15ХХ года\r\nХайме поднял бунт. Он сговорился с Джонсом за нашими спинами. Продал свою шкуру за обещание бессмертия. Дурак. Я отправил его на тот свет выстрелом в сердце. Он поднялся, и пришлось перерезать ему горло, чтобы навсегда уложить в могилу.\r\nМертвецы продолжают нападать, но мы обязаны завершить нашу миссию.\r\n\r\nНоябрь 15ХХ года\r\nНаконец-то удалось найти жрицу. Не знаю, как Ристо вообще на нее наткнулся, но этому плуту всегда везло. К'иин почти не говорила по-испански, но поняла, зачем мы пришли. Она подарила нам медальоны со словами, что они единожды защитят. Я бы предпочел прочный доспех и верную шпагу.\r\nСтранная женщина. Выглядит молодо, но в глазах ее притаилась смерть.\r\n\r\nМертвецы опять явились по наши души. Сейчас проверим, сработают ли хваленые медальоны.",""
"DID_Misc_JuanDeLaCosaJournal_SpanishExpedition_T01_ItemName","Журнал капитана Хуана де ла Косы",""
"DID_Misc_Recipe_BoardingSaber_T02_ItemDescription","После изучения позваляет создавать предмет: Абордажная Сабля",""
"DID_Misc_Recipe_BoardingSaber_T02_ItemName","Чертеж оружия: Абордажная Сабля",""
"DID_Misc_Recipe_ClayTorches_T02_ItemDescription","После изучения позволяет строить глиняные светильники",""
"DID_Misc_Recipe_ClayTorches_T02_ItemName","Декорация: Глиняные светильники",""
"DID_Misc_Recipe_CrateDecoFood_T02_ItemDescription","После изучения позволяет строить декоративные ящики с едой и посуду",""
"DID_Misc_Recipe_CrateDecoFood_T02_ItemName","Декорация: Ящики с едой",""
"DID_Misc_Recipe_DecoBooksScrolls_T01_ItemName","Декорация: Книги и Свитки",""
"DID_Misc_Recipe_DecoCannons_T02_ItemName","Декорация: Пушки и ядра",""
"DID_Misc_Recipe_Peier_T01_Description","После изучения позволяет строить декорации для пирса",""
"DID_Misc_Recipe_DecoClayJug_T01_ItemDescription","После изучения позволяет строить глиняные кувшины в качестве декораций",""
"DID_Misc_Recipe_DecoClayJug_T01_ItemName","Декорация: Глиняные кувшины",""
"DID_Misc_Recipe_DecoFiberChairs_T01_ItemName","Декорация: Кресла из листьев",""
"DID_Misc_Recipe_DecoIronKitchen_T02_ItemDescription","После изучения позволяет строить декорации в виде кухонных принадлежностей",""
"DID_Misc_Recipe_DecoIronKitchen_T02_ItemName","Декорация: Железная утварь",""
"DID_Misc_Recipe_DecoIronLights_T02_ItemDescription","NOT USED_Learning this plan unlocks: Iron lanterns",""
"DID_Misc_Recipe_DecoIronLights_T02_ItemName","Декорация: Железные фонари",""
"DID_Misc_Recipe_DecoShells_T01_ItemName","Декорация: Украшения из ракушек",""
"DID_Misc_Recipe_DecoSwordsWall_T01_ItemName","Декорация: Мечи на стене",""
"DID_Misc_Recipe_DrakePistol_T02_ItemDescription","После изучения позволяет создавать Двуствольный пистолета Дрейка",""
"DID_Misc_Recipe_DrakePistol_T02_ItemName","Чертеж оружия: Двуствольный пистолет Дрейка",""
"DID_Misc_Recipe_EvisceratingRapier_T02_ItemDescription","После изучения позволяет создавать Рапиру Опустошения",""
"DID_Misc_Recipe_EvisceratingRapier_T02_ItemName","Чертеж оружия: Рапира Опустошения",""
"DID_Misc_Recipe_FahwerkSet_T01_ItemDescription","После изучения позволяет строить стены и балок в стиле фахверк",""
"DID_Misc_Recipe_FahwerkSet_T01_ItemName","Чертеж стройки: Фахверк",""
"DID_Misc_Recipe_FiberSet_T01_ItemDescription","После изучения позволяет строить ограды, двери и окна из растительных материалов",""
"DID_Misc_Recipe_FiberSet_T01_ItemName","Чертеж стройки: Изящные двери и окна из листьев",""
"DID_Misc_Recipe_InfantryMusket_T02_ItemDescription","После изучения позволяет создавать Пехотный Мушкет",""
"DID_Misc_Recipe_InfantryMusket_T02_ItemName","Чертеж оружия: Пехотный Мушкет",""
"DID_Misc_Recipe_ParryingSaber_T02_ItemDescription","После изучения позволяет создавать Клинок Фехтовальщика",""
"DID_Misc_Recipe_ParryingSaber_T02_ItemName","Чертеж оружия: Клинок Фехтовальщика",""
"DID_Misc_Recipe_ReliableRapier_T02_ItemDescription","После изучения позволяет создавать Дуэльную рапиру",""
"DID_Misc_Recipe_ReliableRapier_T02_ItemName","Чертеж оружия: Дуэльная рапира",""
"DID_Misc_Recipe_SwampSet_T03_ItemDescription","После изучения позволяет строить конструктивные элементы из глины",""
"DID_Misc_Recipe_SwampSet_T03_ItemName","Чертеж стройки: Конструкции из глины",""
"DID_Misc_Recipe_WallDecoFood_T02_ItemDescription","После изучения позволяет строить декорации из растений",""
"DID_Misc_Recipe_WallDecoFood_T02_ItemName","Декорация: Декорации из растений",""
"DID_Misc_Recipe_Bits_T01_Base_ItemName","Чертеж: Базовые строительные эллементы",""
"DID_Misc_Recipe_Bits_T01_Base_ItemDescription","При изучении обучает строить новые строительные биты",""
"DID_Misc_Recipe_Bits_T01_PillarsFence_ItemName","Plans: Woven Pillars and Beams",""
"DID_Misc_Recipe_Bits_T01_PillarsFence_ItemDescription","Learning this plan unlocks:\r\n- Woven Pillars (1 bits)\r\n- Log Pillar (1 bit)\r\n- Woven Beams at various angles (7 bits)\r\n- Log Beams at various angles (4 bits)\r\n- Woven Fence (1 bit)\r\n- Woven Corner (1 bit)\r\n- Pier Pillar (1 bit)\r\n- Pier Stairs (1 bit)\r\n- Rope Fences (2 bit)\r\n\r\nPart of the Jungle Survivor building set.",""
"DID_Misc_Recipe_Bits_T01_TriangleWallRoof26and64_ItemName","Plans: Leaf Roofs and Triangular Walls",""
"DID_Misc_Recipe_Bits_T01_TriangleWallRoof26and64_ItemDescription","Learning this plan unlocks:\r\n- Leaf Roofs 26° (2 bits)\r\n- Leaf Roof Ridge 26° (2 bits)\r\n- Leaf Roof Corners 26° (2 bits)\r\n- Leaf Roof Ridge 45° (1 bit)\r\n- Triangular Leaf Roof 45° (2 bits)\r\n- Triangular Leaf Corner Roof 45° (2 bits)\r\n- Triangular Walls 26° (6 bits)\r\n- Triangular Walls 64° (6 bits)\r\n- Canopies decorations (2 bits)\r\n\r\nPart of the Jungle Survivor building set.",""
"DID_Misc_Recipe_Bits_T01_WindowsDoors_ItemName","Plans: Woven Windows and Doors",""
"DID_Misc_Recipe_Bits_T01_WindowsDoors_ItemDescription","Learning this plan unlocks:\r\n- Various Woven Windows (6 bits)\r\n- Various Woven Doors (5 bits)\r\n\r\nPart of the Jungle Survivor building set.",""
"DID_Misc_Recipe_Bits_T02_Base_ItemName","Plans: Stone and Planks. Base set.",""
"DID_Misc_Recipe_Bits_T02_Base_ItemDescription","Learning this plan unlocks:\r\nBasic Stone and Plank building elements.\r\n- Stone Foundation (1 bit)\r\n- Stone Block (1 bit)\r\n- Plank Floor (2 bits)\r\n- Triangular Plank Floor (1 bit)\r\n- Stone and Plank Walls (4 bits)\r\n- Triangular Plank Walls 45° (2 bits)\r\n- Plank Wall Panels (2 bits)\r\n- Stone and Timber Wall Panels (2 bits)\r\n- Plank Stairs (1 bit)\r\n- Plank Ramp (1 bit)\r\n- Corner Stone Stairs (2 bits)\r\n- Plank Window (2 bit)\r\n- Plank Door (2 bit)\r\n- Timber Pillars (1 bits)\r\n- Timber Horizontal Beams (1 bits)\r\n\r\nPart of the Old World building set.",""
"DID_Misc_Recipe_Bits_T02_PillarsFence_ItemName","Plans: Timber Pillars, Beams, and Fences",""
"DID_Misc_Recipe_Bits_T02_PillarsFence_ItemDescription","Learning this plan unlocks:\r\n- Timber Pillars (1 bits)\r\n- Timber Pillars with stone base (2 bits)\r\n- Timber Horizontal Beams (2 bits)\r\n- Timber Beams of various angles (6 bits)\r\n- Timber Corner (1 bit)\r\n- Log Fence (1 bit)\r\n\r\nPart of the Old World building set.",""
"DID_Misc_Recipe_Bits_T02_TriangleWallRoof26and64_ItemName","Plans: Straw Roofs and Triangular Walls",""
"DID_Misc_Recipe_Bits_T02_TriangleWallRoof26and64_ItemDescription","Learning this plan unlocks:\r\n- Straw Roof 26° (2 bits)\r\n- Straw Roof Corner 26° (2 bits)\r\n- Straw Roof Ridges 26° (2 bits)\r\n- Triangular Straw Roof 45°(2 bits)\r\n- Straw Roof Pediments (4 bits)\r\n- Roof Chimney Cap (1 bit)\r\n- Triangular Plank Walls 26° (2 bits)\r\n- Triangular Plank Walls 64° (2 bits)\r\n- Triangular Stone Walls 64° (2 bits)\r\n- Straw Canopies decorations (2 bits)\r\n\r\nPart of the Old World building set.",""
"DID_Misc_Recipe_Bits_T02_WindowsDoors_ItemName","Plans: Plank Windows and Doors",""
"DID_Misc_Recipe_Bits_T02_WindowsDoors_ItemDescription","Learning this plan unlocks:\r\n- Plank Windows (3 bits)\r\n- Plank Doors (3 bits)\r\n\r\nPart of the Old World building set.",""
"DID_Misc_Recipe_Bits_T03_Base_ItemName","Plans: Clay and Logs. Base set.",""
"DID_Misc_Recipe_Bits_T03_Base_ItemDescription","Learning this plan unlocks: \r\nBasic Wathered Clay and Logs building elements\r\n- Log Foundation (1 bit)\r\n- Log Floor (2 bits)\r\n- Clay and Log Walls (6 bits)\r\n- Triangle Clay Walls 45° (2 bits)\r\n- Reed Roof 26° (1 bit)\r\n- Reed Roof Ridge 26° (1 bit)\r\n- Weathered Log Stairs (2 bits)\r\n- Weathered Window (2 bit)\r\n- Weathered Door (2 bit)\r\n- Weathered Log Pillars (1 bits)\r\n- Weathered Horizontal Beams (1 bits)\r\n\r\nPart of the Lost Tribe building set.",""
"DID_Misc_Recipe_Bits_T03_PillarsFence_ItemName","Plans: Weathered Pillars and Fences",""
"DID_Misc_Recipe_Bits_T03_PillarsFence_ItemDescription","Learning this plan unlocks:\r\n- Weathered Log Pillars (1 bits)\r\n- Weathered Horizontal Beams (2 bits)\r\n- Weathered Log Beams of various angles (6 bits)\r\n- Weathered Log Corner (1 bit)\r\n- Weathered Log Fence (2 bit)\r\n\r\nPart of the Lost Tribe building set.",""
"DID_Misc_Recipe_Bits_T03_Round_ItemName","Plans: Rounded Walls and Roofs",""
"DID_Misc_Recipe_Bits_T03_Round_ItemDescription","Learning this plan unlocks:\r\n- Rounded Log Floor\r\n- Rounded Clay Wall\r\n- Rounded Reed Roof 64°\r\n- Rounded Reed Roof Corner 26°\r\n\r\nPart of the Lost Tribe building set.",""
"DID_Misc_Recipe_Bits_T03_TriangleWallRoof26and64_ItemName","Plans: Reed Roofs and Clay Walls",""
"DID_Misc_Recipe_Bits_T03_TriangleWallRoof26and64_ItemDescription","Learning this plan unlocks:\r\n- Reed Roofs 64° (2 bits)\r\n- Reed Roofs Corners 64° (2 bits)\r\n- Large Reed Roof Corner 26° (1 bit)\r\n- Large Reed Roof Pediment 26° (1 bit)\r\n- Triangle Clay Walls 26° (2 bits)\r\n- Triangle Clay Walls 64° (2 bits)\r\n\r\nPart of the Lost Tribe building set.",""
"DID_Misc_Recipe_Bits_T03_WindowsDoors_ItemName","Plans: Weathered Windows and Doors",""
"DID_Misc_Recipe_Bits_T03_WindowsDoors_ItemDescription","Learning this plan unlocks:\r\n- Weathered Log Windows (1 bits)\r\n- Weathered doors (3 bits)\r\n\r\nPart of the Lost Tribe building set.",""
"DID_Misc_Recipe_Bits_T04_BalustradeAndStairs_ItemName","Plans: Mahogany Staircases and Railings",""
"DID_Misc_Recipe_Bits_T04_BalustradeAndStairs_ItemDescription","Learning this plan will unlock:\r\n- Mahogany Staircases (8 bits)\r\n- Stair Case Railings (2 bits)\r\n- Mahogany Fences (3 bits)\r\n- Marble Fences (3 bits)\r\n\r\nPart of the Spanish Caribbean building set.",""
"DID_Misc_Recipe_Bits_T04_Base_ItemName","Plans: Marble, Plaster, and Tile. Base set.",""
"DID_Misc_Recipe_Bits_T04_Base_ItemDescription","Learning this plan unlocks:\r\nBasic Plaster, Marble and Tile building elements\r\n- Hewn Stone Foundation (1 bit)\r\n- Marble Floors (4 bits)\r\n- Plasterd Walls (3 bits)\r\n- Limestone Walls (2 bits)\r\n- Mahogany Walls (2 bits)\r\n- Triangle Plastered Walls (4 bits)\r\n- Tile Roofs (4 bits)\r\n- Elegant Window (2 bit)\r\n- Elegant Doors (3 bits)\r\n- Stone Stairs (3 bits)\r\n- Stone Pillars (1 bits)\r\n- Mahogany horizontal beams (1 bits)\r\n\r\nPart of the Spanish Caribbean building set.",""
"DID_Misc_Recipe_Bits_T04_PillarsAndArch_ItemName","Plans: Columns and Arches",""
"DID_Misc_Recipe_Bits_T04_PillarsAndArch_ItemDescription","Learning this plan unlocks:\r\n- Stone columns (3 bits)\r\n- Mahogany Columns (3 bits)\r\n- Stone, Platered and Mahogany Pillars (2 bits)\r\n- Stone and Mahogany horizontal beams (2 bits)\r\n- Half Archs (2 bits)\r\n- Archs (4 bits)\r\n\r\nPart of the Spanish Caribbean building set.",""
"DID_Misc_Recipe_Bits_T04_TriangleWallRoof13and64_ItemName","Plans: Tile Roofs Extras",""
"DID_Misc_Recipe_Bits_T04_TriangleWallRoof13and64_ItemDescription","Learning this plan unlocks:\r\n- Tile Roof 13° (1 bit)\r\n- Tile Roof Corners 13° (2 bit)\r\n- Triangular Tile Roofs 26° (2 bits)\r\n- Tile Roof Ridges 26° (4 bits)\r\n- Corner and Facade Carncie 26° (2 bits)\r\n- Special Facade Walls (4 bits)\r\n- Triangular Plastered Walls 64° (2 bits)\r\n- Triangular Plastered Walls 13° (2 bits)\r\n\r\nPart of the Spanish Caribbean building set.",""
"DID_Misc_Recipe_Bits_T04_WindowsDoors_ItemName","Plans: Elegant Stained Glass Doors and Windows",""
"DID_Misc_Recipe_Bits_T04_WindowsDoors_ItemDescription","Learning this plan unlocks:\r\n- Varied elegant windows (14 bits)\r\n- Varied elegant Doors (8 bits)\r\n\r\nPart of the Spanish Caribbean building set.",""
"DID_Misc_Recipe_Utility_Labels_T01_Name","Знаки",""
"DID_Misc_Recipe_Utility_Labels_T01_Description","Знаки для хозяйственных капитанов, которые хотят помнить в каких сундуках какое сокровище припасено.",""
"DID_Misc_Recipe_Container_WoodChest_T02","Декорация: Старый сундук",""
"DID_Misc_Recipe_Container_WoodChest_T02_Desc","После изучения для строительства станут доступны: Старый сундук\r\n\r\nЧасть строительного набора \""Old World\""",""
"DID_Misc_Recipe_Container_WoodChest_T03","Декорация: Пиратский сундук",""
"DID_Misc_Recipe_Container_WoodChest_T03_Desc","После изучения для строительства станут доступны: Пиратский сундук\r\n\r\nЧасть строительного набора \""Old World\""",""
"DID_Misc_Recipe_Container_WoodChest_T04","Декорация: Кованый сундук",""
"DID_Misc_Recipe_Container_WoodChest_T04_Desc","После изучения для строительства станут доступны: Кованый сундук\r\n\r\nЧасть строительного набора \""Lost Tribe\""",""
"DID_Misc_Recipe_Deco_Books_T01","Декорация: Книги и свитки",""
"DID_Misc_Recipe_Deco_Books_T01_Desc","После изучения для строительства станут доступны: Декоративные книги и свитки\""\r\n\r\nЧасть строительного набора \""Jungle Survivor\""",""
"DID_Misc_Recipe_Deco_Books_T04","Декорация: Сборник энциклопедий",""
"DID_Misc_Recipe_Deco_Books_T04_Desc","После изучения для строительства станут доступны: Пять сборников энциклопедий — ряд толстых томов в кожаных переплётах, хранящих знания о мире, ремёслах и истории\r\n\r\nЧасть строительного набора \""Spanish Carribean\""",""
"DID_Misc_Recipe_Deco_Canopy_T01","Декорация: Навесы",""
"DID_Misc_Recipe_Deco_Canopy_T01_Desc","После изучения для строительства станут доступны: Три навеса из ткани и верёвок — простые укрытия, защищающие от солнца и непогоды\r\n\r\nЧасть строительного набора \""Jungle Survivor\""",""
"DID_Misc_Recipe_Deco_Carpets_T01","Декорация: Плетеные ковры",""
"DID_Misc_Recipe_Deco_Carpets_T01_Desc","После изучения для строительства станут доступны: Плетёные ковры из натуральных волокон — простые и уютные напольные покрытия\r\n\r\nЧасть строительного набора \""Jungle Survivor\""",""
"DID_Misc_Recipe_Deco_Carpets_T02","Декорация: Прямоугольный ковер с вставками",""
"DID_Misc_Recipe_Deco_Carpets_T02_Desc","После изучения для строительства станут доступны: Ковёр с тканевыми вставками — аккуратно сплетённое напольное покрытие с контрастными элементами\r\n\r\nЧасть строительного набора \""Old World\""",""
"DID_Misc_Recipe_Deco_Carpets_T03","Декорация: Этнические ковры",""
"DID_Misc_Recipe_Deco_Carpets_T03_Desc","После изучения для строительства станут доступны: Этнические узорные ковры — тканые напольные покрытия с традиционными орнаментами и насыщенными оттенками\r\n\r\nЧасть строительного набора \""Lost Tribe\""",""
"DID_Misc_Recipe_Deco_Carpets_T04","Декорация: Персидские ковры",""
"DID_Misc_Recipe_Deco_Carpets_T04_Desc","После изучения для строительства станут доступны: Персидские ковры — богато украшенные тканые покрытия с утончёнными узорами и глубокими цветами, придающие интерьеру роскошь, тепло и ощущение достатка\r\n\r\nЧасть строительного набора \""Spanish Carribean\""",""
"DID_Misc_Recipe_Deco_Curtains_T04_GreenRed","Декорация: Изящные зелено-красные шторы",""
"DID_Misc_Recipe_Deco_Curtains_T04_Desc","После изучения для строительства станут доступны: Зелёно-красные шторы — изящные драпировки с преобладанием зелёной ткани и красными деталями\r\n\r\nЧасть строительного набора \""Spanish Carribean\""",""
"DID_Misc_Recipe_Deco_Curtains_T04_Grey","Декорация: Изящные серые шторы",""
"DID_Misc_Recipe_Deco_Curtains_T04_Grey_Desc","После изучения для строительства станут доступны: Изящные серые шторы — плотные тканевые драпировки с аккуратными складками, смягчающие свет и придающие помещению спокойствие и сдержанную элегантность \r\n\r\nЧасть строительного набора \""Spanish Carribean\""",""
"DID_Misc_Recipe_Deco_Curtains_T04_RedGreen","Декорация: Изящные красно-зеленые шторы",""
"DID_Misc_Recipe_Deco_Combine_CurtainsAndShelves_T04","Декорация: Изящные шторы и полки",""
"DID_Misc_Recipe_Deco_Combine_CurtainsAndShelves_T04_T04_Desc","После изучения для строительства станут доступны: Плотные тканевые драпировки с аккуратными складками и декоративные полки из красного дерева\r\n\r\nЧасть строительного набора \""Spanish Carribean\""",""
"DID_Misc_Recipe_Deco_Dishes_Clay_T01","Декорация: Глиняные кувшины",""
"DID_Misc_Recipe_Deco_Dishes_Clay_T01_Desc","После изучения для строительства станут доступны: Глиняные кувшины — простые сосуды ручной работы\r\n\r\nЧасть строительного набора \""Jungle Survivor\""",""
"DID_Misc_Recipe_Deco_Dishes_Iron_CupsAndPlates_T04","Декорация: Изящная железная посуда",""
"DID_Misc_Recipe_Deco_Dishes_Iron_CupsAndPlates_T04_Desc","После изучения для строительства станут доступны: Кубки, миски и блюда с аккуратной формой и гладкой обработкой, подходящие для стола, приёмов и торжественных случаев\r\n\r\nЧасть строительного набора \""Spanish Carribean\""",""
"DID_Misc_Recipe_Deco_Dishes_Iron_Cutlery_T04","Декорация: Изящные столовые приборы",""
"DID_Misc_Recipe_Deco_Dishes_Iron_Cutlery_T04_Desc","После изучения для строительства станут доступны: Ложка, нож и вилка с аккуратными формами и гладкой отделкой, созданные для сервировки стола и спокойных трапез\r\n\r\nЧасть строительного набора \""Spanish Carribean\""",""
"DID_Misc_Recipe_Deco_Dishes_Iron_T02","Декорация: Железная утварь",""
"DID_Misc_Recipe_Deco_Dishes_Iron_T02_Desc","После изучения для строительства станут доступны: Грубая железная утварь — сковорода, миска и чайник, прочные и неприхотливые предметы для быта \r\n\r\nЧасть строительного набора \""Old World\""",""
"DID_Misc_Recipe_Deco_Dishes_Iron_Utensils_T04","Декорация: Изящная железная утварь",""
"DID_Misc_Recipe_Deco_Dishes_Iron_Utensils_Desc","После изучения для строительства станут доступны: Кувшины, котелки, миски и блюда с аккуратной формой и ровной обработкой, созданные для кухни и стола зажиточного поместья \r\n\r\nЧасть строительного набора \""Spanish Carribean\""",""
"DID_Misc_Recipe_Deco_Dishes_Wood_T01","Декорация: Деревянная утварь",""
"DID_Misc_Recipe_Deco_Dishes_Wood_T01_desc","После изучения для строительства станут доступны: Деревянная утварь — миска, кружка и ведро, простые и удобные предметы для еды, питья и повседневных нужд в лагере\r\n\r\nЧасть строительного набора \""Jungle Survivor\""",""
"DID_Misc_Recipe_Deco_Fireplace_T04","Декорация: Роскошный камин",""
"DID_Misc_Recipe_Deco_Fireplace_T04_T01_Desc","После изучения для строительства станут доступны: Камин из камня и кирпича — тёплый очаг для залов и домов, создающий уют, свет и ощущение обжитого пространства\r\n\r\nЧасть строительного набора \""Spanish Carribean\""",""
"DID_Misc_Recipe_Deco_Flags_T01","Декорация: Флагштоки выжившего",""
"DID_Misc_Recipe_Deco_Flags_T01_Desc","После изучения для строительства станут доступны: Простые флагштоки из необработанного дерева — лёгкие и практичные, подходят для лагерей и временных стоянок\r\n\r\nЧасть строительного набора \""Jungle Survivor\""",""
"DID_Misc_Recipe_Deco_Flags_T02","Декорация: Флагштоки для порта",""
"DID_Misc_Recipe_Deco_Flags_T02_Desc","После изучения для строительства станут доступны: Флагштоки с укреплённым древком — надёжные конструкции для подъёма знамён в поселениях, портах и укреплённых местах\r\n\r\nЧасть строительного набора \""Old World\""",""
"DID_Misc_Recipe_Deco_Flags_T03","Декорация: Флагштоки для резиденции",""
"DID_Misc_Recipe_Deco_Flags_T03_Desc","После изучения для строительства станут доступны: Изящные флагштоки с декоративными элементами — стройные и выразительные, предназначенные для дворцов, резиденций и торжественных площадей\r\n\r\nЧасть строительного набора \""Spanish Carribean\""",""
"DID_Misc_Recipe_Deco_Flags_T01_Wall","Декорация: Настенный флаг",""
"DID_Misc_Recipe_Deco_Flags_T01_Wall_Desc","После изучения для строительства станут доступны: Настенный флаг с пиратским символом — тканевое украшение для стен, придающее интерьеру дух морских приключений и вольной жизни \r\n\r\nЧасть строительного набора \""Jungle Survivor\""",""
"DID_Misc_Recipe_Deco_FortStockadeAndGate","Декорация: Частокол",""
"DID_Misc_Recipe_Deco_FortStockadeAndGate_Desc","После изучения для строительства станут доступны: Частокол и ворота для частокола\r\n\r\nЧасть строительного набора \""Jungle Survivor\""",""
"DID_Misc_Recipe_Deco_Garden_T04_FlowerUrn","Декорация: Вазоны с растениями и цветами",""
"DID_Misc_Recipe_Deco_Garden_T04_FlowerUrn_Desc","После изучения для строительства станут доступны: Каменные вазоны с растениями и цветами — живые декоративные элементы для садов, террас и интерьеров, придающие пространству свежесть и уют\r\n\r\nЧасть строительного набора \""Spanish Carribean\""",""
"DID_Misc_Recipe_Deco_Garden_T04_Fountain","Декорация: Фонтаны",""
"DID_Misc_Recipe_Deco_Garden_T04_Fountain_Desc","После изучения для строительства станут доступны: Каменные фонтаны — декоративные источники воды, наполняющие сады, дворы и залы ощущением прохлады\r\n\r\nЧасть строительного набора \""Spanish Carribean\""",""
"DID_Misc_Recipe_Deco_Combine_Garden_T04","Декорация: Фонтаны и вазоны с растениями",""
"DID_Misc_Recipe_Deco_Combine_Garden_T04_Desc","После изучения для строительства станут доступны: Каменные фонтаны и вазоны придающие свежесть и уют\r\n\r\nЧасть строительного набора \""Spanish Carribean\""",""
"DID_Misc_Recipe_Deco_IronLights_Chandelier_T04","Декорация: Кованые люстры",""
"DID_Misc_Recipe_Deco_IronLights_Chandelier_T04_Desc","После изучения для строительства станут доступны: Подвесные люстры из металла и дерева — выразительные источники света, создающие атмосферу залов, таверн и просторных помещений \r\n\r\nЧасть строительного набора \""Spanish Carribean\""",""
"DID_Misc_Recipe_Deco_IronLights_T02","Декорация: Железные светильники",""
"DID_Misc_Recipe_Deco_IronLights_T02_Desc","После изучения для строительства станут доступны: Шесть грубых железных светильников — прочные источники света с простой ковкой, созданные для мастерских и суровых интерьеров\r\n\r\nЧасть строительного набора \""Old World\""",""
"DID_Misc_Recipe_Deco_IronLights_T04","Декорация: Кованые светильники",""
"DID_Misc_Recipe_Deco_IronLights_T04_Desc","После изучения для строительства станут доступны: Набор кованых подсвечников и ламп — изящных и прочных источников света с выразительной ковкой, подходящие для залов и торжественных интерьеров\r\n\r\nЧасть строительного набора \""Spanish Carribean\""",""
"DID_Misc_Recipe_Deco_IronLights_T02_Cool","Декорация: Охотничьи светильники",""
"DID_Misc_Recipe_Deco_IronLights_T02_Cool_Desc","После изучения для строительства станут доступны: Светильники из рогов — выразительные источники света, созданные из охотничьих трофеев и дерева\r\n\r\nЧасть строительного набора \""Old World\""",""
"DID_Misc_Recipe_Deco_IronLights_T04_Chain","Декорация: Потолочная цепь",""
"DID_Misc_Recipe_Deco_IronLights_T04_Chai_Desc","После изучения для строительства станут доступны: Потолочная цепь из металла — прочная и надёжная, идеально подходит для подвешивания люстр, светильников и других потолочных конструкций\r\n\r\nЧасть строительного набора \""Spanish Carribean\""",""
"DID_Misc_Recipe_Deco_Kitchen_Food_01_T02","Декорация: Набор сытной еды",""
"DID_Misc_Recipe_Deco_Kitchen_Food_01_T02_Desc","После изучения для строительства станут доступны: Набор сытной еды\r\n\r\nЧасть строительного набора \""Old World\""",""
"DID_Misc_Recipe_Deco_Kitchen_Food_02_T02","Декорация: Набор вкусной еды",""
"DID_Misc_Recipe_Deco_Kitchen_Food_02_T02_Desc","После изучения для строительства станут доступны: Набор вкусной еды\r\n\r\nЧасть строительного набора \""Old World\""",""
"DID_Misc_Recipe_Deco_Kitchen_T01","Декорация: Заготовки с едой",""
"DID_Misc_Recipe_Deco_Kitchen_T01_Desc","После изучения для строительства станут доступны: Декоративные миски, корзина с перцами и поднос с травами\r\n\r\nЧасть строительного набора \""Jungle Survivor\""",""
"DID_Misc_Recipe_Deco_Kitchen_T02","Декорация: Заготовки трав",""
"DID_Misc_Recipe_Deco_Kitchen_T02_Desc","После изучения для строительства станут доступны: Связки трав, чеснока и овощей, а также плетёные корзины с кукурузой\r\n\r\nЧасть строительного набора \""Old World\""",""
"DID_Misc_Recipe_Deco_Lights_T01","Декорация: Настенный факел",""
"DID_Misc_Recipe_Deco_Lights_T01_Desc","После изучения для строительства станут доступны: Настенный факел из дерева и ткани — отличный источник света для лагеря\r\n\r\nЧасть строительного набора \""Jungle Survivor\""",""
"DID_Misc_Recipe_Deco_Lights_T01_Chandelier","Декорация: Люстра из штурвала",""
"DID_Misc_Recipe_Deco_Lights_T01_Chandelier_Desc","После изучения для строительства станут доступны: Люстра из старого корабельного штурвала — подвесной светильник с морским характером, освещающий каюты, таверны и дома тех, кто знает вкус дальних плаваний \r\n\r\nЧасть строительного набора \""Jungle Survivor\""",""
"DID_Misc_Recipe_Deco_Lights_T02_ClayTorch","Декорация: Глиняные светильники",""
"DID_Misc_Recipe_Deco_Lights_T02_ClayTorch_Desc","После изучения для строительства станут доступны:  Четыре глиняных светильника - простые и теплые источники света, приносящие уют в хижины и мастерские\r\n\r\nЧасть строительного набора \""Old World\""",""
"DID_Misc_Recipe_Deco_Military_Cannons_T02","Декорация: Пушки и ядра",""
"DID_Misc_Recipe_Deco_Military_Cannons_T02_Desc","После изучения для строительства станут доступны: Декоративная пушка и ядра — полноразмерные элементы военного убранства, придающие пространству атмосферу крепости, порта или арсенала\r\n\r\nЧасть строительного набора \""Old World\""",""
"DID_Misc_Recipe_Deco_Military_SwordsWall_T01","Декорация: Воинский настенный декор",""
"DID_Misc_Recipe_Deco_Military_SwordsWall_T01_Desc","После изучения для строительства станут доступны: Настенные декорации с оружием — перекрещенные клинки и меч, придающие интерьеру дух доблести, истории и воинской чести\r\n\r\nЧасть строительного набора \""Old World\""",""
"DID_Misc_Recipe_Deco_Miniatures_Brig_T03","Декорация: Миниатюры Брига",""
"DID_Misc_Recipe_Deco_Miniatures_Brig_T03_Desc","После изучения для строительства станут доступны: Миниатюры брига как на подставке, так и в бутылке — выразительная модель боевого и торгового судна, ассоциирующегося с охраной маршрутов и морской силой\r\n\r\nЧасть строительного набора \""Spanish Carribean\""",""
"DID_Misc_Recipe_Deco_Miniatures_Cutter_T01","Декорация: Миниатюры Каттера",""
"DID_Misc_Recipe_Deco_Miniatures_Cutter_T01_Desc","После изучения для строительства станут доступны: Миниатюры каттера как на подставке, так и в бутылке — изящная модель быстрого и манёвренного судна, символ прибрежных рейсов, разведки и вольного плавания\r\n\r\nЧасть строительного набора \""Spanish Carribean\""",""
"DID_Misc_Recipe_Deco_Miniatures_Frigate_T04","Декорация: Миниатюры Фрегата",""
"DID_Misc_Recipe_Deco_Miniatures_Frigate_T04_Desc","После изучения для строительства станут доступны: Миниатюра фрегата как на подставке, так и в бутылке — детализированная модель крупного океанского корабля, символа власти, дальних экспедиций и морской славы\r\n\r\nЧасть строительного набора \""Spanish Carribean\""",""
"DID_Misc_Recipe_Deco_Miniatures_Ketch_T02","Декорация: Миниатюры Кеча",""
"DID_Misc_Recipe_Deco_Miniatures_Ketch_T02_Desc","После изучения для строительства станут доступны: Миниатюры кеча как на подставке, так и в бутылке— модель надёжного двухмачтового судна, созданного для дальних переходов и размеренной морской службы\r\n\r\nЧасть строительного набора \""Spanish Carribean\""",""
"DID_Misc_Recipe_Deco_Misc_BarrelRope_T01","Декорация: Рыболовные бочки",""
"DID_Misc_Recipe_Deco_Misc_BarrelRope_T01_Desc","После изучения для строительства станут доступны: Две рыболовные бочки — крепкие деревянные ёмкости, стянутые обручами\r\n\r\nЧасть строительного набора \""Jungle Survivor\""",""
"DID_Misc_Recipe_Deco_Misc_ClockAndGlobe_T04","Декорация: Часы и глобус",""
"DID_Misc_Recipe_Deco_Misc_ClockAndGlobe_T04_Desc","После изучения для строительства станут доступны: Глобус и напольные часы — предметы кабинета учёного или путешественника\r\n\r\nЧасть строительного набора \""Spanish Carribean\""",""
"DID_Misc_Recipe_Deco_Misc_CrateBottles_T01","Декорация: Ящик с бутылками",""
"DID_Misc_Recipe_Deco_Misc_CrateBottles_T01_Desc","После изучения для строительства станут доступны: Деревянный ящик с бутылками — аккуратная тара для хранения самогоценного что есть в лагере\r\n\r\nЧасть строительного набора \""Jungle Survivor\""",""
"DID_Misc_Recipe_Deco_Misc_Horns_T01","Декорация: Украшения из рогов",""
"DID_Misc_Recipe_Deco_Misc_Horns_T01_T01_Desc","После изучения для строительства станут доступны: Напольные и настенные декорации из рогов — трофейные украшения из дерева и костяных элементов, придающие интерьеру охотничий характер\r\n\r\nЧасть строительного набора \""Jungle Survivor\""",""
"DID_Misc_Recipe_Deco_Misc_ParrotCage_T02","Декорация: Металлическая клетка",""
"DID_Misc_Recipe_Deco_Misc_ParrotCage_T02_Desc","После изучения для строительства станут доступны: Металлическая клетка для попугая — лёгкая кованая конструкция с жердочкой и дверцей\r\n\r\nЧасть строительного набора \""Old World\""",""
"DID_Misc_Recipe_Deco_Misc_Stand_T04","Декорация: Интерьерные тумбы",""
"DID_Misc_Recipe_Deco_Misc_Stand_T04_Desc","После изучения позволяет строить новые декорации. Пять декоротивных тумб из красного дерева — изящные и устойчивые опоры для светильников, реликвий и ценных предметов в благородных интерьерах\r\n\r\nЧасть строительного набора \""Spanish Caribbean\""",""
"DID_Misc_Recipe_Deco_Misc_WineBarrels_T01","Декорация: Винные бочки",""
"DID_Misc_Recipe_Deco_Misc_WineBarrels_T01_Desc","После изучения для строительства станут доступны: Винные бочки — деревянные ёмкости для выдержки и хранения вина\r\n\r\nЧасть строительного набора \""Jungle Survivor\""",""
"DID_Misc_Recipe_Deco_Paintings_T01","Decoration: NOT USED Paintings CJ",""
"DID_Misc_Recipe_Deco_Paintings_T01_Desc","Paintings description",""
"DID_Misc_Recipe_Deco_Paintings_T02","Decoration: NOT USED Paintings HL",""
"DID_Misc_Recipe_Deco_Paintings_T02_Desc","Paintings description",""
"DID_Misc_Recipe_Deco_Paintings_T03","Decoration: NOT USED  Paintings SW",""
"DID_Misc_Recipe_Deco_Paintings_T03_Desc","NOT USEDPaintings description",""
"DID_Misc_Recipe_Deco_Paintings_T04","Decoration: NOT USED Paintings AL",""
"DID_Misc_Recipe_Deco_Paintings_T04_Desc","NOT USEDPaintings description",""
"DID_Misc_Recipe_Deco_Paintings_Tortuga","Decoration:  NOT USED Paintings TG",""
"DID_Misc_Recipe_Deco_Paintings_Tortuga_Desc","NOT USEDPaintings description",""
"DID_Misc_Recipe_Deco_Paintings_Shared","Набор картин",""
"DID_Misc_Recipe_Deco_Paintings_Shared_Desc","После изучения для строительства станут доступны: Набор портретов и пейзажей\r\n\r\nЧасть строительного набора \""Spanish Carribean\""",""
"DID_Misc_Recipe_Deco_Pier","Декорация: Декорации пирса",""
"DID_Misc_Recipe_Deco_Seats_T01_Chair","Декорация: Плетеные кресла",""
"DID_Misc_Recipe_Deco_Seats_T01_Chair_Desc","После изучения позволяет строить новые декорации. Три уютных плетеных кресла \r\n\r\nЧасть строительного набора \""Jungle Survivor\""",""
"DID_Misc_Recipe_Deco_Seats_T01_StoolBench","Декорация: Плетеные стулья",""
"DID_Misc_Recipe_Deco_Seats_T01_StoolBench_Desc","После изучения позволяет строить новые декорации.\r\n\r\nЧасть строительного набора \""Jungle Survivor\""",""
"DID_Misc_Recipe_Deco_Seats_T01_StoolBench_Cool","Декорация: Cкамья и табурет из бревна",""
"DID_Misc_Recipe_Deco_Seats_T01_StoolBench_Cool_Desc","После изучения позволяет строить новые декорации. Скамья и табурет из бревна, идеально чтоб поставить у костра \r\n\r\nЧасть строительного набора \""Jungle Survivor\""",""
"DID_Misc_Recipe_Deco_Seats_T02_StoolBench","Декорация: Охотничьи сиденья",""
"DID_Misc_Recipe_Deco_Seats_T02_StoolBench_Desc","После изучения позволяет строить новые декорации. Табурет, скамья и кресло украшеные рогами и обитые тонкой кожей. \r\n\r\nЧасть строительного набора \""Old World\""",""
"DID_Misc_Recipe_Deco_Seats_T04_StoolBenchChair","Декорация: Сиденья из красного дерева",""
"DID_Misc_Recipe_Deco_Seats_T04_StoolBenchChair_Desc","После изучения позволяет строить новые декорации. Коллекция сидений из массива дерева: два табурета, две скамьи и два кресла \r\n\r\nЧасть строительного набора \""Spanish Caribbean\""",""
"DID_Misc_Recipe_Deco_Seats_T04_StoolBenchChair_Cool","Декорация: Шикарные сиденья",""
"DID_Misc_Recipe_Deco_Seats_T04_StoolBenchChair_Cool_Desc","После изучения позволяет строить новые декорации. Табуреты, скамьи и кресла из тёмного дерева с мягкими сиденьями, будто созданные для дома губернатора \r\n\r\nЧасть строительного набора \""Spanish Caribbean\""",""
"DID_Misc_Recipe_Deco_Shells_T01","Декорация: Украшения из ракушек",""
"DID_Misc_Recipe_Deco_Shells_T01_Desc","После изучения для строительства станут доступны:  настенные декораций из ракушек\r\n\r\nЧасть строительного набора \""Jungle Survivor\""",""
"DID_Misc_Recipe_Deco_Shelves_T01","Декорация: Полки из лозы",""
"DID_Misc_Recipe_Deco_Shelves_T01_Desc","После изучения позволяет строить новые декорации. Три плетёные полки из лозы — лёгкие и практичные, для хранения припасов, снаряжения и мелочей в хижине или лагере \r\n\r\nЧасть строительного набора \""Jungle Survivor\""",""
"DID_Misc_Recipe_Deco_Shelves_T04","Декорация: Изящные полки",""
"DID_Misc_Recipe_Deco_Shelves_T04_Desc","После изучения позволяет строить новые декорации. Две изящные полки из красного дерева — аккуратные формы, тёплый оттенок и благородная сдержанность для любого интерьера \r\n\r\nЧасть строительного набора \""Spanish Caribbean\""",""
"DID_Misc_Recipe_Deco_Shelves_T04_Cool","Декорация: Декоративные полки",""
"DID_Misc_Recipe_Deco_Shelves_T04_Cool_Desc","\""После изучения позволяет строить новые декорации. Две декоративные полки из красного дерева — плавные линии и балгородный вид для парадных залов и домов знатных хозяев\r\n\r\nЧасть строительного набора \""Spanish Caribbean\""",""
"DID_Misc_Recipe_Statues_Crocodile_T03","Декорация: Статуи крокодила",""
"DID_Misc_Recipe_Statues_Crocodile_T03_Desc","После изучения для строительства станут доступны: Статуи крокодила\r\n\r\nЧасть строительного набора \""\""Lost Tribe\""",""
"DID_Misc_Recipe_Deco_Tables_T01","Декорация: Плетеные столы",""
"DID_Misc_Recipe_Deco_Tables_T01_Desc","После изучения позволяет строить новые декорации. Три плетёных стола из лозы с лёгкой складной конструкцией \r\n\r\nЧасть строительного набора \""Jungle Survivor\""",""
"DID_Misc_Recipe_Deco_Tables_T02","Декорация: Охотничьи столы",""
"DID_Misc_Recipe_Deco_Tables_Desc","После изучения позволяет строить новые декорации. Два добротных охотничьих стола \r\n\r\nЧасть строительного набора \""Old World\""",""
"DID_Misc_Recipe_Deco_Tables_T04","Декорация: Столы из красного дерева",""
"DID_Misc_Recipe_Deco_Tables_T04_Desc","После изучения позволяет строить новые декорации. Два стола из красного дерева с тёплой фактурой и добротной деревянной конструкцией\r\n\r\nЧасть строительного набора \""Spanish Caribbean\""",""
"DID_Misc_Recipe_Deco_Tables_T04_Cool","Декорация: Большие столы из красного дерева",""
"DID_Misc_Recipe_Deco_Tables_T04_Cool_Desc","После изучения позволяет строить новые декорации. Набор больших столов из красного дерева — массивные, устойчивые и созданные для просторных залов и долгих застолий\r\n\r\nЧасть строительного набора \""Spanish Caribbean\""",""
"DID_Misc_Recipe_Deco_Combine_TablesAndStands_T04","Декорация: Столы из красного дерева и тумбы",""
"DID_Misc_Recipe_Deco_Combine_TablesAndStands_T04_Desc","После изучения для строительства станут доступны: Набор столов из красного дерева и тумб с тёплой фактурой и добротной деревянной конструкцией.\r\n\r\nЧасть строительного набора \""Spanish Caribbean\""",""
"DID_Misc_Recipe_Deco_Combine_Furniture_T02","Декорация: Мебель охотника",""
"DID_Misc_Recipe_Deco_Combine_Furniture_T02_Desc","После изучения для строительства станут доступны: Столы, сиденья и шкафы украшенные рогами и обитые тонкой кожей.\r\n\r\nЧасть строительного набора \""Old World\""",""
"DID_Misc_Recipe_Deco_Wardrobe_T01","Декорация: Плетеные стелажи",""
"DID_Misc_Recipe_Deco_Wardrobe_T01_Desc","После изучения позволяет строить новые декорации. Три плетёных стеллажа из лозы и ветвей — грубые, но надёжные конструкции для хранения припасов, трофеев и утвари\r\n\r\nЧасть строительного набора \""Jungle Survivor\""",""
"DID_Misc_Recipe_Deco_Wardrobe_T02","Декорация: Шкафы охотника",""
"DID_Misc_Recipe_Deco_Wardrobe_T02_Desc","После изучения позволяет строить новые декорации. Четыре массивных стеллажа из дерева и кожи, украшенные рогами\r\n\r\nЧасть строительного набора \""Old World\""",""
"DID_Misc_Recipe_Deco_Wardrobe_T04_Buffet","Декорация: Изящные буфеты",""
"DID_Misc_Recipe_Deco_Wardrobe_T04_Buffet_Desc","После изучения для строительства станут доступны: Два буфета из красного дерева — вместительные и основательные, с аккуратной резьбой и тёплой фактурой, для хранения посуды, припасов и ценных мелочей\r\n\r\nЧасть строительного набора \""\""Spanish Carribean\",""
"DID_Misc_Recipe_Deco_Wardrobe_T04_Cabinet","Декорация: Изящные шкафы",""
"DID_Misc_Recipe_Deco_Wardrobe_T04_Cabinet_Desc","После изучения для строительства станут доступны: Два шкафа из красного дерева с тёплой фактурой и сдержанной резьбой, созданный для хранения утвари и ценностей в благородном интерьере \r\n\r\nЧасть строительного набора \""Spanish Carribean\""",""
"DID_Misc_Recipe_Deco_Wardrobe_T04_Cabinet_Cool","Декорация: Шкафы и ширма из красного дерева",""
"DID_Misc_Recipe_Deco_Wardrobe_T04_Cabinet_Cool_Desc","После изучения для строительства станут доступны: Два элегантных шкафа с выразительной резьбой, небольшой комод и ширма из красного дерева идеально подходящие для благородного интерьера\r\n\r\nЧасть строительного набора \""Spanish Carribean\""",""
"DID_Misc_Recipe_Deco_Wardrobe_T04_Nighstand","Декорация: Изящные тумбы",""
"DID_Misc_Recipe_Deco_Wardrobe_T04_Nighstand_Desc","После изучения позволяет строить новые декорации. Две изящные тумбы из красного дерева — аккуратная резьба, тёплый оттенок и благородные пропорции для утончённого интерьера\r\n\r\nЧасть строительного набора \""Spanish Caribbean\""",""
"DID_Misc_Recipe_Deco_Combine_Wardrobes_T04","Декорация: Элегантные шкафы",""
"DID_Misc_Recipe_Deco_Combine_Wardrobes_T04_Desc","После изучения для строительства станут доступны: Набор шкафов с аккуратной резьбой и тёплой фактурой, для хранения посуды, припасов и ценных мелочей.\r\n\r\nЧасть строительного набора \""Spanish Caribbean\""",""
"DID_Misc_Recipe_Utility_Bed_T01_Cool","Декорация: Простая кровать с изголовьем",""
"DID_Misc_Recipe_Utility_Bed_T01_Cool_Desc","После изучения позволяет строить новые декорации. Кровать из дерева с соломенным изголовьем и грубым покрывалом — скромное, но уютное место для отдыха \r\n\r\nЧасть строительного набора \""Jungle Survivor\""",""
"DID_Misc_Recipe_Utility_Bed_T02","Декорация: Кровать охотника",""
"DID_Misc_Recipe_Utility_Bed_T02_Desc","После изучения для строительства станут доступны: Кровать охотника — деревянное ложе с кожаным изголовьем и рогами трофеев\r\n\r\nЧасть строительного набора \""Old World\""",""
"DID_Misc_Recipe_Utility_Bed_T04","Декорация: Изысканная кровать",""
"DID_Misc_Recipe_Utility_Bed_T04_Desc","После изучения для строительства станут доступны: Кровать из красного дерева — изящное ложе с тёплой древесной фактурой и аккуратной резьбой, созданное для спокойного отдыха в уютных покоях\r\n\r\nЧасть строительного набора \""Spanish Carribean\""",""
"DID_Misc_Recipe_Utility_Bed_T04_Cool","Декорация: Шикарная кровать",""
"DID_Misc_Recipe_Utility_Bed_T04_Cool_Desc","После изучения для строительства станут доступны: Шикарная кровать — богато украшенное ложе с резным изголовьем, мягким текстилем и продуманными деталями, предназначенное для покоев знати\r\n\r\nЧасть строительного набора \""Spanish Carribean\""",""
"DID_Misc_RitualKey_T02_ItemDescription","Тяжелый каменный ключ, покрытый сетью загадочных резных узоров, пережил века забвения и молчания. Местный народ использовал подобные предметы для особых ритуалов",""
"DID_Misc_RitualKey_T02_ItemName","Ритуальный ключ от храмовых врат",""
"DID_Misc_RitualKey_T02_VanityText","Молчание было нам ответом...",""
"DID_Misc_ShipBell_T01_ItemDescription","Нужен для строительства точек быстрого перемещения\r\nДелается на верстаке.",""
"DID_Misc_ShipBell_T01_ItemName","Медный колокол",""
"DID_Misc_SpanishStuff_01_T04_ItemName","NOT USED  Precious bull statuette","NOT USED  Дорогостоящая статуэтка быка"
"DID_Misc_SpanishStuff_02_T04_ItemName","NOT USED  Precious сasket","NOT USED Дорогостоящая табакерка или шкатулка"
"DID_Misc_SpanishStuff_03_T04_ItemName","NOT USED Precious wine bottle","NOT USED Дорогостоящее коллекционное вино"
"DID_Misc_FortCaptainLog_01_T04_ItemName","NOT USED Fort Captain's Log","NOT USED Журнал капитана форта"
"DID_Misc_FortCaptainLog_01_T04_ItemDescription","NOT USED May 16XX. Three dead men rose from their graves. Quickly burned them in secret from the residents.\r\n\r\nEarly June 16XX. Reports of the dead rising are increasing. Couldn't keep them quiet. I ordered the fort to be heavily guarded.\r\n\r\nMid-June 16XX. The residents are agitated. It's not a bad time to riot. And here I thought I'd be guarding San-Guardi from pirates. Naive.\r\n\r\nLate June 16XX. Residents revolted. Immediately closed the vault. I kept one key, gave the other two to the lieutenant and the chief of the guard.\r\nIn the morning, the city began to tremble. I wish it wasn't an earthquake...","Май 16ХХ\r\nТрое мертвецов восстали из могил. Быстро сожгли их в тайне от горожан.\r\n\r\nНачало июня 16ХХ\r\nРапортов о восставших мертвецах все больше. Не удалось сохранить их в тайне. Приказал усилить охрану форта.\r\n\r\nСередина июня 16ХХ\r\nЖители взволнованы. Так и до бунта недалеко. А я-то считал, что буду охранять Сан-Гварди от пиратов... Наивный.\r\n\r\nКонец июня 16ХХ\r\nЖители взбунтовались. Срочно закрыл хранилище. Один ключ оставил себе, два других отдал лейтенанту и начальнику караула.\r\nС утра в городе начались толчки. Только бы не землетрясение..."
"DID_Resource_Acid_T04_ItemName","NOT USED Acid",""
"DID_Resource_AlchemicalBase_T01_ItemDescription","Алхимический реагент\r\nГотовится на алхимическом столе из орхидеи",""
"DID_Resource_AlchemicalBase_T01_ItemName","Алхимическая основа",""
"DID_Resource_Aloe_T02_ItemDescription","Можно найти на полянах в Предгорьях",""
"DID_Resource_Aloe_T02_ItemName","Лист алоэ",""
"DID_Resource_AloeSeeds_T02_ItemDescription","Из этих семян можно вырастить алоэ\r\n\r\nРастет только на грядке",""
"DID_Resource_AloeSeeds_T02_ItemName","Семена алоэ",""
"DID_Resource_AncientRelicFragment_T04_ItemName","Обломок древней реликвии",""
"DID_Resource_AncientSteelPiece_T04_ItemName","Кусок древней стали",""
"DID_Resource_Anvil_T02_ItemDescription","Рабочий инструмент кузнеца.\r\nДелается на верстаке",""
"DID_Resource_Anvil_T02_ItemName","Наковальня",""
"DID_Resource_Ash_T01_ItemDescription","Пригодится для производства пороха.\r\nДелается в углевыжигательной печи, при производстве угля.",""
"DID_Resource_Ash_T01_ItemName","Зола",""
"DID_Resource_BananaSeeds_T01_ItemDescription","Из этих семян можно вырастить банан\r\n\r\nРастет на земле",""
"DID_Resource_BananaSeeds_T01_ItemName","Семена банана",""
"DID_Resource_Bark_T02_ItemDescription","Кора Диви-диви, добываемая лишь с крупных деревьев.\r\nПригодится для изготовления Танина и дубления кож.\r\n",""
"DID_Resource_Bark_T02_ItemName","Кора дерева",""
"DID_Resource_Bean_T03_ItemDescription","Можно найти на Болотах",""
"DID_Resource_Bean_T03_ItemName","Фасоль",""
"DID_Resource_Bezoar_T02_ItemDescription","Алхимический реагент. Содержится в желудках козлов.\r\nДобывается с коз и козлов.",""
"DID_Resource_Bezoar_T02_ItemName","Безоар",""
"DID_Resource_BlackBeanSeeds_T03_ItemDescription","Из этих семян можно вырастить фасоль\r\n\r\nРастет только на грядке",""
"DID_Resource_BlackBeanSeeds_T03_ItemName","Семена фасоли",""
"DID_Resource_BoarHead_T01_ItemDescription","Трофей. Украсит любую стену и покажет гостям, что не стоит переходить дорогу тому, кто завалил такую тушу.\r\nДобывается с кабанов.",""
"DID_Resource_BoarHead_T01_ItemName","Голова кабана",""
"DID_Resource_BoarTusk_T01_ItemDescription","Алхимический реагент\r\nДобывается с кабанов",""
"DID_Resource_BoarTusk_T01_ItemName","Бивень кабана",""
"DID_Resource_BoneMeal_T04_ItemName","Костная мука",""
"DID_Resource_Bones_T03_ItemName","Кости",""
"DID_Resource_Broadcloth_T04_ItemName","Сукно",""
"DID_Resource_Bromeliaceae_T02_ItemDescription","Эти цветы используют в алхимии\r\nМожно найти в Болотах",""
"DID_Resource_Bromeliaceae_T02_ItemName","Бромелия",""
"DID_Resource_BromeliaSeeds_T03_ItemDescription","Из этих семян можно вырастить бромелию\r\n\r\nРастет только на грядке",""
"DID_Resource_BromeliaSeeds_T03_ItemName","Семена бромелии",""
"DID_Resource_BushMancinellaSeeds_T01_ItemDescription","Из этих семян можно вырастить кусты манцинеллы",""
"DID_Resource_BushMancinellaSeeds_T01_ItemName","Семена куста",""
"DID_Resource_CaneSugar_T03_ItemDescription","Ингредиент для готовки\r\nЧасто встречается в древних руинах",""
"DID_Resource_CaneSugar_T03_ItemName","Тростниковый сахар",""
"DID_Resource_Clay_T01_ItemDescription","Необходима для стройки и посуды\r\nМожно найти в прибрежных джунглях, недалеко от пляжа",""
"DID_Resource_Clay_T01_ItemName","Глина",""
"DID_Resource_ClayBottle_T01_ItemDescription","Сосуд для алхимических декоктов\r\nДелается на верстаке из глины Прибрежных Джунглей",""
"DID_Resource_ClayBottle_T01_ItemName","Глиняная бутылка",""
"DID_Resource_Coal_T01_ItemDescription","Обычный уголь\r\nДелается в углевыжигательной печи из древесины",""
"DID_Resource_Coal_T01_ItemName","Обычный уголь",""
"DID_Resource_Coal_T03_ItemDescription","Этот странный порошок горит неожиданно ярким и горячим пламенем\r\nНаходится повсеместно на Болотах",""
"DID_Resource_Coal_T03_ItemName","Воспламеняющийся порошок (Quagmire Powder)",""
"DID_Resource_CoconutOil_T04_ItemName","Кокосовое масло",""
"DID_Resource_Coffee_T03_ItemDescription","Ароматно пахнущие зерна\r\nЧасто встречаются в трюмах кораблей архипелага",""
"DID_Resource_Coffee_T03_ItemName","Зерна кофе",""
"DID_Resource_Compost_T02_ItemDescription","Удобрение\r\nДелается в компостере",""
"DID_Resource_Compost_T02_ItemName","Примитивный компост",""
"DID_Resource_ContrabandGoods_T02_ItemDescription","Очень сильно заинтересуют торговцев на Тортуге.\r\nМожно найти у пиратов или добыть, уничтожая пиратские корабли в море.",""
"DID_Resource_ContrabandGoods_T02_ItemName","Контрабандные товары",""
"DID_Resource_CopperOre_T01_ItemDescription","Добывается из медной жилы. Используется для создания оружия и инструментов.\r\nМожно найти в пещерах в Прибрежных Джунглях.",""
"DID_Resource_CopperOre_T01_ItemName","Медная руда",""
"DID_Resource_Cornmeal_T02_ItemDescription","Ингредиент для готовки. Получается, если перемолоть кукурузу.\r\nДелается на жерновах.",""
"DID_Resource_Cornmeal_T02_ItemName","Кукурузная мука",""
"DID_Resource_CornSeeds_T02_ItemDescription","Из этих семян можно вырастить кукурузу\r\n\r\nРастет только на грядке",""
"DID_Resource_CornSeeds_T02_ItemName","Семена кукурузы",""
"DID_Resource_CrabShell_T01_ItemDescription","Можно повесить на стенку в качестве трофея\r\nДобывается с крабов.",""
"DID_Resource_CrabShell_T01_ItemName","Панцирь краба",""
"DID_Resource_CrocodileHead_T03_ItemDescription","Голова опасного хищника\r\nДобывается с крокодилов.",""
"DID_Resource_CrocodileHead_T03_ItemName","Голова крокодила",""
"DID_Resource_CrocodileLeather_T03_ItemDescription","С ботинками из этой кожи вас могут принять за аристократа\r\nДобывается с крокодилов.",""
"DID_Resource_CrocodileLeather_T03_ItemName","Кусок шкуры крокодила","Crocodile Hide Scraps"
"DID_Resource_CrocodileTail_T03_ItemDescription","Мясистый!\r\nДобывается с крокодилов.",""
"DID_Resource_CrocodileTail_T03_ItemName","Хвост крокодила",""
"DID_Resource_CrocodileTears_T03_ItemDescription","Алхимический реагент, невероятно прозрачная жидкость без вкуса и запаха\r\nДобывается с Plague Crusher.",""
"DID_Resource_CrocodileTears_T03_ItemName","Слеза скорби",""
"DID_Resource_Diamond_T04_ItemName","Алмаз",""
"DID_Resource_DodoEgg_01_ItemDescription","Обычное яйцо необычной птицы. Вкусный и универсальный продукт, который можно найти в гнездах додо. Однако они не отдают свою кладку без боя.",""
"DID_Resource_DodoEgg_01_ItemName","Яйцо Додо",""
"DID_Resource_DodoHead_T01_ItemDescription","Трофей. Неплохое начало для коллекции.\r\nДобывается с лазурного додо.",""
"DID_Resource_DodoHead_T01_ItemName","Голова додо",""
"DID_Resource_ElasticLeather_T04_ItemName","Эластичная кожа",""
"DID_Resource_EliteGoatHead_T02_ItemDescription","Трофей. Говорят, если долго на него смотреть, то он моргнет. А если смотреть еще дольше, то и боднуть может.\r\nДобывается с козлиных вожаков.",""
"DID_Resource_EliteGoatHead_T02_ItemName","Голова вожака горных козлов",""
"DID_Resource_EnchantedFabric_T03_ItemDescription","Зачарованная ткань\r\nДелается на столе зачарований",""
"DID_Resource_EnchantedFabric_T03_ItemName","Fabric Arborum",""
"DID_Resource_EnchantedIngot_T03_ItemDescription","Зачарованный слиток\r\nДелается на столе зачарований",""
"DID_Resource_EnchantedIngot_T03_ItemName","Ingot Arborum",""
"DID_Resource_EnchantedLeather_T03_ItemDescription","Зачарованная шкура\r\nДелается на столе зачарований",""
"DID_Resource_EnchantedLeather_T03_ItemName","Hide Arborum",""
"DID_Resource_EnchantedRitualKnife_T03_ItemDescription","Об острые края каменного лезвия легко порезаться. Нож холодит ладонь и словно вибрирует в руке от предвкушения.",""
"DID_Resource_EnchantedRitualKnife_T03_ItemName","Зачарованный ритуальный нож",""
"DID_Resource_EnchantedWood_T03_ItemDescription","Проклятая древесина\r\nДобывается из деревьев в проклятых местах","Tainted Wood \r\nObtained from trees in tainted places"
"DID_Resource_EnchantedWood_T03_ItemName","Tainted Wood","Tainted Wood"
"DID_Resource_Fabric_T01_ItemDescription","Грубая ткань\r\nДелается на верстаке из растительного волокна.",""
"DID_Resource_Fabric_T01_ItemName","Грубая ткань",""
"DID_Resource_Fat_T01_ItemDescription","Необходим для изготовления светильников.\r\nДобывается с некоторых животных.",""
"DID_Resource_Fat_T01_ItemName","Жир",""
"DID_Resource_Feather_T01_ItemDescription","Украсят любую шляпу и пригодятся в алхимии\r\nДобывается с птиц.",""
"DID_Resource_Feather_T01_ItemName","Перо",""
"DID_Resource_FiberPlant_T01_ItemDescription","Используется для создания ткани.\r\nДобывается с некоторых кустарников",""
"DID_Resource_FiberPlant_T01_ItemName","Растительное волокно",""
"DID_Resource_FicusSeeds_T01_ItemDescription","Из этих семян можно вырастить фикус",""
"DID_Resource_FicusSeeds_T01_ItemName","Семена фикуса",""
"DID_Resource_Firefly_T03_ItemDescription","Светлячок\r\nМожно найти в болотах.",""
"DID_Resource_Firefly_T03_ItemName","Светлячок",""
"DID_Resource_FishMeat_T02_ItemDescription","Прекрасное на вид мясо рыбы остается только вкусно приготовить!\r\nДобывается рыбалкой",""
"DID_Resource_FishMeat_T02_ItemName","Мясо рыбы",""
"DID_Resource_FlaxFiber_T02_ItemDescription","Используется для создания ткани.\r\nМожно добыть с выращенного или дикорастущего льна.",""
"DID_Resource_FlaxFiber_T02_ItemName","Льняное волокно",""
"DID_Resource_FlaxOil_T04_ItemName","Льняное масло",""
"DID_Resource_FlaxSeeds_T02_ItemDescription","Из этих семян можно вырастить лен\r\n\r\nРастет только на грядке",""
"DID_Resource_FlaxSeeds_T02_ItemName","Семена льна",""
"DID_Resource_GemAgility_T01_ItemDescription","Зеленый, как глаз кошки, камень.\r\nМожно найти в древних подземельях",""
"DID_Resource_GemAgility_T01_ItemName","Изумруд",""
"DID_Resource_GemFortitude_T01_ItemDescription","Прочный камень цвета морской пучины.\r\nМожно найти в древних подземельях",""
"DID_Resource_GemFortitude_T01_ItemName","Сапфир",""
"DID_Resource_GemMobility_T01_ItemDescription","Камень цвета прибрежной волны – нечастая находка на архипелаге.\r\nМожно найти в древних подземельях",""
"DID_Resource_GemMobility_T01_ItemName","Аквамарин",""
"DID_Resource_GemPrecision_T01_ItemDescription","Хоть этот камень цветом и похож на песок – стоит он намного больше.\r\nМожно найти в древних подземельях",""
"DID_Resource_GemPrecision_T01_ItemName","Топаз",""
"DID_Resource_GemStrengh_T01_ItemDescription","Похож на кусок застывшей крови.\r\nМожно найти в древних подземельях",""
"DID_Resource_GemStrengh_T01_ItemName","Рубин",""
"DID_Resource_GemVlitality_T01_ItemDescription","Довольно дорогой самоцвет нежно-розового цвета.\r\nМожно найти в древних подземельях",""
"DID_Resource_GemVlitality_T01_ItemName","Гранат",""
"DID_Resource_GhostFabric_T04_ItemName","NOT USED  Ghost fabric",""
"DID_Resource_GhostIngot_T04_ItemName","NOT USED  Ghost ignot",""
"DID_Resource_GhostLeather_T04_ItemName","NOT USED  Ghost leather",""
"DID_Resource_GhostWood_T04_ItemName","NOT USED  Ghost wood",""
"DID_Resource_GlassBottle_T04_ItemName","Стеклянная бутылка",""
"DID_Resource_GoatHorn_T02_ItemDescription","Алхимический реагент\r\nДобывается с козлов.",""
"DID_Resource_GoatHorn_T02_ItemName","Рог горного козла",""
"DID_Resource_GoldIngot_T03_ItemDescription","Золотой слиток, необходим для улучшения бижутерии.",""
"DID_Resource_GoldIngot_T03_ItemName","Золотой слиток",""
"DID_Resource_GoldNugget_T03_ItemDescription","Ура! Золото! \r\nМожно найти в Болотах и переплавить в слитки. Или купить целые слитки у торговцев.",""
"DID_Resource_GoldNugget_T03_ItemName","NOT USED  Gold",""
"DID_Resource_GrapeJuice_T04_ItemName","NOT USED  Grape juice",""
"DID_Resource_GrapeSeeds_T04_ItemDescription","NOT USED  Grape seeds description",""
"DID_Resource_GrapeSeeds_T04_ItemName","NOT USED  Grape seeds",""
"DID_Resource_Hardwood_T02_ItemDescription","Используется при создании оружия, корабельных материалов и многого другого\r\nМожно добыть в предгорьях с деревьев диви-диви.",""
"DID_Resource_Hardwood_T02_ItemName","Твердая древесина",""
"DID_Resource_HealingHerbs_T01_ItemDescription","Набор душистых трав, обладающих живительной силой. Алхимический реагент.",""
"DID_Resource_HealingHerbs_T01_ItemName","Целебные травы",""
"DID_Resource_HealingHerbsSeeds_T01_ItemDescription","Из этих семян можно вырастить целебные травы\r\n\r\nРастет только на грядке",""
"DID_Resource_HealingHerbsSeeds_T01_ItemName","Семена целебных трав",""
"DID_Resource_HewnStone_T02_ItemDescription","Строительный материал\r\nПроизводится на верстаке",""
"DID_Resource_HewnStone_T02_ItemName","Тесаный камень",""
"DID_Resource_HolyDust_T04_ItemName","NOT USED Holy dust",""
"DID_Resource_HolyFabric_T04_ItemName","NOT USED Holy fabric",""
"DID_Resource_HolyIngot_T04_ItemName","NOT USED Holy ingot",""
"DID_Resource_HolyLeather_T04_ItemName","NOT USED Holy leather",""
"DID_Resource_HolyWood_T04_ItemName","NOT USED Holy wood",""
"DID_Resource_IcacoSeeds_T03_ItemDescription","Из этих семян можно вырастить икако\r\n\r\nРастет только на грядке",""
"DID_Resource_IcacoSeeds_T03_ItemName","Семена икако",""
"DID_Resource_Iron_T02_ItemDescription","Из нее можно делать слитки горного железа.\r\nМожно найти в природных карьерах Предгорий",""
"DID_Resource_Iron_T02_ItemName","Руда горного железа",""
"DID_Resource_Iron_T03_ItemDescription","Древний кусок металла неизвестного происхождения и состава.\r\nМожно найти в разрушенных поселениях Болот",""
"DID_Resource_Iron_T03_ItemName","Кусок металла (Ancient Scraps)",""
"DID_Resource_IronUtensils_T02_ItemDescription","Пригодится как в приготовлении обеда, так и в создании ядов. \r\nДелается на верстаке",""
"DID_Resource_IronUtensils_T02_ItemName","Железная утварь",""
"DID_Resource_ItemUpgradeArmor_T01_ItemDescription","NOT USED  Upgrade item",""
"DID_Resource_ItemUpgradeArmor_T01_ItemName","NOT USED  Upgrade item",""
"DID_Resource_ItemUpgradeArmor_T02_ItemDescription","NOT USED  Upgrade item",""
"DID_Resource_ItemUpgradeArmor_T02_ItemName","NOT USED  Upgrade item",""
"DID_Resource_ItemUpgradeArmor_T03_ItemDescription","NOT USED  Upgrade item",""
"DID_Resource_ItemUpgradeArmor_T03_ItemName","NOT USED  Upgrade item",""
"DID_Resource_ItemUpgradeWeapon_T01_ItemDescription","NOT USED  Upgrade item",""
"DID_Resource_ItemUpgradeWeapon_T01_ItemName","NOT USED  Upgrade item",""
"DID_Resource_ItemUpgradeWeapon_T02_ItemDescription","NOT USED  Upgrade item",""
"DID_Resource_ItemUpgradeWeapon_T02_ItemName","NOT USED  Upgrade item",""
"DID_Resource_ItemUpgradeWeapon_T03_ItemDescription","NOT USED  Upgrade item",""
"DID_Resource_ItemUpgradeWeapon_T03_ItemName","NOT USED  Upgrade item",""
"DID_Resource_KeyBossArena_T02_ItemDescription","Открывает врата древнего храма.\r\n",""
"DID_Resource_KeyBossArena_T02_ItemName","Ключ от храма в Предгорьях",""
"DID_Resource_Leather_T01_ItemDescription","Будущие сапоги или шляпа.\r\nДобывается с животных у которых есть шерсть.",""
"DID_Resource_Leather_T01_ItemName","Грубая шкура",""
"DID_Resource_LeavesPlant_T01_ItemDescription","NOT USED Leaves description.",""
"DID_Resource_LeavesPlant_T01_ItemName","NOT USED Leaves",""
"DID_Resource_LeekSeeds_T03_ItemDescription","Из этих семян можно вырастить лук-порей\r\n\r\nРастет только на грядке",""
"DID_Resource_LeekSeeds_T03_ItemName","Семена лука-порей",""
"DID_Resource_LimeTreeSeeds_T02_ItemDescription","Из этих семян можно вырастить лайм\r\n\r\nРастет на земле",""
"DID_Resource_LimeTreeSeeds_T02_ItemName","Семена лайма",""
"DID_Resource_LinenFabric_T02_ItemDescription","Используется в портняжном деле.\r\nДелается на прялке из льняного волокна",""
"DID_Resource_LinenFabric_T02_ItemName","Ткань из льна",""
"DID_Resource_Lobstershroom_T01_ItemDescription","Растут на Болотах",""
"DID_Resource_Lobstershroom_T01_ItemName","Гриб-лобстер",""
"DID_Resource_Mahogany_T04_ItemName","NOT USED Mahogany",""
"DID_Resource_Meat_T01_ItemDescription","Жирный кусок мяса так и ждет чтобы его превратили в сочный стейк.\r\nДобывается с крупных животных.",""
"DID_Resource_Meat_T01_ItemName","Мясо",""
"DID_Resource_MeatBird_T01_ItemDescription","Додо на вкус как курица!\r\nДобывается с птиц.",""
"DID_Resource_MeatBird_T01_ItemName","Мясо птицы",""
"DID_Resource_MeatCrab_T01_ItemDescription","Крабы клацают на пляжах.\r\nДобывается с крабов.",""
"DID_Resource_MeatCrab_T01_ItemName","Мясо краба",""
"DID_Resource_MillstoneParts_T02_ItemDescription","Необходимы для создания жернова.\r\nДелается на верстаке",""
"DID_Resource_MillstoneParts_T02_ItemName","Детали жернова",""
"DID_Resource_MistyOrchid_T01_ItemDescription","Алхимический реагент. Часто встречается возле руин.\r\nЦветет в ночное время, днем встречается редко\r\nНе растет в Предгорьях. Издает звук который помогает в поиске.",""
"DID_Resource_MistyOrchid_T01_ItemName","Туманная орхидея",""
"DID_Resource_Nails_T01_ItemDescription","Можно добыть из обломков кораблей и лодок на берегу.\r\nДелаются на верстаке из меди или железа.",""
"DID_Resource_Nails_T01_ItemName","Гвозди",""
"DID_Resource_Nails_T02_ItemName","Steel Nails",""
"DID_Resource_Nails_T02_ItemDescription","Высококачественные гвозди, привезённые из метрополии. Самый надёжный способ добыть их — реквизировать с других кораблей или снять с их обломков.",""
"DID_Resource_Nails_T02_VanityText","Надежный, как слово капитана.",""
"DID_Resource_NavigationInstruments_T04_ItemName","Навигационные приборы",""
"DID_Resource_Obsidian_T03_ItemDescription","Обломок вулканического стекла. Нужен для изготовления бижутерии\r\nМожно найти в Болотах.",""
"DID_Resource_Obsidian_T03_ItemName","Обсидиан",""
"DID_Resource_TaintedBile_T03_ItemDescription","Bile from the remains of a tainted crocodile.\r\nДобывается c Plague Crocodile.",""
"DID_Resource_TaintedBile_T03_ItemName","Tainted Bile",""
"DID_Resource_OldArmor_Boots_T04_ItemDescription","NOT USED Desposable item",""
"DID_Resource_OldArmor_Boots_T04_ItemName","NOT USED  Desposable item",""
"DID_Resource_OldArmor_Hands_T04_ItemDescription","NOT USED  Desposable item",""
"DID_Resource_OldArmor_Hands_T04_ItemName","NOT USED  Desposable item",""
"DID_Resource_OldArmor_Hat_T04_ItemDescription","NOT USED  Desposable item",""
"DID_Resource_OldArmor_Hat_T04_ItemName","NOT USED  Desposable item",""
"DID_Resource_OldArmor_Legs_T04_ItemDescription","NOT USED  Desposable item",""
"DID_Resource_OldArmor_Legs_T04_ItemName","NOT USED  Desposable item",""
"DID_Resource_OldArmor_Torso_T04_ItemDescription","NOT USED  Desposable item",""
"DID_Resource_OldArmor_Torso_T04_ItemName","NOT USED  Desposable item",""
"DID_Resource_Onion_T03_ItemDescription","Можно найти на Болотах",""
"DID_Resource_Onion_T03_ItemName","Лук",""
"DID_Resource_PalmSeeds_T01_ItemDescription","Из этих семян можно вырастить пальму",""
"DID_Resource_PalmSeeds_T01_ItemName","Семена пальмы",""
"DID_Resource_Peanut_T02_ItemDescription","Ими удобно хрустеть на ходу. Любимое лакомство пиратов.",""
"DID_Resource_Peanut_T02_ItemName","Орехи",""
"DID_Resource_PepperSeeds_T01_ItemDescription","Из этих семян можно вырастить перец\r\n\r\nРастет только на грядке",""
"DID_Resource_PepperSeeds_T01_ItemName","Семена кайенского перца",""
"DID_Resource_PineappleJuice_T04_ItemName","NOT USED Pineapple juice",""
"DID_Resource_PineappleSeeds_T04_ItemName","NOT USED Pineapple seeds",""
"DID_Resource_PlanksWood_T01_ItemDescription","Нужны для постройки кораблей\r\nДелается на верстаке",""
"DID_Resource_PlanksWood_T01_ItemName","Деревянная доска",""
"DID_Resource_Potato_T01_ItemDescription","Вкусный корнеплод, можно найти в джунглях",""
"DID_Resource_Potato_T01_ItemName","Батат",""
"DID_Resource_PotatoSeeds_T01_ItemDescription","Из этих семян можно вырастить батат\r\n\r\nРастет только на грядке",""
"DID_Resource_PotatoSeeds_T01_ItemName","Семена батата",""
"DID_Resource_Quartz_T04_ItemName","NOT USED Quartz",""
"DID_Resource_Resin_T03_ItemDescription","Очень вязкая. Пригодится чтобы что-нибудь как следует просмолить\r\nМожно найти в болотах.",""
"DID_Resource_Resin_T03_ItemName","Смола (Tar)",""
"DID_Resource_Rigging_T04_ItemName","Такелаж",""
"DID_Resource_Rope_T01_ItemDescription","Лучший друг приключенца.\r\nДелается на верстаке из растительного волокна",""
"DID_Resource_Rope_T01_ItemName","Моток веревки",""
"DID_Resource_RosellaSepal_T04_ItemName","NOT USED Rosella",""
"DID_Resource_Salt_T03_ItemDescription","Ингредиент для готовки\r\nЧасто встречаtтся в трюмах кораблей архипелага",""
"DID_Resource_Salt_T03_ItemName","Соль",""
"DID_Resource_Saltpeter_T02_ItemDescription","NOT USED Gunpowder ingredient description",""
"DID_Resource_Saltpeter_T02_ItemName","NOT USED Gunpowder ingredient",""
"DID_Resource_SenkamatiUmbraPepper_T03_ItemDescription","Секрет ее приготовления почти никому не известен. Ингредиент для готовки\r\nМожно найти на Болотах",""
"DID_Resource_SenkamatiUmbraPepper_T03_ItemName","Загадочная специя",""
"DID_Resource_SilverIngot_T02_ItemDescription","Серебряный слиток, необходим для улучшения бижутерии.",""
"DID_Resource_SilverIngot_T02_ItemName","Серебряный слиток",""
"DID_Resource_Soil_T02_ItemDescription","Добывается на заброшенных фермах Предгорий",""
"DID_Resource_Soil_T02_ItemName","Плодородная почва",""
"DID_Resource_SticksWood_T01_ItemDescription","NOT USED Sticks description",""
"DID_Resource_SticksWood_T01_ItemName","NOT USED Stick",""
"DID_Resource_Stone_T01_ItemDescription","Строительный материал\r\nРазбросаны по миру в единичном виде или в форме огромных глыб.",""
"DID_Resource_Stone_T01_ItemName","Камень",""
"DID_Resource_Sulfur_T01_ItemDescription","На всякий случай надо перекреститься.\r\nМожно найти рядом со скоплениями каменных глыб.",""
"DID_Resource_Sulfur_T01_ItemName","Сера",""
"DID_Resource_TanLeather_T02_ItemDescription","Используется в портняжном деле. \r\n\r\nДелается на дубильне.",""
"DID_Resource_TanLeather_T02_ItemName","Выделанная кожа",""
"DID_Resource_Tannin_T02_ItemDescription","Обладает дубильными свойствами и характерным вяжущим вкусом. Применяется при обработке кож и мехов.\r\n\r\nДелается на алхимическом столе из коры дерева Диви-Диви",""
"DID_Resource_Tannin_T02_ItemName","Танин",""
"DID_Resource_TarredPlanks_T03_ItemDescription","Прекрасно сопротивляются влаге, очень нужны при стройке кораблей",""
"DID_Resource_TarredPlanks_T03_ItemName","Просмоленные доски",""
"DID_Resource_TarredFabric_T03_ItemDescription","Прекрасно сопротивляется влаге, пригодится для парусов и крепкой одежды\r\n\r\nДелается на дубильне",""
"DID_Resource_TarredFabric_T03_ItemName","Просмоленная ткань",""
"DID_Resource_TeaLeaf_T04_ItemName","NOT USED  Tea leaf",""
"DID_Resource_ToledoSteel_T04_ItemName","NOT USED Toledo steel","NOT USED Толедская сталь"
"DID_Resource_TomatoSeeds_T02_ItemDescription","Из этих семян можно вырастить томаты\r\n\r\nРастет только на грядке",""
"DID_Resource_TomatoSeeds_T02_ItemName","Семена томата",""
"DID_Resource_TritonsTrumpet_T01_ItemDescription","Красивая ракушка.\r\nМожно найти на пляже.",""
"DID_Resource_TritonsTrumpet_T01_ItemName","Рог Тритона",""
"DID_Resource_TumbagoIngot_T03_ItemDescription","Древний сплав меди и золота, открытый индейцами в незапамятные времена, необходим для возвышения предметов экипировки.",""
"DID_Resource_TumbagoIngot_T03_ItemName","Слиток тумбага",""
"DID_Resource_UmbraEssence_T03_ItemDescription","Воплощенное проклятие\r\nВыжигается из tainted wood в плавильной печи",""
"DID_Resource_UmbraEssence_T03_ItemName","Essence Arborum",""
"DID_Resource_UndeadEssence_T01_ItemDescription","По слухам, может использоватся не только в алхимии но и для создания колдовского оружия. Странная штука, немного холодноватая на ощупь\r\nНаходится после убийства нежити",""
"DID_Resource_UndeadEssence_T01_ItemName","Эссенция мертвеца",""
"DID_Resource_UndeadEssence_T02_ItemDescription","Обжигает пальцы холодом\r\nНаходится после убийства сильной нежити",""
"DID_Resource_UndeadEssence_T02_ItemName","Сердце мертвеца",""
"DID_Resource_Varnish_T04_ItemName","NOT USED Varnish",""
"DID_Resource_VarnishedMahogany_T04_ItemName","NOT USED Varnish description",""
"DID_Resource_Vinegar_T04_ItemName","Уксус",""
"DID_Resource_VolcanicAsh_T04_ItemName","NOT USED Volcanic ash","Вулканический пепел"
"DID_Resource_WineBottle_T04_ItemName","NOT USED Wine bottle",""
"DID_Resource_WolfFang_T02_ItemDescription","Алхимический реагент. Также используется в качестве материала для украшений.\r\nДобывается с волков.",""
"DID_Resource_WolfFang_T02_ItemName","Волчий клык",""
"DID_Resource_WolfHead_T02_ItemDescription","Трофей. Древние народы подавали поджаренную голову как ритуальное блюдо своим вождям. Основной трюк – не сломать зубы о кости. Возможно, вожди древних редко улыбались...\r\nДобывается с волков.",""
"DID_Resource_WolfHead_T02_ItemName","Голова волка",""
"DID_Resource_Wood_T01_ItemDescription","Строительный материал\r\nДобывается с крупных деревьев и пальм.",""
"DID_Resource_Wood_T01_ItemName","Древесина",""
"DID_Resource_WoodenBeam_T02_ItemDescription","Материал для строительства кораблей\r\nПроизводится из древесины предгорных деревьев Диви-Диви\r\nДелается на верстаке",""
"DID_Resource_WoodenBeam_T02_ItemName","Деревянный брус",""
"EID_Armor_Mask_Senkamati_T03_ItemDescription","Ритуальная маска древних народов",""
"EID_Armor_Mask_Senkamati_T03_ItemName","Маска древних народов",""
"EID_Backpack_L00_T01_ItemDescription","Дырявый, но довольно вместительный\r\nДелается на верстаке",""
"EID_Backpack_L00_T01_ItemName","Рваный мешок из парусины",""
"EID_Backpack_L01_T01_ItemDescription","Вместит провиант на неделю и две бутылки рома.",""
"EID_Backpack_L01_T01_ItemName","Рюкзак матроса",""
"EID_Backpack_L02_T01_ItemDescription","Надежен как якорь, просторен как палуба корабля.",""
"EID_Backpack_L02_T01_ItemName","Рюкзак Боцмана",""
"EID_Backpack_L03_T01_ItemDescription","Бездонный, словно морская пучина!",""
"EID_Backpack_L03_T01_ItemName","Рюкзак Квартирмейстера",""
"EID_Backpack_L04_T01_ItemDescription","С ним не страшно отправиться даже в самый долгий путь!",""
"EID_Backpack_L04_T01_ItemName","Рюкзак Путешественника",""
"EID_Backpack_L10_T01_ItemDescription","Огромный бездонный мешок",""
"EID_Backpack_L10_T01_ItemName","Огромный бездонный мешок",""
"EID_MeleeWeapon_Fists_T00_ItemDescription","С левой или с правой?",""
"EID_MeleeWeapon_Fists_T00_ItemName","Кулаки",""
"EID_Resource_ClayPot_T01_ItemDescription","Это не шлем – на голову не надевать. Незаменим в алхимии и готовке.\r\nДелается на верстаке",""
"EID_Resource_ClayPot_T01_ItemName","Глиняный котелок",""
"EID_Resource_CopperPot_T01_ItemDescription","Это не шлем – на голову не надевать. Незаменим в алхимии и готовке.\r\nДелается на верстаке",""
"EID_Resource_CopperPot_T01_ItemName","Медный котелок",""
"EID_Tool_Axe_T00_ItemDescription","Рубит? Рубит!\r\nДелается на верстаке",""
"EID_Tool_Axe_T00_ItemName","Каменный топор",""
"EID_Tool_Axe_T01_ItemDescription","Неплохая альтернатива каменному топору. Но не справится с прочными породами дерева.",""
"EID_Tool_Axe_T01_ItemName","Медный топор",""
"EID_Tool_Axe_T02_ItemDescription","Железный топор, сможет справится с прочной древесиной Предгорья",""
"EID_Tool_Axe_T02_ItemName","Железный топор",""
"EID_Tool_Axe_T03_ItemDescription","Болотный топор, справится с чем угодно, даже с проклятыми деревьями",""
"EID_Tool_Axe_T03_ItemName","Болотный топор",""
"EID_Tool_FishingRod_T02_ItemDescription","С такой каждый день становится отличным деньком для рыбалки!\r\nДелается на верстаке",""
"EID_Tool_FishingRod_T02_ItemName","Простая удочка",""
"EID_Tool_Pickaxe_T00_ItemDescription","Долбит? Долбит!\r\nДелается на верстаке",""
"EID_Tool_Pickaxe_T00_ItemName","Каменная кирка",""
"EID_Tool_Pickaxe_T01_ItemDescription","Неплохая альтернатива каменной кирке. Но с прочными породами придется туго.",""
"EID_Tool_Pickaxe_T01_ItemName","Медная кирка",""
"EID_Tool_Pickaxe_T02_ItemDescription","Железная кирка, сильно облегчает добычу руды",""
"EID_Tool_Pickaxe_T02_ItemName","Железная кирка",""
"EID_Tool_Pickaxe_T03_ItemDescription","Болотная кирка, разрушит даже самую прочную породу в два счета",""
"EID_Tool_Pickaxe_T03_ItemName","Болотная кирка",""
"EID_Tool_Shovel_T01_ItemDescription","Незаменима, если нужно выкопать яму, клад, разровнять землю или насыпать холм",""
"EID_Tool_Shovel_T01_ItemName","Лопата",""
"EID_Tool_Torch_T01_ItemDescription","Огонь горит ярко",""
"EID_Tool_Torch_T01_ItemName","Факел",""
"RD_AID_Ammo_FirearmProjectile_AncientMetal_T03_UIDataName","Bullet Arborum 5 шт.",""
"RD_AID_Ammo_FirearmProjectile_FineMetal_T02_UIDataName","Железная пуля 5 шт.",""
"RD_AID_Ammo_FirearmProjectile_RoughMetal_T02_UIDataName","Медная пуля 5 шт.",""
"RD_AID_Ammo_FirearmProjectile_StoneBullet_T01_UIDataName","Каменная пуля 5 шт.",""
"RD_AID_Ammo_Gunpowder_Homemade_T02_Buy_UIDataName","Кустарный порох",""
"RD_AID_Ammo_Gunpowder_Homemade_T02_UIDataName","Кустарный порох, 10 pcs.",""
"RD_AID_Ammo_Gunpowder_Homemade_T02_UIDataName_10","Кустарный порох, 15 pcs.",""
"RD_BuildObject_Bits_Collection_T01_Window_01_UIDataName","Окна из палок",""
"RD_BuildObject_Bits_Collection_T01_Window_02_UIDataName","Изящные окна из палок",""
"RD_BuildObject_Bits_Collection_T01_Canopy_UIDataName","Навесы из палок",""
"RD_BuildObject_Bits_Collection_T01_Door_01_UIDataName","Двери из палок",""
"RD_BuildObject_Bits_Collection_T01_Door_02_UIDataName","Изящные двери из палок",""
"RD_BuildObject_Bits_Collection_T01_Fence_UIDataName","Длинный забор из палок",""
"RD_BuildObject_Bits_Collection_T01_Floor_UIDataName","Пол из тростника",""
"RD_BuildObject_Bits_Collection_T01_BigFloor_UIDataName","Большой пол из тростника",""
"RD_BuildObject_Bits_Collection_T01_TriangleFloor_UIDataName","Треугольный пол из тростника",""
"RD_BuildObject_Bits_Collection_T01_TriangleFloor_Logs_UIDataName","A triangular floor section made of logs",""
"RD_BuildObject_Bits_Collection_T01_TriangleFloor_Mahogany","A triangular floor section made of mahogany",""
"RD_BuildObject_Bits_Collection_T01_TriangleFloor_Marble","A triangular floor section made of marble",""
"RD_BuildObject_Bits_Collection_T01_Basement_UIDataName","Фундамент из тростника",""
"RD_BuildObject_Bits_Collection_T01_Pillar_UIDataName","Деревянные балки",""
"RD_BuildObject_Bits_Collection_T01_Roof_26_UIDataName","Крыша из листьев 26°",""
"RD_BuildObject_Bits_Collection_T01_Roof_45_UIDataName","Крыша из листьев 45°",""
"RD_BuildObject_Bits_Collection_T01_Roof_Corner_26_UIDataName","Угловая крыша из листьев 26°",""
"RD_BuildObject_Bits_Collection_T01_Roof_Corner_45_UIDataName","Угловая крыша из листьев 45°",""
"RD_BuildObject_Bits_Collection_T01_Roof_Ridge_26_UIDataName","Конек крыши из листьев 26°",""
"RD_BuildObject_Bits_Collection_T01_Roof_Ridge_45_UIDataName","Конек крыши из листьев 45°",""
"RD_BuildObject_Bits_Collection_T01_TriangleRoof_UIDataName","Треугольные крыши из листьев",""
"RD_BuildObject_Bits_Collection_T01_BigRoof_26_UIDataName","Большая крыша из листьев 26°",""
"RD_BuildObject_Bits_Collection_T01_BigRoof_45_UIDataName","Большая крыша из листьев 45°",""
"RD_BuildObject_Bits_Collection_T01_CornerWall_26_UIDataName","Треугольные стены из палок, коры и листьев 26°",""
"RD_BuildObject_Bits_Collection_T01_CornerWall_45_UIDataName","Треугольные стены из палок, коры и листьев 45°",""
"RD_BuildObject_Bits_Collection_T01_CornerWall_64_UIDataName","Треугольные стены из палок, коры и листьев 64°",""
"RD_BuildObject_Bits_Collection_T01_CornerWall_13_UIDataName","A triangular walls made of sticks, bark and leaves 13°",""
"RD_BuildObject_Bits_Collection_T01_Stairs_UIDataName","Лестница из палок",""
"RD_BuildObject_Bits_Collection_T01_Wall_UIDataName","Стены из палок, коры и листьев",""
"RD_BuildObject_Bits_Collection_T01_BigWall_UIDataName","Большие стены из палок, коры и листьев",""
"RD_BuildObject_Bits_Collection_T02_RoofCap_UIDataName","Башенка дымохода",""
"RD_BuildObject_Bits_StonePlanks_FahwerkWall_UIDataName","Фахверк",""
"RD_BuildObject_Bits_Collection_T02_Basement_01_UIDataName","Фундамент из мелкого камня",""
"RD_BuildObject_Bits_Collection_T02_Basement_02_01_UIDataName","Фундамент из крупного камня",""
"RD_BuildObject_Bits_Collection_T02_Basement_02_02_UIDataName","Большой фундамент из крупного камня",""
"RD_BuildObject_Bits_Collection_T02_StoneStairs_UIDataName","Лестница из камня",""
"RD_BuildObject_Bits_Collection_T02_StoneStairs_Triangle_UIDataName","Уголки лестницы из камня",""
"RD_BuildObject_Bits_Collection_T02_Window_Wood_UIDataName","Окна из досок",""
"RD_BuildObject_Bits_Collection_T02_Window_Cool_UIDataName","Окна из досок с решеткой",""
"RD_BuildObject_Bits_Collection_T02_Window_Glass_UIDataName","Застекленные окна из досок",""
"RD_BuildObject_Bits_Collection_T02_Door_UIDataName","Двери из досок",""
"RD_BuildObject_Bits_Collection_T02_Door_Glass_UIDataName","Двери из досок с оконцем",""
"RD_BuildObject_Bits_Collection_T02_Canopy_UIDataName","Навесы из соломы",""
"RD_BuildObject_Bits_Collection_T02_BigRoof_UIDataName","Большие крыша из соломы 26°",""
"RD_BuildObject_Bits_Collection_T02_Roof_UIDataName","Крыши из соломы 26°",""
"RD_BuildObject_Bits_Collection_T02_TriangleRoof_UIDataName","Треугольные крыши из соломы 45°",""
"RD_BuildObject_Bits_Collection_T02_Floor_UIDataName","Пол из досок",""
"RD_BuildObject_Bits_Collection_T02_TriangleFloor_UIDataName","Треугольный пол из досок",""
"RD_BuildObject_Bits_Collection_T02_BigFloor_UIDataName","Большой пол из досок",""
"RD_BuildObject_Bits_Collection_T02_Wall_01_UIDataName","Стена из камня",""
"RD_BuildObject_Bits_Collection_T02_Wall_02_UIDataName","Стена из досок",""
"RD_BuildObject_Bits_Collection_T02_Wall_03_UIDataName","Стена из досок и камня",""
"RD_BuildObject_Bits_Collection_T02_CornerWall_Stone_64_UIDataName","Треугольные стены из камня 64°",""
"RD_BuildObject_Bits_Collection_T02_CornerWall_Stone_45_UIDataName","A triangular wall made of stone at 45°",""
"RD_BuildObject_Bits_Collection_T02_CornerWall_Stone_26_UIDataName","A triangular wall made of stone at 26°",""
"RD_BuildObject_Bits_Collection_T02_CornerWall_Stone_13_UIDataName","A triangular wall made of stone at 13°",""
"RD_BuildObject_Bits_Collection_T02_CornerWall_Wood_26_UIDataName","Треугольные стены из досок 26°",""
"RD_BuildObject_Bits_Collection_T02_CornerWall_Wood_45_UIDataName","Треугольные стены из досок 45°",""
"RD_BuildObject_Bits_Collection_T02_CornerWall_Wood_64_UIDataName","Треугольные стены из досок 64°",""
"RD_BuildObject_Bits_Collection_T02_CornerWall_Wood_13_UIDataName","A triangular wall made of planks at 13°",""
"RD_BuildObject_Bits_Collection_T02_BigWall_01_UIDataName","Большая стена из камня",""
"RD_BuildObject_Bits_Collection_T02_BigWall_02_UIDataName","Большая стена из досок",""
"RD_BuildObject_Bits_Collection_T02_BigWall_03_UIDataName","Большая стена из досок и камня",""
"RD_BuildObject_Bits_Collection_T02_Panel_01_UIDataName","Панели из досок",""
"RD_BuildObject_Bits_Collection_T02_Panel_02_UIDataName","Панели из камня и досок",""
"RD_BuildObject_Bits_Collection_T02_BeamForPanel_UIDataName","Малые балка для панелей",""
"RD_BuildObject_Bits_Collection_T02_Wall_Sloped_UIDataName","Наклонная и угловые стены из камня 64°",""
"RD_BuildObject_Bits_Collection_T02_Fence_UIDataName","Длинный забор из бревен",""
"RD_BuildObject_Bits_Collection_T02_Pillar_01_UIDataName","Балки из бруса",""
"RD_BuildObject_Bits_Collection_T02_Pillar_02_UIDataName","Большие столбы",""
"RD_BuildObject_Bits_Collection_T02_WoodStairs_UIDataName","Лестница из досок",""
"RD_BuildObject_Bits_Collection_T03_Window_UIDataName","Древнее малое окно",""
"RD_BuildObject_Bits_Collection_T03_Window_Cool_UIDataName","Древние большие окна",""
"RD_BuildObject_Bits_Collection_T03_Door_01_UIDataName","Древние двери",""
"RD_BuildObject_Bits_Collection_T03_Door_02_UIDataName","Изящные древние двери",""
"RD_BuildObject_Bits_Collection_T03_Floor_UIDataName","Пол из бревен",""
"RD_BuildObject_Bits_Collection_T03_Floor_Big_UIDataName","Большой пол из бревен",""
"RD_BuildObject_Bits_Collection_T03_Floor_Rounded_UIDataName","Большой закругленный пол из бревен",""
"RD_BuildObject_Bits_Collection_T03_Foundation_UIDataName","Фундамент из бревен",""
"RD_BuildObject_Bits_Collection_T03_Wall_Big_01_UIDataName","Большая стена из глины",""
"RD_BuildObject_Bits_Collection_T03_Wall_Big_02_UIDataName","Большая стена из глины и бревен",""
"RD_BuildObject_Bits_Collection_T03_Wall_Big_03_UIDataName","Большая осыпавшаяся стена из глины и бревен",""
"RD_BuildObject_Bits_Collection_T03_Wall_Big_04_UIDataName","Большая стена из бревен",""
"RD_BuildObject_Bits_Collection_T03_Wall_01_UIDataName","Стены из глины",""
"RD_BuildObject_Bits_Collection_T03_Wall_02_UIDataName","Стена из глины и бревен",""
"RD_BuildObject_Bits_Collection_T03_Wall_03_UIDataName","Осыпавшаяся стена из глины и бревен",""
"RD_BuildObject_Bits_Collection_T03_Wall_04_UIDataName","Стена из бревен",""
"RD_BuildObject_Bits_Collection_T03_Roof_Big_64_UIDataName","Большие крыши из камыша 64°",""
"RD_BuildObject_Bits_Collection_T03_Roof_Big_26_UIDataName","Большие крыши из камыша 26°",""
"RD_BuildObject_Bits_Collection_T03_Roof_26_UIDataName","Крыши из камыша 26°",""
"RD_BuildObject_Bits_Collection_T03_Roof_64_UIDataName","Крыши из камыша 64°",""
"RD_BuildObject_Bits_Collection_T03_Roof_Corner_UIDataName","Угловык крыши из камыша",""
"RD_BuildObject_Bits_Collection_T03_Roof_Corner_Big_UIDataName","Большые угловые крыши из камыша",""
"RD_BuildObject_Bits_Collection_T03_Roof_Round_UIDataName","Угловые закругленные крыши из камыша",""
"RD_BuildObject_Bits_Collection_T03_Roof_Round_Big_UIDataName","Большые угловые закругленные крыши из камыша",""
"RD_BuildObject_Bits_Collection_T03_Roof_Fronton_Big_UIDataName","Большой фронтон из камыша",""
"RD_BuildObject_Bits_Collection_T03_Pillar_UIDataName","Древние балки из бревен",""
"RD_BuildObject_Bits_Collection_T03_Wall_Corner_26_UIDataName","Треугольные стены из глины 26°",""
"RD_BuildObject_Bits_Collection_T03_Wall_Corner_45_UIDataName","Треугольные стены из глины 45°",""
"RD_BuildObject_Bits_Collection_T03_Wall_Corner_64_UIDataName","Треугольные стены из глины 64°",""
"RD_BuildObject_Bits_Collection_T03_Wall_Corner_13_UIDataName","A triangular wall made of clay at 13°",""
"RD_BuildObject_Bits_Collection_T03_Wall_Corner_13_Wood_UIDataName","A triangular wall made of logs at 13°",""
"RD_BuildObject_Bits_Collection_T03_Wall_Corner_26_Wood_UIDataName","A triangular wall made of logs at 26°",""
"RD_BuildObject_Bits_Collection_T03_Wall_Corner_45_Wood_UIDataName","A triangular wall made of logs at 45°",""
"RD_BuildObject_Bits_Collection_T03_Wall_Corner_64_Wood_UIDataName","A triangular wall made of logs at 64°",""
"RD_BuildObject_Bits_Collection_T03_Wall_Round_UIDataName","Осыпавшаяся полукруглая стена из глины",""
"RD_BuildObject_Bits_Collection_T03_BeamForPanel_UIDataName","Малая балка для стены из глины",""
"RD_BuildObject_Bits_Collection_T03_Fence","Забор из палок",""
"RD_BuildObject_Bits_Collection_T03_Stairs_UIDataName","Грубая лестница из бревен",""
"RD_BuildObject_Bits_Collection_T03_Stairs_Cool_UIDataName","Древняя лестница и перила из бревен",""
"RD_BuildObject_Bits_Collection_T04_Basement_01_UIDataName","Большой каменный фундамент",""
"RD_BuildObject_Bits_Collection_T04_Floor_01_UIDataName","Пол из мраморной плитки",""
"RD_BuildObject_Bits_Collection_T04_Floor_02_UIDataName","Пол из красного дерева",""
"RD_BuildObject_Bits_Collection_T04_Floor_Big_01_UIDataName","Большой пол из мраморной плитки",""
"RD_BuildObject_Bits_Collection_T04_Floor_Big_02_UIDataName","Большой пол из красного дерева",""
"RD_BuildObject_Bits_Collection_T04_Wall_Big_01_UIDataName","Большая оштукатуренная стена",""
"RD_BuildObject_Bits_Collection_T04_Wall_Big_02_UIDataName","Большая стена из известняка",""
"RD_BuildObject_Bits_Collection_T04_Wall_Big_03_UIDataName","Большая стена из красного дерева",""
"RD_BuildObject_Bits_Collection_T04_Wall_01_UIDataName","Оштукатуренная стена",""
"RD_BuildObject_Bits_Collection_T04_Wall_02_UIDataName","Стена из известняка",""
"RD_BuildObject_Bits_Collection_T04_Wall_03_UIDataName","Стена из красного дерева",""
"RD_BuildObject_Bits_Collection_T04_Cornice_UIDataName","Элементы фасада из черепицы",""
"RD_BuildObject_Bits_Collection_T04_Wall_Corner_13_UIDataName","Оштукатуренная треугольная стена 13°",""
"RD_BuildObject_Bits_Collection_T04_Wall_Corner_26_UIDataName","Оштукатуренная треугольная стена 26°",""
"RD_BuildObject_Bits_Collection_T04_Wall_Corner_45_UIDataName","Оштукатуренная треугольная стена 45°",""
"RD_BuildObject_Bits_Collection_T04_Wall_Corner_64_UIDataName","Оштукатуренная треугольная стена 64°",""
"RD_BuildObject_Bits_Collection_T04_Wall_Corner_Limestone_13_UIDataName","A triangular wall made of limestone at 13°",""
"RD_BuildObject_Bits_Collection_T04_Wall_Corner_Limestone_26_UIDataName","A triangular wall made of limestone at 26°",""
"RD_BuildObject_Bits_Collection_T04_Wall_Corner_Limestone_45_UIDataName","A triangular wall made of limestone at 45°",""
"RD_BuildObject_Bits_Collection_T04_Wall_Corner_Limestone_64_UIDataName","A triangular wall made of limestone at 64°",""
"RD_BuildObject_Bits_Collection_T04_Wall_Corner_Mahogany_13_UIDataName","A triangular wall made of mahogany at 13°",""
"RD_BuildObject_Bits_Collection_T04_Wall_Corner_Mahogany_26_UIDataName","A triangular wall made of mahogany at 26°",""
"RD_BuildObject_Bits_Collection_T04_Wall_Corner_Mahogany_45_UIDataName","A triangular wall made of mahogany at 45°",""
"RD_BuildObject_Bits_Collection_T04_Wall_Corner_Mahogany_64_UIDataName","A triangular wall made of mahogany at 64°",""
"RD_BuildObject_Bits_Collection_T04_Wall_Arch_UIDataName","Малая арочная оштукатуренная стена",""
"RD_BuildObject_Bits_Collection_T04_Wall_Arch_Big_UIDataName","Большая арочная оштукатуренная стена",""
"RD_BuildObject_Bits_Collection_T04_Arch_Semi_01_UIDataName","Оштукатуренная полуарка",""
"RD_BuildObject_Bits_Collection_T04_Arch_Semi_02_UIDataName","Полуарка из камня",""
"RD_BuildObject_Bits_Collection_T04_Arch_UIDataName","Арки из камня",""
"RD_BuildObject_Bits_Collection_T04_Balustrade_Stone_UIDataName","Каменные перила",""
"RD_BuildObject_Bits_Collection_T04_Balustrade_Wood_UIDataName","Деревянные перила",""
"RD_BuildObject_Bits_Collection_T04_Roof_13_UIDataName","Крыша из черепицы 13°",""
"RD_BuildObject_Bits_Collection_T04_Roof_26_UIDataName","Крыша из черепицы 26°",""
"RD_BuildObject_Bits_Collection_T04_Roof_Ridge_UIDataName","Конек из черепицы",""
"RD_BuildObject_Bits_Collection_T04_Roof_Big_26_UIDataName","Большая крыша из черепицы 26°",""
"RD_BuildObject_Bits_Collection_T04_Roof_Corner_13_UIDataName","Угловая крыша из черепицы 13°",""
"RD_BuildObject_Bits_Collection_T04_Roof_Corner_26_UIDataName","Угловая крыша из черепицы 26°",""
"RD_BuildObject_Bits_Collection_T04_Roof_Facade_UIDataName","Фасадный карниз",""
"RD_BuildObject_Bits_Collection_T04_Pillar_01_UIDataName","Оштукатуренный столб",""
"RD_BuildObject_Bits_Collection_T04_Pillar_02_UIDataName","Каменный столб",""
"RD_BuildObject_Bits_Collection_T04_Pillar_03_UIDataName","Деревянный столб",""
"RD_BuildObject_Bits_Collection_T04_Pillar_04_UIDataName","Каменный колонна",""
"RD_BuildObject_Bits_Collection_T04_Stairs_Wood_UIDataName","Лестницы из красного дерева",""
"RD_BuildObject_Bits_Collection_T04_Stairs_Wood_Spiral_Small_UIDataName","Спиральные лестницы из красного дерева",""
"RD_BuildObject_Bits_Collection_T04_Stairs_Wood_Spiral_Big_UIDataName","Большие спиральные лестницы из красного дерева",""
"RD_BuildObject_Bits_Collection_T04_Stairs_Wood_Corner_UIDataName","Угловые элементы ступенек из красного дерева",""
"RD_BuildObject_Bits_Collection_T04_Stairs_Stone_UIDataName","Лестница из камня",""
"RD_BuildObject_Bits_Collection_T04_Stairs_Stone_Corner_UIDataName","Угловые элементы ступенек из камня",""
"RD_BuildObject_Bits_Collection_T04_Window_Wood_Glass_UIDataName","Деревянное застекленное окно",""
"RD_BuildObject_Bits_Collection_T04_Window_Wood_Shutters_UIDataName","Деревянные окна со створками",""
"RD_BuildObject_Bits_Collection_T04_Window_Wood_Shutters_Terrace_UIDataName","Деревянные террасные окна со створками",""
"RD_BuildObject_Bits_Collection_T04_Window_Stone_Shutters_UIDataName","Каменные окна со створками",""
"RD_BuildObject_Bits_Collection_T04_Window_Stone_Shutters_Vitrage_UIDataName","Каменные окна со створкой и витражом",""
"RD_BuildObject_Bits_Collection_T04_Window_Stone_Glass_Vitrage_UIDataName","Каменные стеклянные окна с витражом",""
"RD_BuildObject_Bits_Collection_T04_Window_Stone_Glass_RedSquare_UIDataName","Каменные слюдяные окна",""
"RD_BuildObject_Bits_Collection_T04_Door_UIDataName","Дверь из красного дерева",""
"RD_BuildObject_Bits_Collection_T04_Door_Great_UIDataName","Филенчатая дверь из красного дерева",""
"RD_BuildObject_Bits_Collection_T04_Door_Big_UIDataName","Большие двойные полуарочные двери из красного дерева",""
"RD_BuildObject_Bits_Collection_T04_Door_Big_Vitrage_UIDataName","Огромная двойная полуарочная дверь из красного дерева с витражом",""
"RD_BuildObject_Bits_Collection_T04_Door_Big_Graceful_UIDataName","Большие изящные двойные полуарочные двери из красного дерева",""
"RD_BuildObject_Bits_SwampSet_Wall_UIDataName","Стены из глины",""
"RD_BuildObject_Bits_T01_LogDoor_UIDataName","Бревенчатая дверь",""
"RD_BuildObject_Bits_T01_LogGate_UIDataName","Бревенчатая створка",""
"RD_BuildObject_Bits_T01_LogPillar_UIDataName","Бревенчатый столб",""
"RD_BuildObject_Bits_T01_LogRamp_UIDataName","Бревенчатая рампа",""
"RD_BuildObject_Bits_T01_LogStair_UIDataName","Бревенчатая лестница",""
"RD_BuildObject_Bits_T01_LogStockade_UIDataName","Бревенчатый частокол",""
"RD_BuildObject_Bits_T01_LogWall_UIDataName","Бревенчатая стена",""
"RD_BuildObject_Bits_T01_PlankDoor_UIDataName","Досочная дверь",""
"RD_BuildObject_Bits_T01_PlankFloor_UIDataName","Досочный пол",""
"RD_BuildObject_Bits_T01_PlankGate_UIDataName","Досочная створка",""
"RD_BuildObject_Bits_T01_PlankWall_UIDataName","Досочная стена",""
"RD_BuildObject_Bits_WindowAAE_B_UIDataName","Окно \""Шарм старого города\""",""
"RD_BuildObject_Brush_128fiber_UIDataName","Хижина",""
"RD_BuildObject_Brush_23fiber3wood_UIDataName","Укрытие",""
"RD_BuildObject_Brush_38fiber_UIDataName","Каркас хижины",""
"RD_BuildObject_Brush_Mud_01_Name","Mire Lodge",""
"RD_BuildObject_Brush_Stone_01_Name","Humble Residence",""
"RD_BuildObject_Brush_Wood_01_Name","Sturdy House",""
"RD_BuildObject_Brush_Warehouse_Small_01_Name","Small warehouse",""
"RD_BuildObject_BuildingSet_01_StickDoor_UIDataName","Дверь из палок",""
"RD_BuildObject_BuildingSet_02_BigLeavesRoof45and64_UIDataName","Большая крыша из листьев 45&64",""
"RD_BuildObject_BuildingSet_02_LeavesRoof45and64_UIDataName","Крыша из листьев 45&64",""
"RD_BuildObject_BuildingSet_03_StickWalls_UIDataName","Стены из палок",""
"RD_BuildObject_BuildingSet_04_LogBigFloor_UIDataName","Большой бревенчатый пол",""
"RD_BuildObject_BuildingSet_04_LogLongWall_UIDataName","Длинная бревенчатая стена",""
"RD_BuildObject_BuildingSet_06_StoneBigWalls_UIDataName","Большие каменные стены",""
"RD_BuildObject_BuildingSet_06_StoneWalls_UIDataName","Каменные стены",""
"RD_BuildObject_BuildingSet_07_ShellDecorations_UIDataName","Украшения из ракушек",""
"RD_BuildObject_BuildingSet_08_ClayLamp_UIDataName","Глиняная лампадка",""
"RD_BuildObject_BuildingSet_09_TarredWoodenBigRoof_UIDataName","Большая просмоленная досочная крыша",""
"RD_BuildObject_BuildingSet_09_TarredWoodenRoof_UIDataName","Просмоленная досочная крыша",""
"RD_BuildObject_Container_ExplosiveBarrel_T04_UIDataName","Взрывающаяся бочка",""
"RD_BuildObject_Container_WoodChest_T00_UIDataName","Корзина для хранения",""
"RD_BuildObject_Container_WoodChest_T01_UIDataName","Простой деревянный сундук",""
"RD_BuildObject_Container_WoodChest_T02_UIDataName","Старый сундук",""
"RD_BuildObject_Container_WoodChest_T03_UIDataName","Пиратский сундук",""
"RD_BuildObject_Container_WoodChest_T04_UIDataName","Кованый сундук",""
"RD_BuildObject_Craft_AlchemyTable_Extender_Distiller_UIDataName","Перегонный аппарат",""
"RD_BuildObject_Craft_AlchemyTable_Extender_Flasks_UIDataName","Стол со склянками",""
"RD_BuildObject_Craft_AlchemyTable_Extender_Pot_UIDataName","Печь с котлом",""
"RD_BuildObject_Craft_AlchemyTable_Extender_Reagents_UIDataName","Стол с реактивами",""
"RD_BuildObject_Craft_AlchemyTable_Station_UIDataName","Алхимический стол",""
"RD_BuildObject_Craft_ArmorTable_Extender_Cupboard_UIDataName","Стеллаж с материалами",""
"RD_BuildObject_Craft_ArmorTable_Extender_Mannequin_UIDataName","Манекен для примерки",""
"RD_BuildObject_Craft_ArmorTable_Extender_Shoes_UIDataName","Стойка обувщика",""
"RD_BuildObject_Craft_ArmorTable_Station_UIDataName","Мастерская брони и одежды",""
"RD_BuildObject_Craft_BuildingCenter_T01_UIDataName","Bonfire",""
"RD_BuildObject_Craft_Dockyard_T01_UIDataName","Dockyard",""
"RD_BuildObject_Craft_Cooking_Extender_CuttingBoard_UIDataName","Разделочный стол",""
"RD_BuildObject_Craft_Cooking_Extender_Dishes_UIDataName","Полка для посуды",""
"RD_BuildObject_Craft_Cooking_Extender_Dryer_UIDataName","Сушилка для продуктов",""
"RD_BuildObject_Craft_Cooking_Extender_Supplies_UIDataName","Стеллаж с припасами",""
"RD_BuildObject_Craft_Cooking_Station_UIDataName","Костёр для готовки",""
"RD_BuildObject_Craft_Disassemble_Station_UIDataName","Стол разборки",""
"RD_BuildObject_Craft_FermintationBarrel_T04_UIDataName","Бродильная бочка",""
"RD_BuildObject_Craft_Furnace_T01_UIDataName","Плавильная печь",""
"RD_BuildObject_Craft_Furnace_T03_UIDataName","Большая плавильная печь",""
"RD_BuildObject_Craft_JewelryTable_Extender_Cabinet_UIDataName","Ювелирный шкафчик",""
"RD_BuildObject_Craft_JewelryTable_Extender_Stand_UIDataName","Ювелирная стойка",""
"RD_BuildObject_Craft_JewelryTable_Station_UIDataName","Ювелирный стол",""
"RD_BuildObject_Craft_Kiln_T02_UIDataName","Углевыжигательная печь",""
"RD_BuildObject_Craft_Millstones_T02_UIDataName","Жернова",""
"RD_BuildObject_Craft_Punch_T03_UIDataName","Компостер",""
"RD_BuildObject_Craft_ScrewPress_T04_UIDataName","Пресс",""
"RD_BuildObject_Craft_SpinningWheel_T02_UIDataName","Прялка",""
"RD_BuildObject_Craft_Tannery_T02_UIDataName","Дубильня",""
"RD_BuildObject_Craft_UpgradeTable_T02_UIDataName","Стол улучшений",""
"RD_BuildObject_Craft_WeaponTable_Extender_Anvil_UIDataName","Наковальня",""
"RD_BuildObject_Craft_WeaponTable_Extender_Barrell_UIDataName","Бочка с водой",""
"RD_BuildObject_Craft_WeaponTable_Extender_Bellows_UIDataName","Кузнечные меха",""
"RD_BuildObject_Craft_WeaponTable_Station_UIDataName","Верстак оружейника",""
"RD_BuildObject_Craft_WitchCooking_T03_UIDataName","Стол зачарований",""
"RD_BuildObject_Craft_Workbench_Extender_Sawbuck_UIDataName","Стойка для распиливания бревен",""
"RD_BuildObject_Craft_Workbench_Extender_Shelf_UIDataName","Полка с инструментами",""
"RD_BuildObject_Craft_Workbench_Extender_Toolbox_UIDataName","Ящик с инструментами",""
"RD_BuildObject_Craft_Workbench_Station_UIDataName","Верстак",""
"RD_BuildObject_Crop_Aloe_T02_UIDataName","Саженец алоэ",""
"RD_BuildObject_Crop_Banana_T01_UIDataName","Саженец банана",""
"RD_BuildObject_Crop_BlackBean_T03_UIDataName","Саженец фасоли",""
"RD_BuildObject_Crop_Bromelia_T03_UIDataName","Саженец бромелии",""
"RD_BuildObject_Crop_CornPoor_T02_UIDataName","Саженец кукурузы",""
"RD_BuildObject_Crop_CornRich_T02_UIDataName","Удобренный саженец кукурузы",""
"RD_BuildObject_Crop_Ficus_T01_UIDataName","Саженец фикуса",""
"RD_BuildObject_Crop_Flax_T02_UIDataName","Саженец льна",""
"RD_BuildObject_Crop_Grape_T04_UIDataName","Саженец винограда",""
"RD_BuildObject_Crop_HealingHerbs_T01_UIDataName","Саженец целебных трав",""
"RD_BuildObject_Crop_Icaco_T03_UIDataName","Саженец икако",""
"RD_BuildObject_Crop_Leek_T03_UIDataName","Саженец лука-порея",""
"RD_BuildObject_Crop_LimeTree_T02_UIDataName","Саженец лайма",""
"RD_BuildObject_Crop_Mancinella_T01_UIDataName","Саженец куста",""
"RD_BuildObject_Crop_Palm_T01_UIDataName","Саженец пальмы",""
"RD_BuildObject_Crop_Pepper_T01_UIDataName","Саженец перца",""
"RD_BuildObject_Crop_Pineapple_T04_UIDataName","NOT USED pineapple sapling",""
"RD_BuildObject_Crop_Potato_T01_UIDataName","Саженец батата",""
"RD_BuildObject_Crop_Tomato_T02_UIDataName","Саженец томата",""
"RD_BuildObject_Deco_Cannons_UIDataName","Пушки и ядра",""
"RD_BuildObject_Deco_Books_T01_Name","Книги и свитки",""
"RD_BuildObject_Deco_Books_T04_Name","Коллекционные книжные сборники",""
"RD_BuildObject_Deco_Canopy_T01_Name","Навесы",""
"RD_BuildObject_Deco_Carpets_Shared_Name","Ковры далеких земель",""
"RD_BuildObject_Deco_Carpets_T01_Name","Плетеные ковры",""
"RD_BuildObject_Deco_Carpets_T02_Name","Прямоугольный ковер с вставками",""
"RD_BuildObject_Deco_Carpets_T03_Name","Узорные коврики",""
"RD_BuildObject_Deco_Carpets_T04_Name","Узорные коврики",""
"RD_BuildObject_Deco_Curtains_T04_GreenRed_Name","Изящные зелено-красные шторы",""
"RD_BuildObject_Deco_Curtains_T04_Grey_Name","Изящные серые шторы",""
"RD_BuildObject_Deco_Curtains_T04_RedGreen_Name","Изящные красно-зеленые шторы",""
"RD_BuildObject_Deco_Dishes_T01_Clay_Name","Глиняные кувшины",""
"RD_BuildObject_Deco_Dishes_T01_Wood_Name","Деревянная утварь",""
"RD_BuildObject_Deco_Dishes_T02_Iron_Name","Железная утварь",""
"RD_BuildObject_Deco_Dishes_T04_Iron_CupsAndPlates_Name","Изящная железная посуда",""
"RD_BuildObject_Deco_Dishes_T04_Iron_Cutlery_Name","Изящные железные столовые приборы",""
"RD_BuildObject_Deco_Dishes_T04_Iron_Utensils_Name","Изящная железная утварь",""
"RD_BuildObject_Deco_Fireplaces_T04_Brush_Base_Name","Колониальный камин",""
"RD_BuildObject_Deco_Fireplaces_T04_Brush_Pipe_Name","Труба колониального камина",""
"RD_BuildObject_Deco_Fireplaces_T04_Cap_Name","Крышка камина",""
"RD_BuildObject_Deco_Fireplaces_T04_Hearth_Name","Основание камина",""
"RD_BuildObject_Deco_Fireplaces_T04_Pipe_Name","Труба камина",""
"RD_BuildObject_Deco_Fireplaces_T04_Pipe_Cap_Name","Дымоход камина",""
"RD_BuildObject_Deco_Fireplaces_T04_Wall_Name","Стенки камина",""
"RD_BuildObject_Deco_Fireplaces_T04_WoodStack_Name","Дровница дял камина",""
"RD_BuildObject_Deco_Flags_T01_Name","Простые флагштоки",""
"RD_BuildObject_Deco_Flags_T02_Name","Хорошие флагштоки",""
"RD_BuildObject_Deco_Flags_T03_Name","Изящные флагштоки",""
"RD_BuildObject_Deco_Flags_T01_Wall_Name","Простой настенный флаг",""
"RD_BuildObject_Deco_Garden_T04_FlowerUrn_Name","Вазоны с растениями и цветами",""
"RD_BuildObject_Deco_Garden_T04_Fountain_Name","Фонтаны",""
"RD_BuildObject_Deco_IronLights_T01_Name","Железные светильники",""
"RD_BuildObject_Deco_IronLights_T02_Name","Охотничьи светильники из рогов",""
"RD_BuildObject_Deco_IronLights_T04_Chain_Name","Потолочная цепочка",""
"RD_BuildObject_Deco_IronLights_T04_Chandelier_Name","Изящные железные люстры",""
"RD_BuildObject_Deco_IronLights_T04_Cool_Name","Изящные железные светильники",""
"RD_BuildObject_Deco_Kitchen_T01_ClayShelfHerbs_Name","Глиняная подставка с травами",""
"RD_BuildObject_Deco_Kitchen_T01_CratePepper_Name","Корзина с перцами",""
"RD_BuildObject_Deco_Kitchen_T01_FiberDishes_Name","Примитивная посуда",""
"RD_BuildObject_Deco_Kitchen_T02_CrateCorn_Name","Корзина с кукурузой",""
"RD_BuildObject_Deco_Kitchen_T02_Food_01_Name","Кружка грога",""
"RD_BuildObject_Deco_Kitchen_T02_Food_02_Name","Грибная миска",""
"RD_BuildObject_Deco_Kitchen_T02_Food_03_Name","Жаркое",""
"RD_BuildObject_Deco_Kitchen_T02_Food_04_Name","Кукурузный суп",""
"RD_BuildObject_Deco_Kitchen_T02_Food_05_Name","Грибная похлебка",""
"RD_BuildObject_Deco_Kitchen_T02_Food_06_Name","Тарелка с фруктами",""
"RD_BuildObject_Deco_Kitchen_T02_Food_07_Name","Десертная тарелка",""
"RD_BuildObject_Deco_Kitchen_T02_Food_08_Name","Свежие фрукты",""
"RD_BuildObject_Deco_Kitchen_T02_Food_09_Name","Рыбная тарелка",""
"RD_BuildObject_Deco_Kitchen_T02_Food_10_Name","Мясная тарелка",""
"RD_BuildObject_Deco_Kitchen_T02_Food_11_Name","Роскошный обед",""
"RD_BuildObject_Deco_Kitchen_T02_Food_12_Name","Овощи на доске",""
"RD_BuildObject_Deco_Kitchen_T02_HerbCurtain_Name","Заготовки трав и овощей",""
"RD_BuildObject_Deco_Lights_T01_Chandelier_Name","Люстра из штурвала",""
"RD_BuildObject_Deco_Lights_T02_ClayTorch_Name","Глиняные светильники",""
"RD_BuildObject_Deco_Lights_T01_Torch_Name","Факела",""
"RD_BuildObject_Deco_Lights_T01_SignalFire_Name","Сигнальный костер",""
"RD_BuildObject_Deco_Military_T01_SwordsWall_Name","Мечи на стене",""
"RD_BuildObject_Deco_Military_T02_Cannons_Name","Пушки и ядра",""
"RD_BuildObject_Statues_Crocodile_T03_Happy_Name","Статуя веселого крокодила",""
"RD_BuildObject_Statues_Crocodile_T03_Wise_Name","Статуя мудрого крокодила",""
"RD_BuildObject_Deco_Miniatures_Brig_T03_Name","Бриг на подставке",""
"RD_BuildObject_Deco_Miniatures_Brig_T03_Bottle_Name","Бриг в бутылке",""
"RD_BuildObject_Deco_Miniatures_Brig_T03_BottleWater_Name","Бриг в бутылке с водой",""
"RD_BuildObject_Deco_Miniatures_Cutter_T01_Name","Каттер на подставке",""
"RD_BuildObject_Deco_Miniatures_Cutter_T01_Bottle_Name","Каттер в бутылке",""
"RD_BuildObject_Deco_Miniatures_Cutter_T01_BottleWater_Name","Каттер в бутылке с водой",""
"RD_BuildObject_Deco_Miniatures_Frigate_T04_Name","Фрегат на подставке",""
"RD_BuildObject_Deco_Miniatures_Frigate_T04_Bottle_Name","Фрегат в бутылке",""
"RD_BuildObject_Deco_Miniatures_Frigate_T04_BottleWater_Name","Фрегат в бутылке с водой",""
"RD_BuildObject_Deco_Miniatures_Ketch_T02_Name","Кеч на подставке",""
"RD_BuildObject_Deco_Miniatures_Ketch_T02_Bottle_Name","Кеч в бутылке",""
"RD_BuildObject_Deco_Miniatures_Ketch_T02_BottleWater_Name","Кеч в бутылке с водой",""
"RD_BuildObject_Deco_Misc_T01_BarrelRope_Name","Рыболовные бочки",""
"RD_BuildObject_Deco_Misc_T01_CrateBottles_Name","Ящик с бутылками",""
"RD_BuildObject_Deco_Misc_T01_WineBarrels_Name","Винные бочки",""
"RD_BuildObject_Deco_Misc_T01_Spyglass_Name","Spyglass",""
"RD_BuildObject_Deco_Misc_T01_SpyglassSNF_Name","Spyglass SNF",""
"RD_BuildObject_Deco_Misc_T02_Horns_Name","Украшения из рогов",""
"RD_BuildObject_Deco_Misc_T02_ParrotCage_Name","Металлическая клетка",""
"RD_BuildObject_Deco_Misc_T04_ClockAndGlobe_Name","Часы и глобус",""
"RD_BuildObject_Deco_Misc_T04_Stand_Name","Стойки для декора",""
"RD_BuildObject_Deco_Paintings_T01_Name","Картины прибрежных джунглей",""
"RD_BuildObject_Deco_Paintings_T02_Name","Картины высокогорья",""
"RD_BuildObject_Deco_Paintings_T03_Name","Картины болотных земель",""
"RD_BuildObject_Deco_Paintings_T04_Name","Картины пепельных земель",""
"RD_BuildObject_Deco_Paintings_Shared_Name","Коллекция картин",""
"RD_BuildObject_Deco_Paintings_Tortuga_Name","Картины с Тортуги",""
"RD_BuildObject_Deco_Seats_T01_Chairs_Name","Кресла  из растительного волокна",""
"RD_BuildObject_Deco_Seats_T01_StoolBench_Name","Мебель из палок и листьев",""
"RD_BuildObject_Deco_Seats_T01_StoolBench_Cool_Name","Тканевые скамья и табурет",""
"RD_BuildObject_Deco_Seats_T02_StoolBench_Name","Охотничьи сиденья",""
"RD_BuildObject_Deco_Seats_T04_StoolBenchChair_Name","Изящные сиденья",""
"RD_BuildObject_Deco_Seats_T04_StoolBenchChair_Cool_Name","Шикарные сиденья",""
"RD_BuildObject_Deco_Shells_T01_Name","Украшения из ракушек",""
"RD_BuildObject_Deco_Shelves_T01_Name","Простые полки",""
"RD_BuildObject_Deco_Shelves_T04_Name","Изящные полки",""
"RD_BuildObject_Deco_Shelves_T04_Cool_Name","Шикарные полки",""
"RD_BuildObject_Deco_Tables_T01_Name","Простые столы",""
"RD_BuildObject_Deco_Tables_T02_Name","Охотничьи столы",""
"RD_BuildObject_Deco_Tables_T04_Name","Изящные столы",""
"RD_BuildObject_Deco_Tables_T04_Big_Name","Большие изящные столы",""
"RD_BuildObject_Deco_Trophies_T01_Boar_Name","Трофей кабана",""
"RD_BuildObject_Deco_Trophies_T01_Crab_Name","Трофей краба",""
"RD_BuildObject_Deco_Trophies_T01_Dodo_Name","Трофей додо",""
"RD_BuildObject_Deco_Trophies_T02_Goat_Name","Трофей элитного горного козла",""
"RD_BuildObject_Deco_Trophies_T02_Wolf_Name","Трофей волка",""
"RD_BuildObject_Deco_Trophies_T03_Crocodile_Name","Трофей крокодила",""
"RD_BuildObject_Deco_Trophies_T03_RitualKnives_Name","Декорация: Ритуальные кинжалы",""
"RD_BuildObject_Deco_Wardrobe_T01_Name","Простые шкафы",""
"RD_BuildObject_Deco_Wardrobe_T02_Name","Охотничьи шкафы",""
"RD_BuildObject_Deco_Wardrobe_T04_Buffet_Name","Изящные буфеты",""
"RD_BuildObject_Deco_Wardrobe_T04_Cabinet_Name","Изящные шкафы",""
"RD_BuildObject_Deco_Wardrobe_T04_Cabinet_Cool_Name","Шикарные шкафы",""
"RD_BuildObject_Deco_Wardrobe_T04_Nighstand_Name","Изящные тумбы",""
"RD_BuildObject_FastTravel_Bell_T01_UIDataName","Fast Travel Bell",""
"RD_BuildObject_GardenBed_T02_UIDataName","Грядка для Предгорий",""
"RD_BuildObject_HandymanFarmer_T02_UIDataName","Фермер",""
"RD_BuildObject_HandymanGatherer_T02_UIDataName","Собиратель",""
"RD_BuildObject_HandymanHerbalist_T02_UIDataName","Травник",""
"RD_BuildObject_HandymanHunter_T02_UIDataName","Охотник",""
"RD_BuildObject_HandymanLumberer_T02_UIDataName","Лесоруб",""
"RD_BuildObject_HandymanMiner_T02_UIDataName","Шахтер",""
"RD_BuildObject_HandymanSailors_T02_UIDataName","Бравые матросы",""
"RD_BuildObject_LeavesBigRoof_T00_UIDataName","Большая крыша из листьев",""
"RD_BuildObject_LeavesBigWall_T00_UIDataName","Большие пол и стены из листьев",""
"RD_BuildObject_LeavesRoof_T00_UIDataName","Крыша из листьев",""
"RD_BuildObject_Plank_WindowframeT01_AAE_A_UIDataName","Окно из досок",""
"RD_BuildObject_Plank_WindowT01_BAE_A_UIDataName","Горизонтальное досочное окно",""
"RD_BuildObject_POI_OneFiber_UIDataName","TBD",""
"RD_BuildObject_POI_OneWood_UIDataName","TBD",""
"RD_BuildObject_StickBigFloor_T00_UIDataName","Большой палочный пол",""
"RD_BuildObject_StickFloor_T00_UIDataName","Палочный пол",""
"RD_BuildObject_StickLadder_T00_UIDataName","Лестница из палок",""
"RD_BuildObject_SticksPillar_T00_UIDataName","Жерди",""
"RD_BuildObject_SticksWall_T00_UIDataName","Палочные стены",""
"RD_BuildObject_Universal_OneScraps_T00_UIDataName","Jail bits",""
"RD_BuildObject_Universal_OneWood_T00_UIDataName","Кровать, базовый набор стройки",""
"RD_BuildObject_Universal_OneWoodDeco_T00_UIDataName","Сет базовых декораций",""
"RD_BuildObject_Utility_RespawnTent_T00_UIDataName","Походная палатка",""
"RD_BuildObject_Utility_Bed_T01_UIDataName","Простая кровать",""
"RD_BuildObject_Utility_Bed_T01_Cool_UIDataName","Простая кровать с изголовьем",""
"RD_BuildObject_Utility_Bed_T02_UIDataName","Охотничья кровать",""
"RD_BuildObject_Utility_Bed_T04_UIDataName","Изящная кровать",""
"RD_BuildObject_Utility_Bed_T04_Cool_UIDataName","Шикарная большая кровать",""
"RD_CID_Alchemy_Bandages_T01_UIDataName","Бинт",""
"RD_CID_Alchemy_Pills_Fortitdue_T01_UIDataName","Штиль",""
"RD_CID_Alchemy_Pills_Mastery_T01_UIDataName","Проворный Ветер",""
"RD_CID_Alchemy_Pills_Painkiller_T01_UIDataName","Обезболивающий настой",""
"RD_CID_Alchemy_Pills_Rage_T01_UIDataName","Концентрат Ярости",""
"RD_CID_Alchemy_Pills_Strength_T01_UIDataName","Удар Копытом",""
"RD_CID_Alchemy_Potion_BloodySunset_T04_UIDataName","Кровавый закат",""
"RD_CID_Alchemy_Potion_CheatDeath_T01_UIDataName","Второй Шанс",""
"RD_CID_Alchemy_Potion_GreatHealing_T01_UIDataName","Великая микстура лечения",""
"RD_CID_Alchemy_Potion_Healing_T01_UIDataName","Малая микстура лечения",""
"RD_CID_Alchemy_Potion_Recall_T01_UIDataName","Дорога домой",""
"RD_CID_Food_Dough_BurritoBeans_T03_UIDataName","Тако",""
"RD_CID_Food_Dough_BurritoMeat_T02_UIDataName","Буррито",""
"RD_CID_Food_Dough_CornCasabe_T02_UIDataName","Тортилья",""
"RD_CID_Food_Dough_Pastechi_T02_UIDataName","Пастечи",""
"RD_CID_Food_Dough_Tamale_T03_UIDataName","Тамале",""
"RD_CID_Food_Dough_WineMeat_T04_UIDataName","Мясо в винном соусе с томатами",""
"RD_CID_Food_Drink_ChichaMorada_T04_UIDataName","Чича морада",""
"RD_CID_Food_Drink_Coconana_T01_UIDataName","Кокосовое молоко с бананом",""
"RD_CID_Food_Drink_CocoPeanut_T02_UIDataName","Освежающий напиток с орехами",""
"RD_CID_Food_Drink_Coffee_T03_UIDataName","Кофе",""
"RD_CID_Food_Drink_CoffeeBanana_T03_UIDataName","Кофе с бананом",""
"RD_CID_Food_Drink_IcacoCoco_T03_UIDataName","Пряный болотный сок",""
"RD_CID_Food_Drink_SourTomato_T02_UIDataName","Освежающий томатный сок",""
"RD_CID_Food_Drink_SweetLime_T02_UIDataName","Сладкий сок лайма",""
"RD_CID_Food_Raw_Banana_T01_Handyman_Gatherer_UIDataName","NOT USED Bananas gathering - time",""
"RD_CID_Food_Raw_Coconut_T01_Handyman_Gatherer_UIDataName","NOT USED Coconut gathering - time",""
"RD_CID_Food_Raw_Corn_T02_Handyman_Farmer_UIDataName","NOT USED Corn gathering - time",""
"RD_CID_Food_Raw_Lime_T02_Handyman_Gatherer_UIDataName","NOT USED Lime gathering - time",""
"RD_CID_Food_Raw_Pepper_T01_Handyman_Farmer_UIDataName","NOT USED Peppers gathering - time",""
"RD_CID_Food_Rum_Bottle_T03_Buy_UIDataName","Бутылка рома",""
"RD_CID_Food_Second_BaconAndEggs_T01_UIDataName","Яичница с беконом",""
"RD_CID_Food_Second_BirdOnPotato_T01_UIDataName","Острая \""курица\"" с бататом",""
"RD_CID_Food_Second_Crab_T01_UIDataName","Вареный краб",""
"RD_CID_Food_Second_FishAndTostones_T02_UIDataName","Рыба с тостонес",""
"RD_CID_Food_Second_MeatSalad_T02_UIDataName","Мясной салат",""
"RD_CID_Food_Second_Potatoshrooms_T03_UIDataName","Фасоль с грибами и бататом",""
"RD_CID_Food_Second_ReptileInSwampSauce_T03_UIDataName","Крокодил в болотном соусе",""
"RD_CID_Food_Second_SeafoodPlatter_T03_UIDataName","Морское ассорти",""
"RD_CID_Food_Skewer_Bird_T01_UIDataName","Острый шашлык в панировке",""
"RD_CID_Food_Skewer_Meat_T01_UIDataName","Мясо на палке",""
"RD_CID_Food_Skewer_Meatshrooms_T03_UIDataName","Мясо в кислом грибном соусе",""
"RD_CID_Food_Skewer_Reptile_T03_UIDataName","Мясо крокодила на палке",""
"RD_CID_Food_Skewer_SeafoodHarpoon_T02_UIDataName","Морской шашлык",""
"RD_CID_Food_Skewer_SpicyCrab_T01_UIDataName","Острый краб на палке",""
"RD_CID_Food_Skewer_SpicyReptile_T03_UIDataName","Meaty Croc Kebab",""
"RD_CID_Food_Soup_Bean_T03_UIDataName","Фасолевая похлебка",""
"RD_CID_Food_Soup_BirdBroth_T01_UIDataName","Бульон из мяса додо",""
"RD_CID_Food_Soup_BrothWithPotato_T02_UIDataName","Сытный бульон с яйцом",""
"RD_CID_Food_Soup_Chowder_T02_UIDataName","Чаудер",""
"RD_CID_Food_Soup_Coconut_T02_UIDataName","Кокосовая похлебка",""
"RD_CID_Food_Soup_Gazpacho_T03_UIDataName","Гаспачо",""
"RD_CID_Food_Soup_TomatoCrab_T02_UIDataName","Крабовый суп с кусочками томатов",""
"RD_CID_Food_Sweet_CakeIcaco_T03_UIDataName","Болотный пирог",""
"RD_CID_Food_Sweet_CakePeanut_T03_UIDataName","Ореховый пирог",""
"RD_CID_Food_Sweet_CornRoll_T02_UIDataName","Ореховый рулет с кислинкой",""
"RD_CID_Food_Sweet_CupcakeBanana_T02_UIDataName","Банановый кекс",""
"RD_CID_Food_Sweet_PineapplePie_T04_UIDataName","NOT USED Pineapple pie",""
"RD_CID_Misc_Lantern_L1_T01_UIDataName","Пустая масляная лампа",""
"RD_CID_Misc_Lantern_L4_T01_fromL1_UIDataName","Заправить лампу",""
"RD_CID_Misc_Lantern_L4_T01_fromL2_UIDataName","Заправить лампу",""
"RD_CID_Misc_Lantern_L4_T01_fromL3_UIDataName","Заправить лампу",""
"RD_DID_Metal_CopperIngot_T01_Buy_UIDataName","Медный слиток",""
"RD_DID_Metal_CopperIngot_T01_Furnace01_UIDataName","Слиток меди",""
"RD_DID_Metal_CopperIngot_T01_Furnace02_UIDataName","Слиток меди",""
"RD_DID_Metal_Ingot_Iron_T02_Buy_UIDataName","Слиток горного железа",""
"RD_DID_Metal_Ingot_Iron_T02_Furnace01_UIDataName","Слиток железа",""
"RD_DID_Metal_Ingot_Iron_T02_Furnace02_UIDataName","Слиток железа",""
"RD_DID_Metal_Ingot_Ancient_T03_Furnace02_UIDataName","Слиток болотного железа",""
"RD_DID_Misc_CoinPiastre_T02_Sell_BoarHead_UIDataName","Голова кабана",""
"RD_DID_Misc_CoinPiastre_T02_Sell_CaneSugar_UIDataName","Тростниковый сахар",""
"RD_DID_Misc_CoinPiastre_T02_Sell_CheapSenkamatiStuff_01_UIDataName","Костяные бусы",""
"RD_DID_Misc_CoinPiastre_T02_Sell_CheapSenkamatiStuff_02_UIDataName","Деревянный оберег",""
"RD_DID_Misc_CoinPiastre_T02_Sell_CheapSenkamatiStuff_03_UIDataName","Глиняная ваза",""
"RD_DID_Misc_CoinPiastre_T02_Sell_Coffee_UIDataName","Зерна кофе",""
"RD_DID_Misc_CoinPiastre_T02_Sell_CrocodileHead_UIDataName","Голова крокодила",""
"RD_DID_Misc_CoinPiastre_T02_Sell_CrocodileLeather_UIDataName","Кусок шкуры крокодила",""
"RD_DID_Misc_CoinPiastre_T02_Sell_DodoHead_UIDataName","Голова додо",""
"RD_DID_Misc_CoinPiastre_T02_Sell_EliteGoatHead_UIDataName","Голова вожака горных козлов",""
"RD_DID_Misc_CoinPiastre_T02_Sell_ExpensiveSenkamatiStuff_01_UIDataName","Золотая маска жреца",""
"RD_DID_Misc_CoinPiastre_T02_Sell_ExpensiveSenkamatiStuff_02_UIDataName","Золотой храмовый кувшин",""
"RD_DID_Misc_CoinPiastre_T02_Sell_ExpensiveSenkamatiStuff_03_UIDataName","Золотая ваза вождя",""
"RD_DID_Misc_CoinPiastre_T02_Sell_GoldIngot_UIDataName","Золотой слиток",""
"RD_DID_Misc_CoinPiastre_T02_Sell_Leather_UIDataName","Грубая шкура",""
"RD_DID_Misc_CoinPiastre_T02_Sell_MidSenkamatiStuff_01_UIDataName","Медно-глиняная курильница",""
"RD_DID_Misc_CoinPiastre_T02_Sell_MidSenkamatiStuff_02_UIDataName","Чашка с медными ручками",""
"RD_DID_Misc_CoinPiastre_T02_Sell_MidSenkamatiStuff_03_UIDataName","Горшок с золотыми рогами",""
"RD_DID_Misc_CoinPiastre_T02_Sell_Salt_UIDataName","Соль",""
"RD_DID_Misc_CoinPiastre_T02_Sell_SilverIngot_UIDataName","Серебряный слиток",""
"RD_DID_Misc_CoinPiastre_T02_Sell_TanLeather_UIDataName","Выделанная кожа",""
"RD_DID_Misc_CoinPiastre_T02_Sell_WolfHead_UIDataName","Голова волка",""
"RD_DID_Misc_Recipe_InfantryMusket_T02_Buy_UIDataName","Чертеж оружия: Пехотный Мушкет",""
"RD_DID_Misc_ShipBell_T01_UIDataName","Колокол Быстрого Перемещения",""
"RD_DID_Resource_Acid_T04_UIDataName","Кислота",""
"RD_DID_Resource_AlchemicalBase_T01_UIDataName","Алхимическая основа",""
"RD_DID_Resource_Aloe_T02_Handyman_Herbalist_UIDataName","NOT USED Aloe gathering - time",""
"RD_DID_Resource_Anvil_T02_UIDataName","Наковальня",""
"RD_DID_Resource_Ash_T01_UIDataName","Зола 6 шт.",""
"RD_DID_Resource_Bean_T03_Buy_UIDataName","Фасоль",""
"RD_DID_Resource_BoneMeal_T04_UIDataName","Костная мука",""
"RD_DID_Resource_CaneSugar_T03_Buy_UIDataName","Тростниковый сахар",""
"RD_DID_Resource_ClayBottle_T01_UIDataName","Глиняная бутылка",""
"RD_DID_Resource_ClayBottle_T01_UIDataName_2","Глиняная бутылка 2 шт.",""
"RD_DID_Resource_Coal_T01_Hardwood_KilnT01_UIDataName","Обычный уголь (Твердая древесина) 2 шт.",""
"RD_DID_Resource_Coal_T01_Hardwood_KilnT03_UIDataName","Обычный уголь (Твердая древесина) 2 шт.",""
"RD_DID_Resource_Coal_T01_KilnT01_UIDataName","Обычный уголь (Древесина)",""
"RD_DID_Resource_Coal_T01_KilnT03_UIDataName","Обычный уголь (Древесина)",""
"RD_DID_Resource_CoconutOil_T04_UIDataName","Кокосовое масло",""
"RD_DID_Resource_Coffee_T03_Buy_UIDataName","Зерна кофе",""
"RD_DID_Resource_Compost_T02_Corn_UIDataName","NOT USED Compost",""
"RD_DID_Resource_Compost_T02_Mushroom_UIDataName","NOT USED Compost",""
"RD_DID_Resource_Compost_T02_Pepper_UIDataName","NOT USED Compost",""
"RD_DID_Resource_CopperOre_T01_Handyman_Miner_UIDataName","Copper gathering - time",""
"RD_DID_Resource_Cornmeal_T02_UIDataName","Кукурузная мука",""
"RD_DID_Resource_CornSeeds_T02_Handyman_Herbalist_UIDataName","NOT USED Corn seeds gathering - time",""
"RD_DID_Resource_ElasticLeather_T04_UIDataName","NOT USED  Ellastic leather",""
"RD_DID_Resource_EnchantedFabric_T03_UIDataName","Зачарованная ткань",""
"RD_DID_Resource_EnchantedIngot_T03_UIDataName","Зачарованный слиток",""
"RD_DID_Resource_EnchantedLeather_T03_UIDataName","Зачарованная шкура",""
"RD_DID_Resource_Fabric_T01_UIDataName","Грубая ткань",""
"RD_DID_Resource_Feather_T01_Handyman_Hunter_UIDataName","NOT USED Dodo hunting - time",""
"RD_DID_Resource_FiberPlant_T01_Handyman_Lumber_UIDataName","NOT USED ",""
"RD_DID_Resource_FlaxFiber_T02_Handyman_Farmer_UIDataName","NOT USED Flax gathering - time",""
"RD_DID_Resource_FlaxOil_T04_UIDataName","Льняное масло",""
"RD_DID_Resource_FlaxSeeds_T02_Handyman_Herbalist_UIDataName","NOT USED Flax ыуувы gathering - time",""
"RD_DID_Resource_GhostFabric_T04_UIDataName","NOT USED Ghost fabric",""
"RD_DID_Resource_GhostIngot_T04_UIDataName","NOT USED Ghost ingot",""
"RD_DID_Resource_GhostLeather_T04_UIDataName","NOT USED Ghost leather",""
"RD_DID_Resource_GhostWood_T04_UIDataName","NOT USED Ghost wood",""
"RD_DID_Resource_GlassBottle_T04_UIDataName","Стеклянная бутылка",""
"RD_DID_Resource_GoatHorn_T02_Handyman_Hunter_UIDataName","NOT USED Goat hunting - time",""
"RD_DID_Resource_GoldIngot_T03_Buy_UIDataName","Золотой слиток",""
"RD_DID_Resource_GoldIngot_T03_UIDataName","Золотой слиток",""
"RD_DID_Resource_GrapeJuice_T04_UIDataName","NOT USED Grape juice",""
"RD_DID_Resource_HealingHerbs_T01_Buy_UIDataName","Целебные травы",""
"RD_DID_Resource_HewnStone_T02_UIDataName","Тёсанный камень",""
"RD_DID_Resource_HolyDust_T04_UIDataName","NOT USED Holy dust",""
"RD_DID_Resource_HolyFabric_T04_UIDataName","NOT USED Holy fabric",""
"RD_DID_Resource_HolyIngot_T04_UIDataName","NOT USED Holy ingot",""
"RD_DID_Resource_HolyLeather_T04_UIDataName","NOT USED Holy leather",""
"RD_DID_Resource_HolyWood_T04_UIDataName","NOT USED Holy wood",""
"RD_DID_Resource_IronOre_T01_Handyman_Miner_UIDataName","NOT USED Iron ore gathering - time",""
"RD_DID_Resource_IronUtensils_T02_UIDataName","Железная утварь",""
"RD_DID_Resource_ItemUpgradeArmor_T01_UIDataName","NOT USED Upgrade item",""
"RD_DID_Resource_ItemUpgradeArmor_T02_UIDataName","NOT USED Upgrade item",""
"RD_DID_Resource_ItemUpgradeArmor_T03_UIDataName","NOT USED Upgrade item",""
"RD_DID_Resource_ItemUpgradeWeapon_T01_UIDataName","NOT USED Upgrade item",""
"RD_DID_Resource_ItemUpgradeWeapon_T02_UIDataName","NOT USED Upgrade item",""
"RD_DID_Resource_ItemUpgradeWeapon_T03_UIDataName","NOT USED Upgrade item",""
"RD_DID_Resource_Leather_T01_Handyman_Hunter_UIDataName","NOT USED Boar hunting - time",""
"RD_DID_Resource_LinenFabric_T02_UIDataName","Ткань из льна",""
"RD_DID_Resource_MeatCrab_T01_Handyman_Gatherer_UIDataName","NOT USED Crabs gahtering - time",""
"RD_DID_Resource_MillstoneParts_T02_UIDataName","Детали жернова",""
"RD_DID_Resource_Nails_T01_Copper_UIDataName","Гвозди (Медь) 5 шт.",""
"RD_DID_Resource_Nails_T01_Iron_UIDataName","Гвозди (Железо) 10 шт.",""
"RD_DID_Resource_PepperSeeds_T01_Handyman_Herbalist_UIDataName","NOT USED Pepper seeds gathering - time",""
"RD_DID_Resource_PineappleJuice_T04_UIDataName","NOT USED Pineapple Juice",""
"RD_DID_Resource_PlanksWood_T01_UIDataName","Деревянная доска",""
"RD_DID_Resource_Potato_T01_Handyman_Farmer_UIDataName","NOT USED Sweet Potato gathering - time",""
"RD_DID_Resource_PotatoSeeds_T01_Handyman_Herbalist_UIDataName","NOT USED Sweet Potato seeds gathering - time",""
"RD_DID_Resource_Rope_T01_UIDataName","Моток веревки",""
"RD_DID_Resource_Salt_T03_Buy_UIDataName","Соль",""
"RD_DID_Resource_SenkamatiUmbraPepper_T03_Buy_UIDataName","Древняя специя",""
"RD_DID_Resource_SilverIngot_T02_Buy_UIDataName","Серебряный слиток",""
"RD_DID_Resource_Stone_T01_Handyman_Miner_UIDataName","NOT USED Stone gathering - time",""
"RD_DID_Resource_Sulfur_T01_Handyman_Miner_UIDataName","NOT USED Sulfur gathering - time",""
"RD_DID_Resource_TanLeather_T02_UIDataName","Выделанная кожа",""
"RD_DID_Resource_Tannin_T02_UIDataName","Танин",""
"RD_DID_Resource_TarredPlanks_T03_UIDataName","Просмоленные доски",""
"RD_DID_Resource_TarredFabric_T03_UIDataName","Просмоленная ткань",""
"RD_DID_Resource_ToledoSteel_T04_UIDataName","Толедская сталь",""
"RD_DID_Resource_TomatoSeeds_T02_Handyman_Farmer_UIDataName","NOT USED Tomatoes gathering - time",""
"RD_DID_Resource_TomatoSeeds_T02_Handyman_Herbalist_UIDataName","NOT USED Tomatoes' seeds gathering - time",""
"RD_DID_Resource_TumbagoIngot_T03_UIDataName","Слиток тумбага",""
"RD_DID_Resource_UmbraEssence_T03_2_UIDataName","Essence Arborum",""
"RD_DID_Resource_UmbraEssence_T03_UIDataName","Essence Arborum",""
"RD_DID_Resource_Varnish_T04_UIDataName","Лак",""
"RD_DID_Resource_VarnishedMahogany_T04_UIDataName","Лакированная доска из красной древесины",""
"RD_DID_Resource_Vinegar_T04_UIDataName","NOT USED Vinegar",""
"RD_DID_Resource_WineBottle_T04_UIDataName","NOT USED Wine Bottle",""
"RD_DID_Resource_WolfFang_T02_Handyman_Hunter_UIDataName","NOT USED Outdated task description - hours",""
"RD_DID_Resource_Wood_T01_Handyman_Lumber_UIDataName","NOT USED Outdated task description - hours",""
"RD_DID_Resource_WoodenBeam_T02_UIDataName","Деревянный брус",""
"RD_EID_Armor_Backpack_L00_T01_UIDataName","Рваный мешок из парусины",""
"EID_Armor_Pikeman_Feet_L01_T04_ItemName","Ботинки пикинера",""
"EID_Armor_Pikeman_Hands_L01_T04_ItemName","Перчатки пикинера",""
"EID_Armor_Pikeman_Head_L01_T04_ItemName","Шлем пикинера",""
"EID_Armor_Pikeman_Legs_L01_T04_ItemName","Штаны пикинера",""
"EID_Armor_Pikeman_Torso_L01_T04_ItemName","Кираса пикинера",""
"RD_EID_Backpack_L04_T01_Buy_UIDataName","Рюкзак Путешественника",""
"RD_EID_Backpack_Upgradable_L01_T01_UIDataName","Рюкзак матроса",""
"RD_EID_Backpack_Upgradable_L02_T01_UIDataName","Рюкзак Боцмана",""
"RD_EID_Backpack_Upgradable_L03_T01_UIDataName","Рюкзак Квартирмейстера",""
"EID_MeleeWeapon_Sword2h_Reliable_L01_T04_ItemDescription","Может быть, этот длиный меч и выглядит архаично в эпоху пороха и парусов, но в умелых руках все еще смертоносен.",""
"EID_MeleeWeapon_Sword2h_Reliable_L01_T04_ItemName","Trusted Longsword",""
"RD_EID_Resource_ClayPot_T01_UIDataName","Глиняный котелок",""
"RD_EID_Resource_CopperPot_T01_UIDataName","Медный котелок",""
"RD_EID_Tool_Axe_T00_UIDataName","Каменный топор",""
"RD_EID_Tool_Axe_T01_UIDataName","Медный топор",""
"RD_EID_Tool_Axe_T02_UIDataName","Железный топор",""
"RD_EID_Tool_Axe_T03_UIDataName","Болотный топор",""
"RD_EID_Tool_FishingRod_T02_UIDataName","Простая удочка",""
"RD_EID_Tool_Pickaxe_T00_UIDataName","Каменная кирка",""
"RD_EID_Tool_Pickaxe_T01_UIDataName","Медная кирка",""
"RD_EID_Tool_Pickaxe_T02_UIDataName","Железная кирка",""
"RD_EID_Tool_Pickaxe_T03_UIDataName","Болотная кирка",""
"RD_EID_Tool_Shovel_T01_UIDataName","Лопата",""
"RD_EID_Tool_Torch_T01_UIDataName","Факел",""
"RD_Resource_OldArmor_Boots_T04_Disassemble_UIDataName","Старые испанские сапоги",""
"RD_Resource_OldArmor_Hands_T04_Disassemble_UIDataName","Старые испанские наручи",""
"RD_Resource_OldArmor_Hat_T04_Disassemble_UIDataName","Старый испаснский морион",""
"RD_Resource_OldArmor_Legs_T04_Disassemble_UIDataName","Старые испанские поножи",""
"RD_Resource_OldArmor_Torso_T04_Disassemble_UIDataName","Старая испанская кираса",""
"RD_Ship_Cutter_UIDataName","Сutter",""
"RD_Ship_Ketch_UIDataName","Ketch",""
"RD_Ship_KetchBlackbeard_UIDataName","Blackbeard Ketch",""
"RD_Ship_KetchBrethren_UIDataName","Brethren Ketch",""
"RD_Ship_Brigantine_UIDataName","Brigantine",""
"RD_Ship_Brig_UIDataName","Brig",""
"RD_Ship_BrigBlackbeard_UIDataName","Blackbeard Brig",""
"RD_Ship_BrigBrethren_UIDataName","Brethren Brig",""
"RD_Ship_Frigate_UIDataName","Frigate",""
"RD_Ship_FrigateBlackbeard_UIDataName","Blackbeard Frigate",""
"RD_Ship_FrigateBrethren_UIDataName","Brethren Frigate",""
"RD_Ship_Galleon_UIDataName","Galleon",""
"RD_Ship_Merchant_UIDataName","Big Merchant",""
"RD_Ship_Royal_UIDataName","Battleship Royal",""
"CID_TradeGoods_VanityText","Кто влезет внутрь – останется без доли!\r\n— нацарапано гвоздем",""
"CID_TradeGoods_ItemDescription","Ящик с надежно упакованным товаром для удобной транспортировки по морю. Можно продать за пиастры.",""
"CID_TradeGoods_ItemDescription_Contraband","Unmarked cargo meant to stay off the books.\r\n\r\nCould be sold to Smugglers.",""
"CID_TradeGoods_ItemDescription_Luxuries","Refined goods sealed for shipment: fragile, expensive, and always in demand.\r\n\r\nCould be sold to Smugglers.",""
"CID_TradeGoods_ItemDescription_Medcine","Medical supplies packed for shipment: tonics, salves, and clean wraps.\r\n\r\nCould be sold to People of Tortuga.",""
"CID_TradeGoods_ItemDescription_Munitions","A heavy shipment of powder and shot intended for sale. Keep it dry, keep it sealed.\r\n\r\nCould be sold to Buccaneers.",""
"CID_TradeGoods_ItemDescription_NavalSupplies","Naval supplies bound for dockyards and warships. Reliable profit in a well-sealed crate.\r\n\r\nCould be sold to Brethren of the Coast.",""
"CID_TradeGoods_ItemDescription_Provisions","Provisions sealed for transport.\r\n\r\nCould be sold to People of Tortuga.",""
"CID_TradeGoods_ItemDescription_SpecializedTools","A trade crate of specialized tools—shipwright gear, fine instruments, and hard-to-find parts.\r\n\r\nCould be sold to Brethren of the Coast.",""
"CID_TradeGoods_ItemDescription_Spirits","Trade cargo of strong drink. Worth coin, and worth a fight.\r\n\r\nCould be sold to Buccaneers.",""
"CID_TradeGoods_Wood_T01_ItemName","Упакованная древесина",""
"CID_TradeGoods_Hardwood_T02_ItemName","Упакованная твердая древесина",""
"CID_TradeGoods_CopperIngot_T02_ItemName","Упакованные медные слитки",""
"CID_TradeGoods_IronIngot_T02_ItemName","Упакованные железные слитки",""
"CID_TradeGoods_SilverIngot_T01_ItemName","NOT USED Silver Ingots",""
"CID_TradeGoods_GoldIngot_T01_ItemName","NOT USED Gold Ingots",""
"CID_TradeGoods_Coconuts_T01_ItemName","NOT USED Coconut",""
"CID_TradeGoods_Lime_T02_ItemName","NOT USED  Limes",""
"CID_TradeGoods_Fabric_T01_ItemName","NOT USED  Coarse Fabric",""
"CID_TradeGoods_LinenFabric_T02_ItemName","NOT USED  Linen Fabric",""
"CID_TradeGoods_Leather_T01_ItemName","NOT USED  Hides",""
"CID_TradeGoods_TanLeather_T02_ItemName","NOT USED  Tanned Leather",""
"CID_TradeGoods_Gems_T02_ItemName","NOT USED  Gems",""
"CID_TradeGoods_Salt_T02_ItemName","NOT USED  Salt",""
"CID_TradeGoods_Sugar_T02_ItemName","NOT USED  Sugar",""
"CID_TradeGoods_Coffee_T02_ItemName","NOT USED  Coffee",""
"CID_TradeGoods_Spices_T03_ItemName","NOT USED  Spices",""
"DID_TradeCraft_Alcohol_Lucky_ItemName","Бренди",""
"DID_TradeCraft_Alcohol_Lucky_ItemDescription","Крепкий дистиллят, импортируемый из Франции и Испании. Ценится за универсальность: используется как товар обмена, медицинский спирт и редкий компонент для корабельных и полевых нужд.",""
"DID_TradeCraft_Alcohol_Lucky_VanityText","A gentleman’s fire.",""
"DID_TradeCraft_Alcohol_Officer_ItemName","Мадейра",""
"DID_TradeCraft_Alcohol_Officer_ItemDescription","Креплёное вино, поставляемое с острова Мадейра под португальским флагом. Выдерживает жару и долгие переходы, за что высоко ценится офицерами, купцами и корабельными мастерами.",""
"DID_TradeCraft_Alcohol_Officer_VanityText","Improved by the journey.",""
"DID_TradeCraft_Alcohol_Sugarcane_ItemName","Виски",""
"DID_TradeCraft_Alcohol_Sugarcane_ItemDescription","Суровый зерновой спирт, завозимый из Шотландии и Ирландии. Редко встречается в Карибах и потому особенно ценится как торговый товар и компонент для особых рецептов.",""
"DID_TradeCraft_Alcohol_Sugarcane_VanityText","The pipes are calling.",""
"DID_Reputation_FactionSign_01_ItemName","Letter of Favor",""
"DID_Reputation_FactionSign_01_ItemDescription","Whom it may concern: the bearer of this letter has earned their standing through deed and loyalty. Treat them as a captain of proven worth, one who can be trusted with coin, cargo, and sensitive work.\r\n\r\nTurn it in on Tortuga to any archipelago faction to gain reputation.",""
"DID_Reputation_FactionSign_01_ItemVanity","A favor in writing: the pirate's version of a royal pardon.",""
"DID_Reputation_BlackBeardSign_01_ItemName","Newhand Insignia",""
"DID_Reputation_BlackBeardSign_01_ItemDescription","A fresh-pressed mark carried by Blackbeard’s newest hands.\r\n\r\nTurn it in on Tortuga to any archipelago faction to gain reputation.",""
"DID_Reputation_BlackBeardSign_01_ItemVanity","Proof Blackbeard can afford to lose men.",""
"DID_Reputation_BlackBeardSign_02_ItemName","Seasoned Insignia",""
"DID_Reputation_BlackBeardSign_02_ItemDescription","Worn by sailors who’ve survived a few hard runs under Blackbeard’s flag.\r\n\r\nTurn it in on Tortuga to any archipelago faction to gain reputation.",""
"DID_Reputation_BlackBeardSign_02_ItemVanity","Worn by hands that don’t hesitate to kill.",""
"DID_Reputation_BlackBeardSign_03_ItemName","Veteran Insignia",""
"DID_Reputation_BlackBeardSign_03_ItemDescription","A hard-earned insignia taken from experienced crew. Only true cutthroats who know every dirty trick are worthy to carry one.\r\n\r\nTurn it in on Tortuga to any archipelago faction to gain reputation.",""
"DID_Reputation_BlackBeardSign_03_ItemVanity","Taken from someone who didn’t make mistakes—until you showed up.",""
"DID_Reputation_BlackBeardSign_04_ItemName","Old Salt Insignia",""
"DID_Reputation_BlackBeardSign_04_ItemDescription","A scarred, storied mark from a true sea-dog of Blackbeard’s crews.\r\n\r\nTurn it in on Tortuga to any archipelago faction to gain reputation.",""
"DID_Reputation_BlackBeardSign_04_ItemVanity","This belonged to someone who outlived mercy.",""
"DID_Reputation_BlacksmithFlux_01_ItemName","Кузнечная присадка",""
"DID_Reputation_BlacksmithFlux_01_ItemDescription","Необходима для изготовления качественного оружия и брони из металла\r\n\r\nПокупается у Контрабандистов Порт-Рояла",""
"DID_Reputation_BlacksmithFlux_02_ItemName","Улучшенная кузнечная присадка",""
"DID_Reputation_BlacksmithFlux_02_ItemDescription","Необходима для изготовления высококачественного оружия и брони из металла\r\n\r\nПокупается у Контрабандистов Порт-Рояла",""
"DID_Reputation_FineTools_01_ItemName","Инструменты мастера",""
"DID_Reputation_FineTools_01_ItemDescription","Необходимы для изготовления качественного огнестрела и кожаной брони\r\n\r\nПокупаются у Буканьеров",""
"DID_Reputation_FineTools_02_ItemName","Улучшенные инструменты мастера",""
"DID_Reputation_FineTools_02_ItemDescription","Необходимы для изготовления высококачественного огнестрела и кожаной брони\r\n\r\nПокупаются у Буканьеров",""
"DID_Reputation_ShipTools_01_ItemName","Инструменты корабела",""
"DID_Reputation_ShipTools_01_ItemDescription","Необходимы для изготовления качественных пушек и корабельной экипировки\r\n\r\nПокупаются у Берегового Братства",""
"DID_Reputation_ShipTools_02_ItemName","Улучшенные инструменты корабела",""
"DID_Reputation_ShipTools_02_ItemDescription","Необходимы для изготовления высококачественных пушек и корабельной экипировки\r\n\r\nПокупаются у Берегового Братства",""
"DID_Reputation_ThreadsNeedles_01_ItemName","Швейные инструменты",""
"DID_Reputation_ThreadsNeedles_01_ItemDescription","Необходимы для изготовления качественных парусов и одежды из ткани\r\n\r\nПокупаются у Жителей Тортуги",""
"DID_Reputation_ThreadsNeedles_02_ItemName","Улучшенные швейные инструменты",""
"DID_Reputation_ThreadsNeedles_02_ItemDescription","Необходимы для изготовления высококачественных парусов и одежды из ткани\r\n\r\nПокупаются у Жителей Тортуги",""
"DID_Reputation_Bucaneers_ItemName","Вольные Буканьеры",""
"DID_Reputation_Bucaneers_ItemDescription","The finest marksmen on both sides of the Atlantic. They mostly hunt boar—but they’re just as skilled at picking off pirates. Turn in Blackbeard insignia to increase your reputation with them.",""
"DID_Reputation_Brethren_ItemName","Береговое Братство",""
"DID_Reputation_Brethren_ItemDescription","Some call them pirates. Others call them vagabonds. The truth is, they’re free captains of the Caribbean—bound by their own Code, with no master above them. Turn in Blackbeard insignia to increase your reputation with them.",""
"DID_Reputation_Smugglers_ItemName","Контрабандисты Порт-Ройала",""
"DID_Reputation_Smugglers_ItemDescription","They’ll find anything you want—and sell it at an outrageous price, slipping past both law and tax along the way. Turn in Blackbeard insignia to increase your reputation with them.",""
"DID_Reputation_Civilians_ItemName","Жители Тортуги",""
"DID_Reputation_Civilians_ItemDescription","Refugees from Tortuga, driven out by the undead invasion. Hardened by hardship, they survived—at the cost of everything they owned. Turn in Blackbeard insignia to increase your reputation with them.",""
"DID_Misc_TreasureMap_OIC_VanityText","Местоположение клада отмечено на карте",""
"DID_Misc_TreasureMap_Blackbeard_Description","Карта, способная довести своего владельца до сокровищ, спрятанных на архипелаге Чернобородцами",""
"DID_Misc_TreasureMap_OIC_Description","NOT USED Treasure map description",""
"DID_Misc_TreasureMap_OIC_01","NOT USED Treasure map 1",""
"DID_Misc_TreasureMap_OIC_02","NOT USED Treasure map 2",""
"DID_Misc_TreasureMap_OIC_03","NOT USED Treasure map 3",""
"DID_Misc_TreasureMap_OIC_04","NOT USED Treasure map 4",""
"DID_Misc_TreasureMap_OIC_05","NOT USED Treasure map 5",""
"DID_Misc_TreasureMap_OIC_06","NOT USED Treasure map 6",""
"DID_Misc_TreasureMap_Blackbeard_01","Первая карта Чернобородцев",""
"DID_Misc_TreasureMap_Blackbeard_02","Вторая карта Чернобородцев",""
"DID_Misc_TreasureMap_Blackbeard_03","Третья карта Чернобородцев",""
"DID_Misc_TreasureMap_Blackbeard_04","Четвертая карта Чернобородцев",""
"DID_Misc_TreasureMap_Blackbeard_05","Пятая карта Чернобородцев",""
"DID_Misc_TreasureMap_Blackbeard_06","Шестая карта Чернобородцев",""
"DID_Misc_TreasureMap_Blackbeard_07","Седьмая карта Чернобородцев",""
"DID_Misc_TreasureMap_Blackbeard_08","Восьмая карта Чернобородцев",""
"DID_Misc_TreasureMap_Blackbeard_09","Девятая карта Чернобородцев",""
"EID_MeleeWeapon_Club_Blank_Base_ItemName","Дубина",""
"EID_MeleeWeapon_Club_Blank_Base_ItemDescription","Крепкая и очень увесистая. Что еще нужно от дубины?",""
"EID_MeleeWeapon_Club_Blank_Base_VanityText","Отлично доносит позицию в споре – прямо в голову оппонента.",""
"EID_MeleeWeapon_Club_Reliable_Base_ItemName","Надежная дубина",""
"EID_MeleeWeapon_Club_Reliable_Base_ItemDescription","Хорошо сделанный пернач, насаженный на крепкое древко. Весит ровно столько, чтобы проламывать ребра, но не вываливаться из рук после пары ударов.",""
"EID_MeleeWeapon_Club_Reliable_Base_VanityText","Лучшее средство убеждения, когда закончились и слова и ром.",""
"EID_MeleeWeapon_Club_Reliable_Base_Effect1","Increases Posture Points by {0}.",""
"EID_MeleeWeapon_Club_Reliable_Advanced_ItemName","Надежная дубина",""
"EID_MeleeWeapon_Club_Reliable_Advanced_ItemDescription","Хорошо сделанный пернач, насаженный на крепкое древко. Весит ровно столько, чтобы проламывать ребра, но не вываливаться из рук после пары ударов.",""
"EID_MeleeWeapon_Club_Reliable_Advanced_VanityText","Лучшее средство убеждения, когда закончились и слова и ром.",""
"EID_MeleeWeapon_Club_Reliable_Advanced_Effect1","Increases Posture Points by {0}.",""
"EID_MeleeWeapon_Club_Reliable_Advanced_Effect2","Attacks consume {1} less Stamina.",""
"EID_MeleeWeapon_Club_Corrupted_Advanced_ItemName","Зуб болотной Твари",""
"EID_MeleeWeapon_Club_Corrupted_Advanced_ItemDescription","Это оружие может не только оглушить, но и покусать заодно, оставив после себя страшные рваные раны.",""
"EID_MeleeWeapon_Club_Corrupted_Advanced_VanityText","Как эти твари еще не вымерли?!",""
"EID_MeleeWeapon_Club_Corrupted_Advanced_Effect1","Critical Hits with this weapon no longer deal bonus Damage, but instead trigger a burst of Distortion, dealing Damage to all nearby enemies.",""
"EID_MeleeWeapon_Club_Corrupted_Advanced_Effect2","The lower your remaining Health, the higher your Distortion Damage.",""
"EID_MeleeWeapon_Club_Corrupted_Base_ItemName","Зуб болотной Твари",""
"EID_MeleeWeapon_Club_Corrupted_Base_ItemDescription","Это оружие может не только оглушить, но и покусать заодно, оставив после себя страшные рваные раны.",""
"EID_MeleeWeapon_Club_Corrupted_Base_VanityText","Как эти твари еще не вымерли?!",""
"EID_MeleeWeapon_Club_Corrupted_Base_Effect1","Critical Hits with this weapon no longer deal bonus Damage, but instead trigger a burst of Distortion, dealing Damage to all nearby enemies.",""
"EID_MeleeWeapon_Club_Fish_Base_ItemName","Сокрушитель","На английском Mackerel Maul"
"EID_MeleeWeapon_Club_Fish_Base_ItemDescription","Настоящая рыба-меч. Просто этот вид мало известен.",""
"EID_MeleeWeapon_Club_Fish_Base_VanityText","Один только запах сваливает с ног.",""
"EID_MeleeWeapon_Club_Fish_Base_Effect1","Hits have a small chance to knock enemies down. The higher your Strength, the higher the chance.",""
"EID_MeleeWeapon_Club_Forceful_Advanced_ItemName","Дробитель",""
"EID_MeleeWeapon_Club_Forceful_Advanced_ItemDescription","Увесистая палица. Прицельный удар способен отправить в глубокий сон на несколько часов.",""
"EID_MeleeWeapon_Club_Forceful_Advanced_VanityText","Видеть, как у врага подкашиваются колени после пропущенного удара – бесценно.",""
"EID_MeleeWeapon_Club_Forceful_Advanced_Effect1","Hits have a small chance to knock enemies down. The higher your Strength, the higher the chance.",""
"EID_MeleeWeapon_Club_Forceful_Advanced_Effect2","Deals {0} bonus Damage to pirates, outlaws, and other cutthroats.",""
"EID_MeleeWeapon_Club_Forceful_Base_ItemName","Дробитель",""
"EID_MeleeWeapon_Club_Forceful_Base_ItemDescription","Увесистая палица. Прицельный удар способен отправить в глубокий сон на несколько часов.",""
"EID_MeleeWeapon_Club_Forceful_Base_VanityText","Видеть, как у врага подкашиваются колени после пропущенного удара – бесценно.",""
"EID_MeleeWeapon_Club_Forceful_Base_Effect1","Hits have a small chance to knock enemies down. The higher your Strength, the higher the chance.",""
"EID_MeleeWeapon_Club_Massive_Advanced_ItemName","Костолом",""
"EID_MeleeWeapon_Club_Massive_Advanced_ItemDescription","Тяжёлый пернач, способный проломить любую броню, а заодно и кости. На рукояти выгравированы череп и берцовая кость, рядом с ними — череда зарубок. Похоже, кто-то вёл счёт.",""
"EID_MeleeWeapon_Club_Massive_Advanced_VanityText","Всегда оправдывает свое название.",""
"EID_MeleeWeapon_Club_Massive_Advanced_Effect1","The more Stamina you have, the more Damage the weapon deals.",""
"EID_MeleeWeapon_Club_Massive_Advanced_Effect2","Increases Critical Hit Chance by {0}.",""
"EID_MeleeWeapon_Club_Massive_Base_ItemName","Костолом",""
"EID_MeleeWeapon_Club_Massive_Base_ItemDescription","Тяжёлый пернач, способный проломить любую броню, а заодно и кости. На рукояти выгравированы череп и берцовая кость, рядом с ними — череда зарубок. Похоже, кто-то вёл счёт.",""
"EID_MeleeWeapon_Club_Massive_Base_VanityText","Всегда оправдывает свое название.",""
"EID_MeleeWeapon_Club_Massive_Base_Effect1","The more Stamina you have, the more Damage the weapon deals.",""
"EID_MeleeWeapon_Greatsword_Blank_Base_ItemName","Двуручный меч","Greatsword"
"EID_MeleeWeapon_Greatsword_Blank_Base_ItemDescription","Длинный меч, который хорош в бою как против крупных зверей, так и против группы двуногих противников.",""
"EID_MeleeWeapon_Greatsword_Blank_Base_VanityText","Может, этот меч и выглядит архаично, но все еще смертоносен.",""
"EID_MeleeWeapon_Greatsword_Parrying_Advanced_ItemName","Дуэльный двуручник",""
"EID_MeleeWeapon_Greatsword_Parrying_Advanced_ItemDescription","Длинный и прямой меч, больше похожий на церемониальное оружие. Однако его лезвие отточенно и смертоносно. Такими мечами защищали свои убеждения капитаны Старого Света.",""
"EID_MeleeWeapon_Greatsword_Parrying_Advanced_VanityText","Ты ответишь за свое оскорбление! Ар-р!",""
"EID_MeleeWeapon_Greatsword_Parrying_Advanced_Effect1","Each successful Perfect Block applies Retaliation effect increasing your Melee Damage by {0}. Stacks up to {1} times. Taking Damage removes the effect.",""
"EID_MeleeWeapon_Greatsword_Parrying_Advanced_Effect2","Perfect Blocks at maximum stacks restore {2} Health.",""
"EID_MeleeWeapon_Greatsword_Parrying_Advanced_Effect1_Status_Name","Retaliation",""
"EID_MeleeWeapon_Greatsword_Parrying_Advanced_Effect1_Status_Descriptions","Melee Damage increased by {0} per effect stack. Stacks limit: {1}",""
"EID_MeleeWeapon_Greatsword_Parrying_Base_ItemName","Дуэльный двуручник",""
"EID_MeleeWeapon_Greatsword_Parrying_Base_ItemDescription","Длинный и прямой меч, больше похожий на церемониальное оружие. Однако его лезвие отточенно и смертоносно. Такими мечами защищали свои убеждения капитаны Старого Света.",""
"EID_MeleeWeapon_Greatsword_Parrying_Base_VanityText","Ты ответишь за свое оскорбление! Ар-р!",""
"EID_MeleeWeapon_Greatsword_Parrying_Base_Effect1","Each successful Perfect Block applies Retaliation effect increasing your Melee Damage by {0}. Stacks up to {1} times. Taking Damage removes the effect.",""
"EID_MeleeWeapon_Greatsword_Reliable_Advanced_ItemName","Надежный двуручник",""
"EID_MeleeWeapon_Greatsword_Reliable_Advanced_ItemDescription","Двуручный меч, в котором решает не сила, а контроль клинка противника.",""
"EID_MeleeWeapon_Greatsword_Reliable_Advanced_VanityText","Сила меча определяется волей того, кто его держит.",""
"EID_MeleeWeapon_Greatsword_Reliable_Advanced_Effect1","Increases Posture Points by {0}.",""
"EID_MeleeWeapon_Greatsword_Reliable_Advanced_Effect2","Increases Critical Damage by {1}.",""
"EID_MeleeWeapon_Greatsword_Reliable_Base_ItemName","Надежный двуручник",""
"EID_MeleeWeapon_Greatsword_Reliable_Base_ItemDescription","Двуручный меч, в котором решает не сила, а контроль клинка противника.",""
"EID_MeleeWeapon_Greatsword_Reliable_Base_VanityText","Сила меча определяется волей того, кто его держит.",""
"EID_MeleeWeapon_Greatsword_Reliable_Base_Effect1","Increases Posture Points by {0}.",""
"EID_MeleeWeapon_Greatsword_Souldrinker_Advanced_ItemName","Пожиратель душ","Souldrinker"
"EID_MeleeWeapon_Greatsword_Souldrinker_Advanced_ItemDescription","Говорят, когда-то этим мечом владел Призрачный Капитан. Это лезвие такое же темное, как воды, которые однажды поглотят его нового владельца.",""
"EID_MeleeWeapon_Greatsword_Souldrinker_Advanced_VanityText","Если взмахнуть клинком, можно услышать, как на свист ветра откликаются морские глубины.",""
"EID_MeleeWeapon_Greatsword_Souldrinker_Advanced_Effect1","This weapon has a special attack [F] that drains Health from nearby enemies. Cooldown: {0} min.",""
"EID_MeleeWeapon_Greatsword_Souldrinker_Advanced_Effect1_Status_Name","Souldrinker: Cooldown.",""
"EID_MeleeWeapon_Greatsword_Souldrinker_Advanced_Effect1_Status_Description","Ability is on cooldown.",""
"EID_MeleeWeapon_Greatsword_Souldrinker_Advanced_Effect2","Special attack Damage additionally scales with Vitality.",""
"EID_MeleeWeapon_Greatsword_Souldrinker_Base_ItemName","Пожиратель душ","Souldrinker"
"EID_MeleeWeapon_Greatsword_Souldrinker_Base_ItemDescription","Говорят, когда-то этим мечом владел Призрачный Капитан. Это лезвие такое же темное, как воды, которые однажды поглотят его нового владельца.",""
"EID_MeleeWeapon_Greatsword_Souldrinker_Base_VanityText","Если взмахнуть клинком, можно услышать, как на свист ветра откликаются морские глубины.",""
"EID_MeleeWeapon_Greatsword_Souldrinker_Base_Effect1","This weapon has a special attack [F] that drains Health from nearby enemies. Cooldown: {0} min.",""
"EID_MeleeWeapon_Halberd_Blank_Base_ItemName","Алебарда",""
"EID_MeleeWeapon_Halberd_Blank_Base_ItemDescription","Достаточно длинная, чтобы держать врагов на расстоянии, и достаточно острая, чтобы они не захотели приближаться.",""
"EID_MeleeWeapon_Halberd_Blank_Base_VanityText","Стой, где стоишь! И не делай вид, что не понимаешь!",""
"EID_MeleeWeapon_Halberd_Corrupted_Advanced_ItemName","Чумная алебарда",""
"EID_MeleeWeapon_Halberd_Corrupted_Advanced_ItemDescription","Ранит тело, разрушает душу. А еще от нее воняет, как от трюма после долгого плавания.",""
"EID_MeleeWeapon_Halberd_Corrupted_Advanced_VanityText","Давным-давно потерянная испанцами в Болотах и впитавшая в себя всю силу чуждого проклятия.",""
"EID_MeleeWeapon_Halberd_Corrupted_Advanced_Effect1","Dealing Damage grants you a stack of Plague Echoes effect. At {1} stacks, the special [F] attack becomes available.",""
"EID_MeleeWeapon_Halberd_Corrupted_Advanced_Effect2","Using the special attack instantly restores {2} of your maximum Health.",""
"EID_MeleeWeapon_Halberd_Corrupted_Advanced_Effect1_Status_Name","Plague Infused",""
"EID_MeleeWeapon_Halberd_Corrupted_Advanced_Effect1_Status_Description","Special [F] attack is now available",""
"EID_MeleeWeapon_Halberd_Corrupted_Base_ItemName","Чумная алебарда",""
"EID_MeleeWeapon_Halberd_Corrupted_Base_ItemDescription","Ранит тело, разрушает душу. А еще от нее воняет, как от трюма после долгого плавания.",""
"EID_MeleeWeapon_Halberd_Corrupted_Base_VanityText","Давным-давно потерянная испанцами в Болотах и впитавшая в себя всю силу чуждого проклятия.",""
"EID_MeleeWeapon_Halberd_Corrupted_Base_Effect1","Dealing Damage grants you a stack of Plague Echoes effect. At {1} stacks, the special [F] attack becomes available.",""
"EID_MeleeWeapon_Halberd_Corrupted_Base_Effect1_Status_Name","Plague Echoes",""
"EID_MeleeWeapon_Halberd_Corrupted_Base_Effect1_Status_Description","Deal more damage to activate a special attack",""
"EID_MeleeWeapon_Halberd_Executioner_Advanced_ItemName","Палач",""
"EID_MeleeWeapon_Halberd_Executioner_Advanced_ItemDescription","Лезвие этой алебарды хранит память обо всех преступниках, казненых во славу Испанской короны.",""
"EID_MeleeWeapon_Halberd_Executioner_Advanced_VanityText","Сносит голову с первого раза! Ладно, иногда со второго.",""
"EID_MeleeWeapon_Halberd_Executioner_Advanced_Effect1","Killing enemies grants stacks of Decimation effect. Each stack increases your Critical Hit Chance by {0}, up to {1}.",""
"EID_MeleeWeapon_Halberd_Executioner_Advanced_Effect2","While the Decimation effect is active, you gain Apathy effect granting {2} Damage Resistance.",""
"EID_MeleeWeapon_Halberd_Executioner_Advanced_Status2_Name","Apathy",""
"EID_MeleeWeapon_Halberd_Executioner_Advanced_Status2_Description","Damage Resistance Increased by {0}",""
"EID_MeleeWeapon_Halberd_Executioner_Base_ItemName","Палач",""
"EID_MeleeWeapon_Halberd_Executioner_Base_ItemDescription","Лезвие этой алебарды хранит память обо всех преступниках, казненых во славу Испанской короны.",""
"EID_MeleeWeapon_Halberd_Executioner_Base_VanityText","Сносит голову с первого раза! Ладно, иногда со второго.",""
"EID_MeleeWeapon_Halberd_Executioner_Base_Effect1","Killing enemies grants stacks of Decimation effect. Each stack increases your Critical Hit Chance by {0}, up to {1}.",""
"EID_MeleeWeapon_Halberd_Executioner_Base_Status_Name","Decimation",""
"EID_MeleeWeapon_Halberd_Executioner_Base_Status_Description","Critical Hit Chance increased by {0} per effect stack. Stacks limit: {1}",""
"EID_MeleeWeapon_Halberd_Reliable_Advanced_ItemName","Надежная алебарда",""
"EID_MeleeWeapon_Halberd_Reliable_Advanced_ItemDescription","Добротное оружие, созданное выдерживать и лобовую атаку, и абордаж, и даже ржавчину.",""
"EID_MeleeWeapon_Halberd_Reliable_Advanced_VanityText","От этой штуки держатся подальше и пираты, и морская нечисть.",""
"EID_MeleeWeapon_Halberd_Reliable_Advanced_Effect1","Increases Critical Hit Chance by {0}.",""
"EID_MeleeWeapon_Halberd_Reliable_Advanced_Effect2","Base Damage of this item is 15 points higher.",""
"EID_MeleeWeapon_Halberd_Reliable_Base_ItemName","Надежная алебарда",""
"EID_MeleeWeapon_Halberd_Reliable_Base_ItemDescription","Добротное оружие, созданное выдерживать и лобовую атаку, и абордаж, и даже ржавчину.",""
"EID_MeleeWeapon_Halberd_Reliable_Base_VanityText","От этой штуки держатся подальше и пираты, и морская нечисть.",""
"EID_MeleeWeapon_Halberd_Reliable_Base_Effect1","Increases Critical Hit Chance by {0}.",""
"EID_MeleeWeapon_Rapier_Blank_Base_ItemName","Рапира",""
"EID_MeleeWeapon_Rapier_Blank_Base_ItemDescription","Сбалансированная рапира без излишеств. Ее гарда усяна сколами и зазубринами от сотен парированых ударов. Но все равно красивая.",""
"EID_MeleeWeapon_Rapier_Blank_Base_VanityText","Когда фехтование становится формой общения.",""
"EID_MeleeWeapon_Rapier_Bleeding_Advanced_ItemName","Рапира тысячи порезов",""
"EID_MeleeWeapon_Rapier_Bleeding_Advanced_ItemDescription","Алая роза на гарде этой изящной рапиры волшебным образом распускается, когда на неё падают капли крови, а сам клинок будто начинает говорить с тобой, призывая проливать кровь дальше.",""
"EID_MeleeWeapon_Rapier_Bleeding_Advanced_VanityText","Поговаривают, первый хозяин получил её в обмен на душу. Врут, наверное.",""
"EID_MeleeWeapon_Rapier_Bleeding_Advanced_Effect1","Dealing Damage applies Bleeding. Stacks up to {0} times. Each stack deals {1} Damage per second.",""
"EID_MeleeWeapon_Rapier_Bleeding_Advanced_Effect2","Bleed damage dealt while holding this weapon restores Temporal Health.",""
"EID_MeleeWeapon_Rapier_Bleeding_Base_ItemName","Рапира тысячи порезов",""
"EID_MeleeWeapon_Rapier_Bleeding_Base_ItemDescription","Дорогая испанская рапира с серебряной рукоятью. Ее тонкий клинок наносит десятки мелких ран, каждая из которых медленно вытягивает жизнь из врага, оставляя его истекать кровью.",""
"EID_MeleeWeapon_Rapier_Bleeding_Base_Effect1","Dealing Damage applies Bleeding. Stacks up to {0} times. Each stack deals {1} Damage per second.",""
"EID_MeleeWeapon_Rapier_Bleeding_Base_VanityText","Вы спрашиваете, как он погиб? Сначала постепенно, а потом сразу.",""
"EID_MeleeWeapon_Rapier_Eviscerate_Advanced_ItemName","Рапира опустошения","Decimating Rapier"
"EID_MeleeWeapon_Rapier_Eviscerate_Advanced_ItemDescription","Чумная древесина оплетает тонкими побегами грубый металл. Кажется, что ветви, словно живые, ждут возможности впиться в плоть врагов.",""
"EID_MeleeWeapon_Rapier_Eviscerate_Advanced_VanityText","Как будто обычной смерти недостаточно...",""
"EID_MeleeWeapon_Rapier_Eviscerate_Advanced_Effect1","Light Attacks apply up to {0} Plague marks. Heavy Attacks consume all accumulated marks, dealing bonus Damage for each.",""
"EID_MeleeWeapon_Rapier_Eviscerate_Advanced_Effect2","If a Heavy Attack consumes more than {1} marks, you restore {2} of your Maximum Health.",""
"EID_MeleeWeapon_Rapier_Eviscerate_Base_ItemName","Рапира опустошения",""
"EID_MeleeWeapon_Rapier_Eviscerate_Base_ItemDescription","Чумная древесина оплетает тонкими побегами грубый металл. Кажется, что ветви, словно живые, ждут возможности впиться в плоть врагов.",""
"EID_MeleeWeapon_Rapier_Eviscerate_Base_VanityText","Как будто обычной смерти недостаточно...",""
"EID_MeleeWeapon_Rapier_Eviscerate_Base_Effect1","Light Attacks apply up to {0} Plague marks. Heavy Attacks consume all accumulated marks, dealing bonus Damage for each.",""
"EID_MeleeWeapon_Rapier_Eviscerate_Base_Effect1_Status_Name","Plague Mark",""
"EID_MeleeWeapon_Rapier_Eviscerate_Base_Effect1_Status_Description","Next time you are hit by a Heavy Attack you receive additional Damage",""
"EID_MeleeWeapon_Rapier_Reliable_Advanced_ItemName","Надежная рапира",""
"EID_MeleeWeapon_Rapier_Reliable_Advanced_ItemDescription","Тонкая стальная рапира, будто специально созданная для дружеских встреч за чертой города на рассвете.",""
"EID_MeleeWeapon_Rapier_Reliable_Advanced_VanityText","Легкое оружие. Легкие движения. Быстрая смерть.",""
"EID_MeleeWeapon_Rapier_Reliable_Advanced_Effect1","Increases the Perfect Block opportunity window.",""
"EID_MeleeWeapon_Rapier_Reliable_Advanced_Effect2","Critical Damage is increased by {0}.",""
"EID_MeleeWeapon_Rapier_Reliable_Base_ItemName","Надежная рапира",""
"EID_MeleeWeapon_Rapier_Reliable_Base_ItemDescription","Тонкая стальная рапира, будто специально созданная для дружеских встреч за чертой города на рассвете.",""
"EID_MeleeWeapon_Rapier_Reliable_Base_VanityText","Легкое оружие. Легкие движения. Быстрая смерть.",""
"EID_MeleeWeapon_Rapier_Reliable_Base_Effect1","Increases the Perfect Block opportunity window.",""
"EID_MeleeWeapon_Saber_Blank_Base_ItemName","Сабля",""
"EID_MeleeWeapon_Saber_Blank_Base_ItemDescription","Простая сабля, которой удобно рубить врагов на тесных корабельных палубах.",""
"EID_MeleeWeapon_Saber_Blank_Base_VanityText","Она не сверкает, не поет и не обещает победы. Она просто режет.",""
"EID_MeleeWeapon_Saber_Boarding_Advanced_ItemName","Абордажная сабля","Cutlass"
"EID_MeleeWeapon_Saber_Boarding_Advanced_ItemDescription","Массивная, смертоносная сабля, украшенная гравировкой в виде морских волн.",""
"EID_MeleeWeapon_Saber_Boarding_Advanced_VanityText","Лучший фехтовальный финт при абордаже – стрелять первым.",""
"EID_MeleeWeapon_Saber_Boarding_Advanced_Effect1","Hits apply Take Aim! effect up to {0} stacks. Your next shot deals {1} bonus Damage per stack.",""
"EID_MeleeWeapon_Saber_Boarding_Advanced_Effect2","Attacks consume {2} less Stamina.",""
"EID_MeleeWeapon_Saber_Boarding_Base_ItemName","Абордажная сабля","Cutlass"
"EID_MeleeWeapon_Saber_Boarding_Base_ItemDescription","Массивная, смертоносная сабля, украшенная гравировкой в виде морских волн.",""
"EID_MeleeWeapon_Saber_Boarding_Base_VanityText","Лучший фехтовальный финт при абордаже – стрелять первым.",""
"EID_MeleeWeapon_Saber_Boarding_Base_Effect1","Hits apply the Take Aim! effect up to {0} stacks. Your next shot deals {1} bonus Damage per stack.",""
"EID_MeleeWeapon_Saber_Broken_Base_ItemName","Сломанный клинок",""
"EID_MeleeWeapon_Saber_Broken_Base_ItemDescription","Хотя бы еще острый...",""
"EID_MeleeWeapon_Saber_Broken_Base_VanityText","Любая хорошая история начинается с того, что герой все потерял и сидит у разбитого корабля.",""
"EID_MeleeWeapon_Saber_Corrupted_Advanced_ItemName","Сабля \""Арборис\""","Saber Arboris"
"EID_MeleeWeapon_Saber_Corrupted_Advanced_ItemDescription","Клинок этой сабли оплетен кривыми ветвями чумного древа. Ее удары рвут плоть, оставляя ужасные раны, которые заживают годами.",""
"EID_MeleeWeapon_Saber_Corrupted_Advanced_VanityText","Легенды гласят, что местный народ убил своего бога, за что был наказан, и исчез с лица земли.\r\n— Джон Доу, картограф и путешественник",""
"EID_MeleeWeapon_Saber_Corrupted_Advanced_Effect1","Dealing Damage grants you a stack of Plague Echoes effect. At {1} stacks, the special [F] attack becomes available.",""
"EID_MeleeWeapon_Saber_Corrupted_Advanced_Effect2","Deals Crude Damage and scales with Strength.",""
"EID_MeleeWeapon_Saber_Corrupted_Advanced_Effect3","Attacks with this weapon are more effective at converting Temporal Health into Health.",""
"EID_MeleeWeapon_Saber_Corrupted_Base_ItemName","Сабля \""Арборис\""","Saber Arboris"
"EID_MeleeWeapon_Saber_Corrupted_Base_ItemDescription","Клинок этой сабли оплетен кривыми ветвями чумного древа. Ее удары рвут плоть, оставляя ужасные раны, которые заживают годами.",""
"EID_MeleeWeapon_Saber_Corrupted_Base_VanityText","Легенды гласят, что местный народ убил своего бога, за что был наказан, и исчез с лица земли.\r\n— Джон Доу, картограф и путешественник",""
"EID_MeleeWeapon_Saber_Corrupted_Base_Effect1","Dealing Damage grants you a stack of Plague Echoes effect. At {1} stacks, the special [F] attack becomes available.",""
"EID_MeleeWeapon_Saber_Corrupted_Base_Effect2","Deals Crude Damage and scales with Strength.",""
"EID_MeleeWeapon_Saber_Flawless_Advanced_ItemName","Бритва",""
"EID_MeleeWeapon_Saber_Flawless_Advanced_ItemDescription","Пираты Нассау предпочитают быстрое и жестокое оружие. Эта сабля безупречно заточена и закалена в сражениях.",""
"EID_MeleeWeapon_Saber_Flawless_Advanced_VanityText","Какие еще финты? Лезвием по горлу – и концы в воду.\r\n— Израэль Хендс",""
"EID_MeleeWeapon_Saber_Flawless_Advanced_Effect1","Increases base Critical Hit Chance by {0}.",""
"EID_MeleeWeapon_Saber_Flawless_Advanced_Effect2","Increases the Perfect Block opportunity window.",""
"EID_MeleeWeapon_Saber_Flawless_Base_ItemName","Бритва",""
"EID_MeleeWeapon_Saber_Flawless_Base_ItemDescription","Пираты Нассау предпочитают быстрое и жестокое оружие. Эта сабля безупречно заточена и закалена в сражениях.",""
"EID_MeleeWeapon_Saber_Flawless_Base_VanityText","Какие еще финты? Лезвием по горлу – и концы в воду.\r\n— Израэль Хендс",""
"EID_MeleeWeapon_Saber_Flawless_Base_Effect1","Increases base Critical Hit Chance by {0}.",""
"EID_MeleeWeapon_Saber_Parrying_Advanced_ItemName","Дуэльная сабля",""
"EID_MeleeWeapon_Saber_Parrying_Advanced_ItemDescription","Лезвие этой сабли отливает синеватым оттенком, будто его закалили в ледяных водах северных морей.",""
"EID_MeleeWeapon_Saber_Parrying_Advanced_VanityText","Когда-нибудь я буду побежден. Но не тобой и не сегодня.",""
"EID_MeleeWeapon_Saber_Parrying_Advanced_Effect1","Each successful Perfect Block applies Retaliation effect increasing your Damage by {0}. Stacks up to {1} times. Taking Damage removes the effect.",""
"EID_MeleeWeapon_Saber_Parrying_Advanced_Effect2","Increases base Critical Hit Chance by {2}.",""
"EID_MeleeWeapon_Saber_Parrying_Base_ItemName","Дуэльная сабля",""
"EID_MeleeWeapon_Saber_Parrying_Base_ItemDescription","Лезвие этой сабли отливает синеватым оттенком, будто его закалили в ледяных водах северных морей.",""
"EID_MeleeWeapon_Saber_Parrying_Base_VanityText","Когда-нибудь я буду побежден. Но не тобой и не сегодня.",""
"EID_MeleeWeapon_Saber_Parrying_Base_Effect1","Each successful Perfect Block applies Retaliation effect increasing your Damage by {0}. Stacks up to {1} times. Taking Damage removes the effect.",""
"EID_MeleeWeapon_Saber_Reliable_Advanced_ItemName","Надежная сабля",""
"EID_MeleeWeapon_Saber_Reliable_Advanced_ItemDescription","Простая, надежная сабля без изысков. Ее клинок испещрен зазубринами от множества стычек и не раз спасал владельца от смертельных ран",""
"EID_MeleeWeapon_Saber_Reliable_Advanced_VanityText","Простое оружие для сложных времен.",""
"EID_MeleeWeapon_Saber_Reliable_Advanced_Effect1","Increases Posture Points by {0}.",""
"EID_MeleeWeapon_Saber_Reliable_Advanced_Effect2","Attacks consume {1} less Stamina.",""
"EID_MeleeWeapon_Saber_Reliable_Base_ItemName","Надежная сабля",""
"EID_MeleeWeapon_Saber_Reliable_Base_ItemDescription","Простая, надежная сабля без изысков. Ее клинок испещрен зазубринами от множества стычек и не раз спасал владельца от смертельных ран",""
"EID_MeleeWeapon_Saber_Reliable_Base_VanityText","Простое оружие для сложных времен.",""
"EID_MeleeWeapon_Saber_Reliable_Base_Effect1","Increases Posture Points by {0}.",""
"EID_RangeWeapon_Blunderbuss_Blank_Base_ItemName","Мушкетон","Blunderbuss"
"EID_RangeWeapon_Blunderbuss_Blank_Base_ItemDescription","Самый простой и заурядный мушкетон. Всего одним выстрелом доставляет боль всем, кто оказался рядом.",""
"EID_RangeWeapon_Blunderbuss_Blank_Base_VanityText","Любимое оружие абордажных команд.",""
"EID_RangeWeapon_Blunderbuss_Dragonbreath_Advanced_ItemName","Драконье пламя","Dragonbreath"
"EID_RangeWeapon_Blunderbuss_Dragonbreath_Advanced_ItemDescription","Небольшой однозарядный мушкетон, который при выстреле выдает такой плотный сноп пламени, что сметает все на своем пути.","It's Blunderbuss and not a musket"
"EID_RangeWeapon_Blunderbuss_Dragonbreath_Advanced_VanityText","Главное не подпалить себе усы.",""
"EID_RangeWeapon_Blunderbuss_Dragonbreath_Advanced_Effect1","Bullets have a {0} chance to deal bonus Fire Damage.",""
"EID_RangeWeapon_Blunderbuss_Dragonbreath_Advanced_Effect2","Dealing Damage has {0} chance of triggering fire explosion around the target.",""
"EID_RangeWeapon_Blunderbuss_Dragonbreath_Base_ItemName","Драконье пламя","Dragonbreath"
"EID_RangeWeapon_Blunderbuss_Dragonbreath_Base_ItemDescription","Небольшой однозарядный мушкетон, который при выстреле выдает такой плотный сноп пламени, что сметает все на своем пути.","It's Blunderbuss and not a musket"
"EID_RangeWeapon_Blunderbuss_Dragonbreath_Base_VanityText","Главное не подпалить себе усы.",""
"EID_RangeWeapon_Blunderbuss_Dragonbreath_Base_Effect1","Bullets have a {0} chance to deal bonus Fire Damage.",""
"EID_RangeWeapon_Blunderbuss_Reliable_Advanced_ItemName","Надежный мушкетон",""
"EID_RangeWeapon_Blunderbuss_Reliable_Advanced_ItemDescription","Практичный мушкетон для стрельбы в тесном кубрике. Его единственная задача – отправить град пуль куда-то в направлении врага.","It's Blunderbuss and not a musket"
"EID_RangeWeapon_Blunderbuss_Reliable_Advanced_VanityText","С ним важнее быстро перезаряжаться, чем точно целиться.",""
"EID_RangeWeapon_Blunderbuss_Reliable_Advanced_Effect1","At close range, shots have a small chance to knock enemies down.",""
"EID_RangeWeapon_Blunderbuss_Reliable_Advanced_Effect2","Shots consume less Gunpowder.",""
"EID_RangeWeapon_Blunderbuss_Reliable_Base_ItemName","Надежный мушкетон",""
"EID_RangeWeapon_Blunderbuss_Reliable_Base_ItemDescription","Практичный мушкетон для стрельбы в тесном кубрике. Его единственная задача – отправить град пуль куда-то в направлении врага.","It's Blunderbuss and not a musket"
"EID_RangeWeapon_Blunderbuss_Reliable_Base_VanityText","С ним важнее быстро перезаряжаться, чем точно целиться.",""
"EID_RangeWeapon_Blunderbuss_Reliable_Base_Effect1","At close range, shots have a small chance to knock enemies down.",""
"EID_RangeWeapon_Musket_Blank_Base_ItemName","Мушкет",""
"EID_RangeWeapon_Musket_Blank_Base_ItemDescription","Обычный мушкет, который ложится в руку как влитой.",""
"EID_RangeWeapon_Musket_Blank_Base_VanityText","В промахе всегда виноват стрелок, а не оружие.",""
"EID_RangeWeapon_Musket_Infantry_Advanced_ItemName","Пехотный мушкет",""
"EID_RangeWeapon_Musket_Infantry_Advanced_ItemDescription","Мушкет французского пехотного каре: создан для быстрой стрельбы в строю, а не для дуэльных перестрелок. Двигайся, целься и отвечай штыком каждому, кто подберется близко.",""
"EID_RangeWeapon_Musket_Infantry_Advanced_VanityText","\""Примкнуть штыки!\"" – последняя фраза, которую хочет услышать любой вражеский пехотинец.",""
"EID_RangeWeapon_Musket_Infantry_Advanced_Effect1","Allows you to perform a special bayonet attack with [F].",""
"EID_RangeWeapon_Musket_Infantry_Advanced_Effect2","This weapon’s Damage scales with Agility.",""
"EID_RangeWeapon_Musket_Infantry_Advanced_Effect3","Movement while aiming does not affect weapon spread.",""
"EID_RangeWeapon_Musket_Infantry_Base_ItemName","Пехотный мушкет",""
"EID_RangeWeapon_Musket_Infantry_Base_ItemDescription","Мушкет французского пехотного каре: создан для быстрой стрельбы в строю, а не для дуэльных перестрелок. Двигайся, целься и отвечай штыком каждому, кто подберется близко.",""
"EID_RangeWeapon_Musket_Infantry_Base_VanityText","\""Примкнуть штыки!\"" – последняя фраза, которую хочет услышать любой вражеский пехотинец.",""
"EID_RangeWeapon_Musket_Infantry_Base_Effect1","Allows you to perform a special bayonet attack with [F].",""
"EID_RangeWeapon_Musket_Infantry_Base_Effect2","This weapon’s Damage scales with Agility.",""
"EID_RangeWeapon_Musket_Reliable_Advanced_ItemName","Надежный мушкет",""
"EID_RangeWeapon_Musket_Reliable_Advanced_ItemDescription","Не блещет меткостью, зато не дает осечек даже в самую отвратительную погоду.",""
"EID_RangeWeapon_Musket_Reliable_Advanced_VanityText","Мудрость пиратов гласит: ты не промахнешься, если стреляешь в упор.",""
"EID_RangeWeapon_Musket_Reliable_Advanced_Effect1","Reloads faster compared to other muskets",""
"EID_RangeWeapon_Musket_Reliable_Advanced_Effect2","Increases Critical Damage by {1}.",""
"EID_RangeWeapon_Musket_Reliable_Base_ItemName","Надежный мушкет",""
"EID_RangeWeapon_Musket_Reliable_Base_ItemDescription","Не блещет меткостью, зато не дает осечек даже в самую отвратительную погоду.",""
"EID_RangeWeapon_Musket_Reliable_Base_VanityText","Мудрость пиратов гласит: ты не промахнешься, если стреляешь в упор.",""
"EID_RangeWeapon_Musket_Reliable_Base_Effect1","Reloads faster compared to other muskets.",""
"EID_RangeWeapon_Musket_Sniper_Advanced_ItemName","Друг буканьера",""
"EID_RangeWeapon_Musket_Sniper_Advanced_ItemDescription","Создан для лучших охотников Карибского моря: задержи дыхание, не отступай, и никакая броня не защитит твою цель.",""
"EID_RangeWeapon_Musket_Sniper_Advanced_VanityText","Стрельба из такого оружия плохо отлитыми пулями – просто кощунство.",""
"EID_RangeWeapon_Musket_Sniper_Advanced_Effect1","While standing still, weapon spread is almost eliminated.",""
"EID_RangeWeapon_Musket_Sniper_Advanced_Effect2","Deals {0} bonus Damage to animals.",""
"EID_RangeWeapon_Musket_Sniper_Base_ItemName","Друг буканьера",""
"EID_RangeWeapon_Musket_Sniper_Base_ItemDescription","Создан для лучших охотников Карибского моря: задержи дыхание, не отступай, и никакая броня не защитит твою цель.",""
"EID_RangeWeapon_Musket_Sniper_Base_VanityText","Стрельба из такого оружия плохо отлитыми пулями – просто кощунство.",""
"EID_RangeWeapon_Musket_Sniper_Base_Effect1","While standing still, weapon spread is almost eliminated.",""
"EID_RangeWeapon_Pistol_Blank_Base_ItemName","Пистоль",""
"EID_RangeWeapon_Pistol_Blank_Base_ItemDescription","Что лучше одного выстрела? Два выстрела! Стреляет ласково и почти не имеет отдачи. Главное, не забывать вовремя перезаряжать.",""
"EID_RangeWeapon_Pistol_Blank_Base_VanityText","По легендам самых интересных заведений Тортуги, один пират орудовал сразу двумя пистолетами. Правда, и любил он их больше, чем всех женщин острова...",""
"EID_RangeWeapon_Pistol_Corrupted_Advanced_ItemName","Чумной пистоль",""
"EID_RangeWeapon_Pistol_Corrupted_Advanced_ItemDescription","Кажется, что пули, выпущенные из этого пистолета, обладают особой жаждой чужой крови.",""
"EID_RangeWeapon_Pistol_Corrupted_Advanced_VanityText","...А возможно, не только чужой.",""
"EID_RangeWeapon_Pistol_Corrupted_Advanced_Effect1","Restores {0} of dealt Damage as Health.",""
"EID_RangeWeapon_Pistol_DrakesDoom_Advanced_ItemName","Двуствольный пистолет Дрейка",""
"EID_RangeWeapon_Pistol_DrakesDoom_Advanced_ItemDescription","Изящный пистолет с гравировкой на стволах. На верхнем стволе красуется надпись \""Голова\"", на нижнем – \""Глаза\"".",""
"EID_RangeWeapon_Pistol_DrakesDoom_Advanced_VanityText","Говорят, что последняя мысль жертв этого оружия: \""Да как так-то?!\""",""
"EID_RangeWeapon_Pistol_DrakesDoom_Advanced_Effect1","Can fire two quick shots in succession.",""
"EID_RangeWeapon_Pistol_DrakesDoom_Advanced_Effect2","Shots apply Vulnerability effect to the target. All Damage dealt to affected targets is increased by {0}.",""
"EID_Wpn_Shared_Weakness_StstusEffect_Name","Vulnerability",""
"EID_Wpn_Shared_Weakness_StstusEffect_Name_Description","Damage done to you increased by {0}",""
"EID_RangeWeapon_Pistol_DrakesDoom_Base_ItemName","Двуствольный пистолет Дрейка",""
"EID_RangeWeapon_Pistol_DrakesDoom_Base_ItemDescription","Изящный пистолет с гравировкой на стволах. На верхнем стволе красуется надпись \""Голова\"", на нижнем – \""Глаза\"".",""
"EID_RangeWeapon_Pistol_DrakesDoom_Base_VanityText","Говорят, что последняя мысль жертв этого оружия: \""Да как так-то?!\""",""
"EID_RangeWeapon_Pistol_DrakesDoom_Base_Effect1","Can fire two quick shots in succession.",""
"EID_RangeWeapon_Pistol_Reliable_Advanced_ItemName","Надежный пистоль",""
"EID_RangeWeapon_Pistol_Reliable_Advanced_ItemDescription","Простой, добротный пистоль, который всегда застает врагов врасплох.",""
"EID_RangeWeapon_Pistol_Reliable_Advanced_Effect1","Can fire {0} shots without reloading.",""
"EID_RangeWeapon_Pistol_Reliable_Advanced_Effect2","Deals {1} bonus Damage to pirates, outlaws, and other cutthroats.",""
"EID_RangeWeapon_Pistol_Reliable_Advanced_VanityText","Пистоль – это серьезный аргумент в споре. А если у тебя их три, то спор ты уже выиграл.\r\n— Долговязый Бен",""
"EID_RangeWeapon_Pistol_Reliable_Base_ItemName","Надежный пистоль",""
"EID_RangeWeapon_Pistol_Reliable_Base_ItemDescription","Простой, добротный пистоль, который всегда застает врагов врасплох.",""
"EID_RangeWeapon_Pistol_Reliable_Base_Effect1","Can fire {0} shots without reloading.",""
"EID_RangeWeapon_Pistol_Reliable_Base_VanityText","Пистоль – это серьезный аргумент в споре. А если у тебя их три, то спор ты уже выиграл.\r\n— Долговязый Бен",""
"EID_RangeWeapon_Pistol_Rusty_Base_ItemName","Потрепанный пистолет",""
"EID_RangeWeapon_Pistol_Rusty_Base_ItemDescription","Стрелять из него можно, но разве что от безысходности.",""
"EID_RangeWeapon_Pistol_Rusty_Base_VanityText","У пиратов есть примета – если пистолет не взорвался прямо в руках, то это к удаче.",""
"EID_Armor_Adventurer_Base_Feet_ItemName","Сапоги выжившего",""
"EID_Armor_Adventurer_Base_Feet_ItemDescription","Сделанный на скроую руку наряд, в котором удобно рубить заросли в джунглях и избегать кабаньих клыков.",""
"EID_Armor_Adventurer_Base_SetName","Костюм выжившего",""
"EID_Armor_Adventurer_Base_SetEffect1","Attacks consume {0} less Stamina.",""
"EID_Armor_Adventurer_Base_SetEffect2","Increases one-handed weapon Damage by {1}.",""
"EID_Armor_Adventurer_Base_VanityText","Отправляясь туда, где небо встречается с морем, мы каждый раз даем начало новой легенде.\r\n— Эксквемелин, путешественник",""
"EID_Armor_Adventurer_Base_Hands_ItemName","Перчатки выжившего",""
"EID_Armor_Adventurer_Base_Hands_ItemDescription","Сделанный на скроую руку наряд, в котором удобно рубить заросли в джунглях и избегать кабаньих клыков.",""
"EID_Armor_Adventurer_Base_Head_ItemName","Бандана выжившего",""
"EID_Armor_Adventurer_Base_Head_ItemDescription","Сделанный на скроую руку наряд, в котором удобно рубить заросли в джунглях и избегать кабаньих клыков.",""
"EID_Armor_Adventurer_Base_Legs_ItemName","Штаны выжившего",""
"EID_Armor_Adventurer_Base_Legs_ItemDescription","Сделанный на скроую руку наряд, в котором удобно рубить заросли в джунглях и избегать кабаньих клыков.",""
"EID_Armor_Adventurer_Base_Torso_ItemName","Рубаха выжившего",""
"EID_Armor_Adventurer_Base_Torso_ItemDescription","Сделанный на скроую руку наряд, в котором удобно рубить заросли в джунглях и избегать кабаньих клыков.",""
"EID_Armor_Adventurer_SetBonusName_01","Adventurer: Stamina Reduction",""
"EID_Armor_Adventurer_SetBonusDescription_01","Снижает на 20% затраты стамины на атаки",""
"EID_Armor_Adventurer_SetBonusName_02","Adventurer: Melee Damage",""
"EID_Armor_Adventurer_SetBonusDescription_02","Увеличивает урон одноручного оружия на 15%",""
"EID_Armor_Flibustier_Base_Feet_ItemName","Сапоги скитальца",""
"EID_Armor_Flibustier_Base_Feet_ItemDescription","Этот костюм сшитый из грубой ткани не про защиту — он про темп. В нём легко двигаться и орудовать клинком.",""
"EID_Armor_Flibustier_Base_SetName","Костюм Скитальца",""
"EID_Armor_Flibustier_Base_SetEffect1","Attacks consume {0} less Stamina.",""
"EID_Armor_Flibustier_Base_SetEffect2","Increases one-handed weapon Damage by {1}.",""
"EID_Armor_Flibustier_Base_VanityText","Броня — для трусов. Лучшая защита — клинок, протыкающий сердце врага.",""
"EID_Armor_Flibustier_Base_Hands_ItemName","Перчатки скитальца",""
"EID_Armor_Flibustier_Base_Hands_ItemDescription","Этот костюм сшитый из грубой ткани не про защиту — он про темп. В нём легко двигаться и орудовать клинком.",""
"EID_Armor_Flibustier_Base_Head_ItemName","Шляпа скитальца",""
"EID_Armor_Flibustier_Base_Head_ItemDescription","Этот костюм сшитый из грубой ткани не про защиту — он про темп. В нём легко двигаться и орудовать клинком.",""
"EID_Armor_Flibustier_Base_Legs_ItemName","Штаны скитальца",""
"EID_Armor_Flibustier_Base_Legs_ItemDescription","Этот костюм сшитый из грубой ткани не про защиту — он про темп. В нём легко двигаться и орудовать клинком.",""
"EID_Armor_Flibustier_Base_Torso_ItemName","Куртка скитальца",""
"EID_Armor_Flibustier_Base_Torso_ItemDescription","Этот костюм сшитый из грубой ткани не про защиту — он про темп. В нём легко двигаться и орудовать клинком.",""
"EID_Armor_Flibustier_SetBonusName_01","Flibustier:",""
"EID_Armor_Flibustier_SetBonusDescription_01","Attacks consume {0} less Stamina.",""
"EID_Armor_Flibustier_SetBonusName_02","Flibustier:",""
"EID_Armor_Flibustier_SetBonusDescription_02","Increases one-handed melee weapon Damage by {1}.",""
"EID_Armor_Bandit_Base_Feet_ItemName","Сапоги охотника",""
"EID_Armor_Bandit_Base_Feet_ItemDescription","Хорошо выделанная толстая кожа выдержит даже укус крокодила. В такой одежде чувствуешь себя увереннее, передвигаясь по болотам.",""
"EID_Armor_Bandit_Base_SetName","Костюм Охотника","Tracker's Leathers"
"EID_Armor_Bandit_Base_SetEffect1","Increases effectiveness of all healing by {0}",""
"EID_Armor_Bandit_Base_SetEffect2","Increases Damage Resistance by {1}.",""
"EID_Armor_Bandit_Base_VanityText","Крокодилы, конечно, страшные. Но люди страшнее.",""
"EID_Armor_Bandit_Base_Hands_ItemName","Перчатки охотника",""
"EID_Armor_Bandit_Base_Hands_ItemDescription","Хорошо выделанная толстая кожа выдержит даже укус крокодила. В такой одежде чувствуешь себя увереннее, передвигаясь по болотам.",""
"EID_Armor_Bandit_Base_Head_ItemName","Шляпа охотника",""
"EID_Armor_Bandit_Base_Head_ItemDescription","Хорошо выделанная толстая кожа выдержит даже укус крокодила. В такой одежде чувствуешь себя увереннее, передвигаясь по болотам.",""
"EID_Armor_Bandit_Base_Legs_ItemName","Штаны охотника на крокодилов",""
"EID_Armor_Bandit_Base_Legs_ItemDescription","Хорошо выделанная толстая кожа выдержит даже укус крокодила. В такой одежде чувствуешь себя увереннее, передвигаясь по болотам.",""
"EID_Armor_Bandit_Base_Torso_ItemName","Куртка охотника",""
"EID_Armor_Bandit_Base_Torso_ItemDescription","Хорошо выделанная толстая кожа выдержит даже укус крокодила. В такой одежде чувствуешь себя увереннее, передвигаясь по болотам.",""
"EID_Armor_Bandit_SetBonusName_01","Hunter:",""
"EID_Armor_Bandit_SetBonusDescription_01","Increases effectiveness of all healing by {1}",""
"EID_Armor_Bandit_SetBonusName_02","Hunter:",""
"EID_Armor_Bandit_SetBonusDescription_02","Increases Damage Resistance by {0}.",""
"EID_Armor_Conquistador_Base_Feet_ItemName","Ботинки конкистадора",""
"EID_Armor_Conquistador_Base_Feet_ItemDescription","Этот надежный металлический доспех когда-то позволил испанцам завоевать Новый Свет благодаря своей прочности.",""
"EID_Armor_Conquistador_Base_SetName","Латы Конкистадора",""
"EID_Armor_Conquistador_Base_SetEffect1","Increases Damage Resistance by {0}.",""
"EID_Armor_Conquistador_Base_SetEffect2","Grants Bulwark effect - the first few hits you take do not interrupt your actions.",""
"EID_Armor_Conquistador_Base_SetEffect_Status_Name","Bulwark",""
"EID_Armor_Conquistador_Base_SetEffect_Status_Name_Description","The first few hits you take do not interrupt your actions",""
"EID_Armor_Conquistador_Base_VanityText","Они ступали по чужим землям с мечом в руках и жаждой золота в сердце.",""
"EID_Armor_Conquistador_Base_Hands_ItemName","Перчатки конкистадора",""
"EID_Armor_Conquistador_Base_Hands_ItemDescription","Этот надежный металлический доспех когда-то позволил испанцам завоевать Новый Свет благодаря своей прочности.",""
"EID_Armor_Conquistador_Base_Head_ItemName","Шлем конкистадора",""
"EID_Armor_Conquistador_Base_Head_ItemDescription","Этот надежный металлический доспех когда-то позволил испанцам завоевать Новый Свет благодаря своей прочности.",""
"EID_Armor_Conquistador_Base_Legs_ItemName","Штаны конкистадора",""
"EID_Armor_Conquistador_Base_Legs_ItemDescription","Этот надежный металлический доспех когда-то позволил испанцам завоевать Новый Свет благодаря своей прочности.",""
"EID_Armor_Conquistador_Base_Torso_ItemName","Кираса конкистадора",""
"EID_Armor_Conquistador_Base_Torso_ItemDescription","Этот надежный металлический доспех когда-то позволил испанцам завоевать Новый Свет благодаря своей прочности.",""
"EID_Armor_Conquistador_SetBonusName_01","Conquistador:",""
"EID_Armor_Conquistador_SetBonusDescription_01","Increases Damage resistance by {0}",""
"EID_Armor_Conquistador_SetBonusName_02","Conquistador:",""
"EID_Armor_Conquistador_SetBonusDescription_02","Grants Bulwark effect",""
"EID_Armor_Mercenary_Base_Feet_ItemName","Сапоги стрелка","В английской локализации \""стрелок\"" переводится как Marksman"
"EID_Armor_Mercenary_Base_Feet_ItemDescription","Стрелки Тортуги предпочитают костюмы из легкой ткани. В них проще передвигаться по пересеченной местности и стрелять по подвижным мишеням.",""
"EID_Armor_Mercenary_Base_SetName","Экипировка Стрелка","В английской локализации \""стрелок\"" переводится как Marksman"
"EID_Armor_Mercenary_Base_SetEffect1","Sprinting, Jump, and Dash consume {0} less Stamina.",""
"EID_Armor_Mercenary_Base_SetEffect2","Increases Ranged Damage by {1}.",""
"EID_Armor_Mercenary_Base_VanityText","Сначала стреляй, потом – задавай вопросы.",""
"EID_Armor_Mercenary_Base_Hands_ItemName","Перчатки стрелка","В английской локализации \""стрелок\"" переводится как Marksman"
"EID_Armor_Mercenary_Base_Hands_ItemDescription","Стрелки Тортуги предпочитают костюмы из легкой ткани. В них проще передвигаться по пересеченной местности и стрелять по подвижным мишеням.",""
"EID_Armor_Mercenary_Base_Head_ItemName","Шляпа стрелка","В английской локализации \""стрелок\"" переводится как Marksman"
"EID_Armor_Mercenary_Base_Head_ItemDescription","Стрелки Тортуги предпочитают костюмы из легкой ткани. В них проще передвигаться по пересеченной местности и стрелять по подвижным мишеням.",""
"EID_Armor_Mercenary_Base_Legs_ItemName","Штаны стрелка","В английской локализации \""стрелок\"" переводится как Marksman"
"EID_Armor_Mercenary_Base_Legs_ItemDescription","Стрелки Тортуги предпочитают костюмы из легкой ткани. В них проще передвигаться по пересеченной местности и стрелять по подвижным мишеням.",""
"EID_Armor_Mercenary_Base_Torso_ItemName","Камзол стрелка","В английской локализации \""стрелок\"" переводится как Marksman"
"EID_Armor_Mercenary_Base_Torso_ItemDescription","Стрелки Тортуги предпочитают костюмы из легкой ткани. В них проще передвигаться по пересеченной местности и стрелять по подвижным мишеням.",""
"EID_Armor_Mercenary_SetBonusName_01","Marksman:",""
"EID_Armor_Mercenary_SetBonusDescription_01","Sprinting, Jump, and Dash consume {0} less Stamina.",""
"EID_Armor_Mercenary_SetBonusName_02","Marksman:",""
"EID_Armor_Mercenary_SetBonusDescription_02","Increases Ranged Damage by {1}.",""
"EID_Armor_Pikeman_Base_Feet_ItemName","Ботинки пикинера",""
"EID_Armor_Pikeman_Base_Feet_ItemDescription","Доспех пехотинца испанской терции. Пользуется популярностью у буканьеров архипелага из-за идеального баланса между защитой и подвижностью, необходимых для охоты на местных тварей.",""
"EID_Armor_Pikeman_Base_SetName","Доспех Пикинера",""
"EID_Armor_Pikeman_Base_SetEffect1","Increases maximum Health by {0}.",""
"EID_Armor_Pikeman_Base_SetEffect2","Increases two-handed weapon Damage by {1}",""
"EID_Armor_Pikeman_Base_VanityText","Любого противника надо воспринимать серьезно. Даже если это додо.",""
"EID_Armor_Pikeman_Base_Hands_ItemName","Перчатки пикинера",""
"EID_Armor_Pikeman_Base_Hands_ItemDescription","Доспех пехотинца испанской терции. Пользуется популярностью у буканьеров архипелага из-за идеального баланса между защитой и подвижностью, необходимых для охоты на местных тварей.",""
"EID_Armor_Pikeman_Base_Head_ItemName","Шлем пикинера",""
"EID_Armor_Pikeman_Base_Head_ItemDescription","Доспех пехотинца испанской терции. Пользуется популярностью у буканьеров архипелага из-за идеального баланса между защитой и подвижностью, необходимых для охоты на местных тварей.",""
"EID_Armor_Pikeman_Base_Legs_ItemName","Штаны пикинера",""
"EID_Armor_Pikeman_Base_Legs_ItemDescription","Доспех пехотинца испанской терции. Пользуется популярностью у буканьеров архипелага из-за идеального баланса между защитой и подвижностью, необходимых для охоты на местных тварей.",""
"EID_Armor_Pikeman_Base_Torso_ItemName","Кираса пикинера",""
"EID_Armor_Pikeman_Base_Torso_ItemDescription","Доспех пехотинца испанской терции. Пользуется популярностью у буканьеров архипелага из-за идеального баланса между защитой и подвижностью, необходимых для охоты на местных тварей.",""
"EID_Armor_Pikeman_SetBonusName_01","Pikeman:",""
"EID_Armor_Pikeman_SetBonusDescription_01","Increases maximum Health by {1}.",""
"EID_Armor_Pikeman_SetBonusName_02","Pikeman:",""
"EID_Armor_Pikeman_SetBonusDescription_02","Increases two-handed weapon Damage by {0}.",""
"EID_Armor_Starter_Base_Feet_ItemName","Рваные сапоги",""
"EID_Armor_Starter_Base_Feet_ItemDescription","Когда-то это рванье было прекрасной одеждой",""
"EID_Armor_Starter_Base_Hands_ItemName","Рваные перчатки",""
"EID_Armor_Starter_Base_Hands_ItemDescription","Когда-то это рванье было прекрасной одеждой",""
"EID_Armor_Starter_Base_Head_ItemName","Повязка",""
"EID_Armor_Starter_Base_Head_ItemDescription","Когда-то это рванье было прекрасной одеждой",""
"EID_Armor_Starter_Base_Legs_ItemName","Рваные штаны",""
"EID_Armor_Starter_Base_Legs_ItemDescription","Когда-то это рванье было прекарсной одеждой",""
"EID_Armor_Starter_Base_Torso_ItemName","Рваный камзол",""
"EID_Armor_Starter_Base_Torso_ItemDescription","Когда-то это рванье было прекрасной одеждой",""
"EID_Armor_Vanilla_Base_Feet_ItemName","Сапоги капера","privateer"
"EID_Armor_Vanilla_Base_Feet_ItemDescription","Изящный наряд капитанов. В нем так же легко наносить смертельные удары во время абордажа, как и щеголять на приеме у губернатора.",""
"EID_Armor_Vanilla_Base_SetName","Костюм капера","privateer"
"EID_Armor_Vanilla_Base_SetEffect1","Increases Critical Hit Chance by {0}.",""
"EID_Armor_Vanilla_Base_SetEffect2","Increases Critical Damage by {1} for each nearby enemy, up to {2}.",""
"EID_Armor_Vanilla_Base_VanityText","Мы не пираты. Мы – каперы. У нас есть бумаги, печати и хорошие юристы.\r\n— капитан Бенджамин Хорниголд",""
"EID_Armor_Vanilla_Base_Hands_ItemName","Перчатки капера","privateer"
"EID_Armor_Vanilla_Base_Hands_ItemDescription","Изящный наряд капитанов. В нем так же легко наносить смертельные удары во время абордажа, как и щеголять на приеме у губернатора.",""
"EID_Armor_Vanilla_Base_Head_ItemName","Шляпа капера","privateer"
"EID_Armor_Vanilla_Base_Head_ItemDescription","Изящный наряд капитанов. В нем так же легко наносить смертельные удары во время абордажа, как и щеголять на приеме у губернатора.",""
"EID_Armor_Vanilla_Base_Legs_ItemName","Штаны капера","privateer"
"EID_Armor_Vanilla_Base_Legs_ItemDescription","Изящный наряд капитанов. В нем так же легко наносить смертельные удары во время абордажа, как и щеголять на приеме у губернатора.",""
"EID_Armor_Vanilla_Base_Torso_ItemName","Камзол капера","privateer"
"EID_Armor_Vanilla_Base_Torso_ItemDescription","Изящный наряд капитанов. В нем так же легко наносить смертельные удары во время абордажа, как и щеголять на приеме у губернатора.",""
"EID_Armor_Vanilla_SetBonusName_01","Privateer:",""
"EID_Armor_Vanilla_SetBonusDescription_01","Increases Critical Hit Chance by {0}.",""
"EID_Armor_Vanilla_SetBonusName_02","Privateer:",""
"EID_Armor_Vanilla_SetBonusDescription_02","Increases Critical Damage by {1} for each nearby enemy, up to {2}.",""
"EID_Necklace_Agility_Major_ItemName","Большой амулет ловкости","Major Necklace of Agility"
"EID_Necklace_Agility_Major_ItemDescription","Владелец такого амулета становится ловким, словно ягуар в джунглях.",""
"EID_Necklace_Agility_Minor_ItemName","Tiny Necklace of Agility","Крошечный амулет ловкости"
"EID_Necklace_Agility_Minor_ItemDescription","Владелец такого амулета становится ловким, словно ягуар в джунглях.",""
"EID_Necklace_Agility_Minor_02_ItemName","Minor Necklace of Agility","Малый амулет ловкости"
"EID_Necklace_Agility_Minor_02_ItemDescription","The owner of an amulet like this becomes agile, like a jaguar in the jungle.","Владелец такого амулета становится ловким, словно ягуар в джунглях."
"EID_Necklace_Agility_Regular_ItemName","Обычный амулет ловкости","Regular Necklace of Agility"
"EID_Necklace_Agility_Regular_ItemDescription","Владелец такого амулета становится ловким, словно ягуар в джунглях.",""
"EID_Necklace_Endurance_Major_ItemName","Большой амулет выносливости","Major Necklace of Endurance"
"EID_Necklace_Endurance_Major_ItemDescription","Как-то раз один смелый воин, которому принадлежал похожий амулет, бросил вызов чудовищу. Он сражался с ним три дня и три ночи, и в конце концов победил. Правда некоторые говорят, что от усталости он упал замертво прямо на труп врага.",""
"EID_Necklace_Endurance_Minor_ItemName","Tiny Necklace of Endurance","Крошечный амулет выносливости"
"EID_Necklace_Endurance_Minor_ItemDescription","Как-то раз один смелый воин, которому принадлежал похожий амулет, бросил вызов чудовищу. Он сражался с ним три дня и три ночи, и в конце концов победил. Правда некоторые говорят, что от усталости он упал замертво прямо на труп врага.",""
"EID_Necklace_Endurance_Minor_02_ItemName","Minor Necklace of Endurance","Малый амулет выносливости"
"EID_Necklace_Endurance_Minor_02_ItemDescription","Once, a brave warrior who had a similar amulet challenged a monster. He fought it for three days and three nights and finally won. Some say he collapsed from exhaustion, dead atop the beast's corpse.","Как-то раз один смелый воин, которому принадлежал похожий амулет, бросил вызов чудовищу. Он сражался с ним три дня и три ночи, и в конце концов победил. Правда некоторые говорят, что от усталости он упал замертво прямо на труп врага."
"EID_Necklace_Endurance_Regular_ItemName","Обычный амулет выносливости","Regular Necklace of Endurance"
"EID_Necklace_Endurance_Regular_ItemDescription","Как-то раз один смелый воин, которому принадлежал похожий амулет, бросил вызов чудовищу. Он сражался с ним три дня и три ночи, и в конце концов победил. Правда некоторые говорят, что от усталости он упал замертво прямо на труп врага.",""
"EID_Necklace_Mastery_Major_ItemName","Большой амулет мастерства","Major Necklace of Mastery"
"EID_Necklace_Mastery_Major_ItemDescription","Опытные охотники верили, что этот амулет помогает им наносить смертельный удар своей добыче с первого раза.",""
"EID_Necklace_Mastery_Minor_ItemName","Tiny Necklace of Mastery","Крошечный амулет мастерства"
"EID_Necklace_Mastery_Minor_ItemDescription","Опытные охотники верили, что этот амулет помогает им наносить смертельный удар своей добыче с первого раза.",""
"EID_Necklace_Mastery_Minor_02_ItemName","Minor Necklace of Mastery","Малый амулет мастерства"
"EID_Necklace_Mastery_Minor_02_ItemDescription","Seasoned hunters believed this amulet helped them land a killing blow on their quarry with the first strike.","Опытные охотники верили, что этот амулет помогает им наносить смертельный удар своей добыче с первого раза."
"EID_Necklace_Mastery_Regular_ItemName","Обычный амулет мастерства","Regular Necklace of Mastery"
"EID_Necklace_Mastery_Regular_ItemDescription","Опытные охотники верили, что этот амулет помогает им наносить смертельный удар своей добыче с первого раза.",""
"EID_Necklace_Precision_Major_ItemName","Большой амулет точности",""
"EID_Necklace_Precision_Major_ItemDescription","Позолоченная подвеска блестит на солнце словно глаз сокола, который заметил добычу с высоты своего полета.",""
"EID_Necklace_Precision_Minor_ItemName","Tiny Amulet of Precision","Крошечный амулет точности"
"EID_Necklace_Precision_Minor_ItemDescription","Позолоченная подвеска блестит на солнце словно глаз сокола, который заметил добычу с высоты своего полета.",""
"EID_Necklace_Precision_Minor_02_ItemName","Minor Amulet of Precision","Малый амулет точности"
"EID_Necklace_Precision_Minor_02_ItemDescription","The gold-coated pendant glitters in the sun like the eye of a falcon that has spotted its prey from high above.","Позолоченная подвеска блестит на солнце словно глаз сокола, который заметил добычу с высоты своего полета."
"EID_Necklace_Precision_Regular_ItemName","Обычный амулет точности","Increases <T_BOLD>Critical Hit Chance</> by <T_BOLD>{0}</>"
"EID_Necklace_Precision_Regular_ItemDescription","Позолоченная подвеска блестит на солнце словно глаз сокола, который заметил добычу с высоты своего полета.",""
"EID_Necklace_Strength_Major_ItemName","Большой амулет силы",""
"EID_Necklace_Strength_Major_ItemDescription","Если верить легендам, то подобный амулет носил воин, сразивший десятки своих врагов, прежде чем сам пал в битве. Жрецы древнего народа похоронили его с почестями в древней крипте.","Increases <T_BOLD>Critical Hit Chance</> by <T_BOLD>{0}</>"
"EID_Necklace_Strength_Minor_ItemName","Tiny Amulet of Strength","Крошечный амулет силы"
"EID_Necklace_Strength_Minor_ItemDescription","Если верить легендам, то подобный амулет носил воин, сразивший десятки своих врагов, прежде чем сам пал в битве. Жрецы древнего народа похоронили его с почестями в древней крипте.",""
"EID_Necklace_Strength_Minor_02_ItemName","Minor Amulet of Strength","Малый амулет силы"
"EID_Necklace_Strength_Minor_02_ItemDescription","If the legends are to be believed, a warrior who slew dozens of foes before falling in battle wore a similar amulet. The priests of an ancient people buried him with honors in an ancient crypt.","Если верить легендам, то подобный амулет носил воин, сразивший десятки своих врагов, прежде чем сам пал в битве. Жрецы древнего народа похоронили его с почестями в древней крипте."
"EID_Necklace_Strength_Regular_ItemName","Обычный амулет силы","Increases <T_BOLD>Critical Hit Chance</> by <T_BOLD>{0}</>"
"EID_Necklace_Strength_Regular_ItemDescription","Если верить легендам, то подобный амулет носил воин, сразивший десятки своих врагов, прежде чем сам пал в битве. Жрецы древнего народа похоронили его с почестями в древней крипте.","Major Slayer's Ring"
"EID_Necklace_Vitality_Major_ItemName","Большое ожерелье жизненных сил",""
"EID_Necklace_Vitality_Major_ItemDescription","Жрецы древних народов носили такие ожерелья в знак поклонения богу плодородия.","Increases <T_BOLD>Critical Damage</> by <T_BOLD>{0}</>"
"EID_Necklace_Vitality_Minor_ItemName","Tiny Necklace of Vitality","Крошечное ожерелье жизненных сил"
"EID_Necklace_Vitality_Minor_ItemDescription","Жрецы древних народов носили такие ожерелья в знак поклонения богу плодородия.",""
"EID_Necklace_Vitality_Minor_02_ItemName","Minor Necklace of Vitality","Малое ожерелье жизненных сил"
"EID_Necklace_Vitality_Minor_02_ItemDescription","Priests of ancient peoples once wore necklaces like these as a mark of devotion to a fertility god.","Жрецы древних народов носили такие ожерелья в знак поклонения богу плодородия."
"EID_Necklace_Vitality_Regular_ItemName","Обычное ожерелье жизненных сил","Increases <T_BOLD>Critical Damage</> by <T_BOLD>{0}</>"
"EID_Necklace_Vitality_Regular_ItemDescription","Жрецы древних народов носили такие ожерелья в знак поклонения богу плодородия.","Regular Slayer's Ring"
"EID_Ring_CritChance_Major_ItemName","Большое кольцо ягуара",""
"EID_Ring_CritChance_Major_ItemDescription","Такие кольца получали воины древних народов, доказавшие свои навыки в суровых испытаниях.","Increases <T_BOLD>Critical Damage</> by <T_BOLD>{0}</>"
"EID_Ring_CritChance_Major_Effect1","Увеличивает шанс нанести критический урон на {0}","Increases Critical Hit Chance by {0}"
"EID_Ring_CritChance_Minor_ItemName","Малое кольцо ягуара",""
"EID_Ring_CritChance_Minor_ItemDescription","Такие кольца получали воины древних народов, доказавшие свои навыки в суровых испытаниях.","Reduces <T_BOLD>Plague</> accumulation rate in <T_BOLD>Plague Zones</> by <T_BOLD>{0}</>"
"EID_Ring_CritChance_Minor_Effect1","Увеличивает шанс нанести критический урон на {0}","Increases Critical Hit Chance by {0}"
"EID_Ring_CritChance_Regular_ItemName","Обычное кольцо ягуара",""
"EID_Ring_CritChance_Regular_ItemDescription","Такие кольца получали воины древних народов, доказавшие свои навыки в суровых испытаниях.","Reduces <T_BOLD>Plague</> accumulation rate in <T_BOLD>Plague Zones</> by <T_BOLD>{0}</>"
"EID_Ring_CritChance_Regular_Effect1","Увеличивает шанс нанести критический урон на {0}","Increases Critical Hit Chance by {0}"
"EID_Ring_CritDamage_Major_ItemName","Большое кольцо душегуба","Major Slayer's Ring"
"EID_Ring_CritDamage_Major_ItemDescription","Говорят, Френсис Дрейк отлил такое кольцо после первого рейда на Номбре де Диос, где захватил испанское золото. Испанцы, конечно, за это оскорбление назначили за его голову огромную награду.","Increases <T_BOLD>Crude Damage</> by <T_BOLD>{0}</>"
"EID_Ring_CritDamage_Major_Effect1","Увеличивает критический урон на {0}","Increases Critical Damage by {0}"
"EID_Ring_CritDamage_Minor_ItemName","Малое кольцо душегуба","Minor Slayer's Ring"
"EID_Ring_CritDamage_Minor_ItemDescription","Говорят, Френсис Дрейк отлил такое кольцо после первого рейда на Номбре де Диос, где захватил испанское золото. Испанцы, конечно, за это оскорбление назначили за его голову огромную награду.","Increases <T_BOLD>Crude Damage</> by <T_BOLD>{0}</>"
"EID_Ring_CritDamage_Minor_Effect1","Увеличивает критический урон на {0}","Increases Critical Damage by {0}"
"EID_Ring_CritDamage_Regular_ItemName","Обычное кольцо душегуба","Regular Slayer's Ring"
"EID_Ring_CritDamage_Regular_ItemDescription","Говорят, Френсис Дрейк отлил такое кольцо после первого рейда на Номбре де Диос, где захватил испанское золото. Испанцы, конечно, за это оскорбление назначили за его голову огромную награду.","Increases <T_BOLD>Crude Damage</> by <T_BOLD>{0}</>"
"EID_Ring_CritDamage_Regular_Effect1","Увеличивает критический урон на {0}","Increases Critical Damage by {0}"
"EID_Ring_CrptTickResist_Major_ItemName","Большое кольцо солнца",""
"EID_Ring_CrptTickResist_Major_ItemDescription","От кольца исходит тепло. Вероятно, в древности такие кольца носили жрецы, которые поклонялись солнцу как божеству.","Increases <T_BOLD>Damage Resistance</> by <T_BOLD>{0}</>"
"EID_Ring_CrptTickResist_Major_Effect1","Снижает скорость накопления Древесной чумы в чумных зонах на {0}","Reduces Plague accumulation rate in Plague Zones by {0}"
"EID_Ring_CrptTickResist_Minor_ItemName","Малое кольцо солнца",""
"EID_Ring_CrptTickResist_Minor_ItemDescription","От кольца исходит тепло. Вероятно, в древности такие кольца носили жрецы, которые поклонялись солнцу как божеству.","Increases <T_BOLD>Damage Resistance</> by <T_BOLD>{0}</>"
"EID_Ring_CrptTickResist_Minor_Effect1","Снижает скорость накопления Древесной чумы в чумных зонах на {0}","Reduces Plague accumulation rate in Plague Zones by {0}"
"EID_Ring_CrudeDmg_Major_ItemName","Большое кольцо козерога",""
"EID_Ring_CrudeDmg_Major_ItemDescription","От этого кольца веет мощью и силой. Оно такое тяжелое и массивное, что может заменить собой кастет.","Increases <T_BOLD>Damage Resistance</> by <T_BOLD>{0}</>"
"EID_Ring_CrudeDmg_Major_Effect1","Увеличивает грубый урон на {0}","Increases Crude Damage by {0}"
"EID_Ring_CrudeDmg_Minor_ItemName","Малое кольцо козерога",""
"EID_Ring_CrudeDmg_Minor_ItemDescription","От этого кольца веет мощью и силой. Оно такое тяжелое и массивное, что может заменить собой кастет.","Increases <T_BOLD>Damage</> of all weapon <T_BOLD>Special Attacks</> by <T_BOLD>{0}</>"
"EID_Ring_CrudeDmg_Minor_Effect1","Увеличивает грубый урон на {0}","Increases Crude Damage by {0}"
"EID_Ring_CrudeDmg_Regular_ItemName","Обычное кольцо козерога",""
"EID_Ring_CrudeDmg_Regular_ItemDescription","От этого кольца веет мощью и силой. Оно такое тяжелое и массивное, что может заменить собой кастет.","Increases <T_BOLD>Damage</> of all weapon <T_BOLD>Special Attacks</> by <T_BOLD>{0}</>"
"EID_Ring_CrudeDmg_Regular_Effect1","Увеличивает грубый урон на {0}","Increases Crude Damage by {0}"
"EID_Ring_DmgResist_Major_ItemName","Большое кольцо божественной защиты",""
"EID_Ring_DmgResist_Major_ItemDescription","Узор в виде закрученной спирали в древности символизировал солнце и считался оберегом от дурного глаза. Кто знает... может, это кольцо и правда защитит своего владельца.","Grants a <T_BOLD>{0}</> chance to receive additional catch while fishing"
"EID_Ring_DmgResist_Major_Effect1","Увеличивает сопротивление урону на {0}","Increases Damage Resistance by {0}"
"EID_Ring_DmgResist_Minor_ItemName","Малое кольцо божественной защиты",""
"EID_Ring_DmgResist_Minor_ItemDescription","Узор в виде закрученной спирали в древности символизировал солнце и считался оберегом от дурного глаза. Кто знает... может, это кольцо и правда защитит своего владельца.","Grants a <T_BOLD>{0}</> chance to receive additional catch while fishing"
"EID_Ring_DmgResist_Minor_Effect1","Увеличивает сопротивление урону на {0}","Increases Damage Resistance by {0}"
"EID_Ring_DmgResist_Regular_ItemName","Обычное кольцо божественной защиты",""
"EID_Ring_DmgResist_Regular_ItemDescription","Узор в виде закрученной спирали в древности символизировал солнце и считался оберегом от дурного глаза. Кто знает... может, это кольцо и правда защитит своего владельца.",""
"EID_Ring_DmgResist_Regular_Effect1","Увеличивает сопротивление урону на {0}","Increases Damage Resistance by {0}"
"EID_Ring_FeintDmg_Major_ItemName","Большое кольцо воителя",""
"EID_Ring_FeintDmg_Major_ItemDescription","Подобными кольцами обладали самые опытные воины древних народов, их получали как знак отличия за победы в сражениях.","Increases melee weapon <T_BOLD>Damage</> by <T_BOLD>{0}</>"
"EID_Ring_FeintDmg_Major_Effect1","Увеличивает урон специальных атак оружия на {0}","Increases Damage of Special Attacks by {0}"
"EID_Ring_FeintDmg_Minor_ItemName","Малое кольцо воителя",""
"EID_Ring_FeintDmg_Minor_ItemDescription","Подобными кольцами обладали самые опытные воины древних народов, их получали как знак отличия за победы в сражениях.","Increases melee weapon <T_BOLD>Damage</> by <T_BOLD>{0}</>"
"EID_Ring_FeintDmg_Minor_Effect1","Увеличивает урон специальных атак оружия на {0}","Increases Damage of Special Attacks by {0}"
"EID_Ring_Fisherman_Major_ItemName","Большое кольцо рыбака",""
"EID_Ring_Fisherman_Major_ItemDescription","В худшем случае само это кольцо можно использовать в качестве наживки. Говорят, на него отлично клюет.","Increases melee weapon <T_BOLD>Damage</> by <T_BOLD>{0}</>"
"EID_Ring_Fisherman_Major_Effect1","Дает {0} шанс на получение дополнительного улова во время рыбалки","Grants a {0} chance to receive additional catch while fishing"
"EID_Ring_Fisherman_Minor_ItemName","Малое кольцо рыбака",""
"EID_Ring_Fisherman_Minor_ItemDescription","В худшем случае само это кольцо можно использовать в качестве наживки. Говорят, на него отлично клюет.","Increases <T_BOLD>Pierce Damage</> by <T_BOLD>{0}</>"
"EID_Ring_Fisherman_Minor_Effect1","Дает {0} шанс на получение дополнительного улова во время рыбалки","Grants a {0} chance to receive additional catch while fishing"
"EID_Ring_Lightfoot_Major_ItemName","Major Ring of Lightfoot",""
"EID_Ring_Lightfoot_Major_ItemDescription","Плейсхолдер лорного описания эффекта кольца. Желательно делать уникальным для каждого кольца. Без описания смотрится очень грустно, к сожалению","Increases <T_BOLD>Pierce Damage</> by <T_BOLD>{0}</>"
"EID_Ring_Lightfoot_Major_Effect1","Reduces the distance at which enemies become aggressive.",""
"EID_Ring_MeleeDmg_Major_ItemName","Большое кольцо отваги",""
"EID_Ring_MeleeDmg_Major_ItemDescription","Испанское кольцо отважных тореадоров, которые выходили на арену против яростных быков.","Increases <T_BOLD>Pierce Damage</> by <T_BOLD>{0}</>"
"EID_Ring_MeleeDmg_Major_Effect1","Увеличивает урон оружия ближнего боя на {0}","Increases melee weapon Damage by {0}"
"EID_Ring_MeleeDmg_Minor_ItemName","Малое кольцо отваги",""
"EID_Ring_MeleeDmg_Minor_ItemDescription","Испанское кольцо отважных тореадоров, которые выходили на арену против яростных быков.","Increases <T_BOLD>Posture</> by <T_BOLD>1</>"
"EID_Ring_MeleeDmg_Minor_Effect1","Увеличивает урон оружия ближнего боя на {0}","Increases melee weapon Damage by {0}"
"EID_Ring_MeleeDmg_Regular_ItemName","Обычное кольцо отваги",""
"EID_Ring_MeleeDmg_Regular_ItemDescription","Испанское кольцо отважных тореадоров, которые выходили на арену против яростных быков.","Increases <T_BOLD>Ranged Damage</> by <T_BOLD>{0}</>"
"EID_Ring_MeleeDmg_Regular_Effect1","Увеличивает урон оружия ближнего боя на {0}","Increases melee weapon Damage by {0}"
"EID_Ring_PierceDmg_Major_ItemName","Большое кольцо метателя копий",""
"EID_Ring_PierceDmg_Major_ItemDescription","Черный камень в кольце напоминает обсидиан, из которого древние народы делали наконечники для копий.","Increases <T_BOLD>Ranged Damage</> by <T_BOLD>{0}</>"
"EID_Ring_PierceDmg_Major_Effect1","Увеличивает колющий урон на {0}","Increases Pierce Damage by {0}"
"EID_Ring_PierceDmg_Minor_ItemName","Малое кольцо метателя копий",""
"EID_Ring_PierceDmg_Minor_ItemDescription","Черный камень в кольце напоминает обсидиан, из которого древние народы делали наконечники для копий.","Increases <T_BOLD>Ranged Damage</> by <T_BOLD>{0}</>"
"EID_Ring_PierceDmg_Minor_Effect1","Увеличивает колющий урон на {0}","Increases Pierce Damage by {0}"
"EID_Ring_PierceDmg_Regular_ItemName","Обычное кольцо метателя копий",""
"EID_Ring_PierceDmg_Regular_ItemDescription","Черный камень в кольце напоминает обсидиан, из которого древние народы делали наконечники для копий.","Resource gathering consumes <T_BOLD>{0}</> less <T_BOLD>Stamina</>"
"EID_Ring_PierceDmg_Regular_Effect1","Увеличивает колющий урон на {0}","Increases Pierce Damage by {0}"
"EID_Ring_Posture_Regular_ItemName","Обычное кольцо рыцаря",""
"EID_Ring_Posture_Regular_ItemDescription","Считается, что похожее кольцо подарила своему рыцарю сама Изабелла Кастильская после того, как тот выиграл для нее турнир и объявил ее своей дамой сердца.","Resource gathering consumes <T_BOLD>{0}</> less <T_BOLD>Stamina</>"
"EID_Ring_Posture_Regular_Effect1","Увеличивает шкалу баланса на 1 единицу","Increases Posture Points by 1"
"EID_Ring_RangeDmg_Major_ItemName","Большое кольцо стрелка",""
"EID_Ring_RangeDmg_Major_ItemDescription","Мушкетеры верили, что такое кольцо приносит удачу. Якобы с ним можно попасть белке в глаз... Жаль, на этих островах белки не водятся.","Increases <T_BOLD>Slash Damage</> by <T_BOLD>{0}</>"
"EID_Ring_RangeDmg_Major_Effect1","Увеличивает урон дистанционого оружия на {0}","Increases Ranged Damage by {0}"
"EID_Ring_RangeDmg_Minor_ItemName","Малое кольцо стрелка",""
"EID_Ring_RangeDmg_Minor_ItemDescription","Мушкетеры верили, что такое кольцо приносит удачу. Якобы с ним можно попасть белке в глаз... Жаль, на этих островах белки не водятся.","Increases <T_BOLD>Slash Damage</> by <T_BOLD>{0}</>"
"EID_Ring_RangeDmg_Minor_Effect1","Увеличивает урон дистанционого оружия на {0}","Increases Ranged Damage by {0}"
"EID_Ring_RangeDmg_Regular_ItemName","Обычное кольцо стрелка",""
"EID_Ring_RangeDmg_Regular_ItemDescription","Мушкетеры верили, что такое кольцо приносит удачу. Якобы с ним можно попасть белке в глаз... Жаль, на этих островах белки не водятся.","Increases <T_BOLD>Slash Damage</> by <T_BOLD>{0}</>"
"EID_Ring_RangeDmg_Regular_Effect1","Увеличивает урон дистанционого оружия на {0}","Increases Ranged Damage by {0}"
"EID_Ring_ResStmnCons_Major_ItemName","Большое кольцо старателя",""
"EID_Ring_ResStmnCons_Major_ItemDescription","Напоминает владельцу о богатствах, скрытых в недрах земли. Как можно отдыхать, если сокровища так близко?!","Attacks consume <T_BOLD>{0}</> less <T_BOLD>Stamina</>"
"EID_Ring_ResStmnCons_Major_Effect1","Снижает расход выносливости при добыче ресурсов на {0}","Resource gathering consumes {0} less Stamina"
"EID_Ring_ResStmnCons_Minor_ItemName","Малое кольцо старателя",""
"EID_Ring_ResStmnCons_Minor_ItemDescription","Напоминает владельцу о богатствах, скрытых в недрах земли. Как можно отдыхать, если сокровища так близко?!","Attacks consume <T_BOLD>{0}</> less <T_BOLD>Stamina</>"
"EID_Ring_ResStmnCons_Minor_Effect1","Снижает расход выносливости при добыче ресурсов на {0}","Resource gathering consumes {0} less Stamina"
"EID_Ring_SlashDmg_Major_ItemName","Большое кольцо пирата",""
"EID_Ring_SlashDmg_Major_ItemDescription","Владельцем похожего кольца был знаменитый капитан Сэмюэль Беллами. Он не проиграл ни одного сражения, но бесславно утонул во время шторма.",""
"EID_Ring_SlashDmg_Major_Effect1","Увеличивает режущий урон на {0}","Increases Slash Damage by {0}"
"EID_Ring_SlashDmg_Minor_ItemName","Малое кольцо пирата",""
"EID_Ring_SlashDmg_Minor_ItemDescription","Владельцем похожего кольца был знаменитый капитан Сэмюэль Беллами. Он не проиграл ни одного сражения, но бесславно утонул во время шторма.",""
"EID_Ring_SlashDmg_Minor_Effect1","Увеличивает режущий урон на {0}","Increases Slash Damage by {0}"
"EID_Ring_SlashDmg_Regular_ItemName","Обычное кольцо пирата",""
"EID_Ring_SlashDmg_Regular_ItemDescription","Владельцем похожего кольца был знаменитый капитан Сэмюэль Беллами. Он не проиграл ни одного сражения, но бесславно утонул во время шторма.",""
"EID_Ring_SlashDmg_Regular_Effect1","Увеличивает режущий урон на {0}","Increases Slash Damage by {0}"
"EID_Ring_WpnStmnCons_Major_ItemName","Большое кольцо чемпиона",""
"EID_Ring_WpnStmnCons_Major_ItemDescription","Победители рыцарских турниров стали получать такие кольца в качестве награды, когда лавровые венки вышли из моды.",""
"EID_Ring_WpnStmnCons_Major_Effect1","Снижает расход выносливости атаками на {0}","Attacks consume {0} less Stamina"
"EID_Ring_WpnStmnCons_Minor_ItemName","Малое кольцо чемпиона",""
"EID_Ring_WpnStmnCons_Minor_ItemDescription","Победители рыцарских турниров стали получать такие кольца в качестве награды, когда лавровые венки вышли из моды.",""
"EID_Ring_WpnStmnCons_Minor_Effect1","Снижает расход выносливости атаками на {0}","Attacks consume {0} less Stamina"
"CID_Alchemy_Elixir_CritDamage_ExtraDuration_ItemName","Infused Elixir of Concentration",""
"CID_Alchemy_Elixir_CritDamage_ItemName","Эликсир Концентрации",""
"CID_Alchemy_Elixir_CritDamage_ItemDescription","Желтоватый светящийся настой с соленым привкусом. Уже после первого глотка на окружающих начинают мерещиться пятна, будто подсказывая, куда им надо вмазать.",""
"CID_Alchemy_Elixir_CritDamage_VanityText","Плод омерзительных религиозных практик давно погибшего племени",""
"CID_Alchemy_Elixir_CritDamage_Effect1","Increases Critical Damage by {1}.",""
"CID_Alchemy_Elixir_CritDamage_Effect2","Lasts for {0} min.",""
"CID_Alchemy_Elixir_DamageResist_ItemName","Эликсир Притупления боли",""
"CID_Alchemy_Elixir_DamageResist_ItemDescription","Холодный желеобразный настой с ужасным запахом дикого козла. Достаточно понюхать и сразу чувствуешь как немеют пальцы на ногах. Алхимики до сих пор спорят, стоит ли его вообще пить.",""
"CID_Alchemy_Elixir_DamageResist_VanityText","Боль напоминает о том, что мы живы. Вот когда ничего не болит, тогда можно паниковать.\r\n— доктор Гален Скелтон",""
"CID_Alchemy_Elixir_DamageResist_Effect1","Increases Damage Resistance by {1}.",""
"CID_Alchemy_Elixir_DamageResist_Effect2","Lasts for {0} min.",""
"CID_Alchemy_Elixir_GlobalDamage_ExtraDuration_ItemName","Infused Elixir of Cruelty",""
"CID_Alchemy_Elixir_GlobalDamage_ItemName","Эликсир Жестокости",""
"CID_Alchemy_Elixir_GlobalDamage_ItemDescription","Густой фиолетовый эликсир с резким пряным ароматом. Пробуждает жестокость, делая каждый удар тяжелее и беспощаднее.",""
"CID_Alchemy_Elixir_GlobalDamage_VanityText","Жестокость — не порок.\r\n— Эдвард \""Черная Борода\"" Тич",""
"CID_Alchemy_Elixir_GlobalDamage_Effect1","Increases Damage by {1}.",""
"CID_Alchemy_Elixir_GlobalDamage_Effect2","Lasts for {0} min.",""
"CID_Alchemy_Elixir_MeleeDamage_ExtraDuration_ItemName","Infused Elixir of Firm Hand",""
"CID_Alchemy_Elixir_MeleeDamage_ItemName","Эликсир Твердой руки",""
"CID_Alchemy_Elixir_MeleeDamage_ItemDescription","Оранжевый эликсир с густым осадком на дне бутылки, практически без вкуса и запаха. Выпив его - тело наливается силой, челюсть сводит, говорить становится трудно — зато саблей махать самое то.",""
"CID_Alchemy_Elixir_MeleeDamage_VanityText","В ближнем бою побеждает не тот, кто быстрее, а тот, кто не передумал.\r\n— доктор Гален Скелтон",""
"CID_Alchemy_Elixir_MeleeDamage_Effect1","Increases Melee Damage by {1}.",""
"CID_Alchemy_Elixir_MeleeDamage_Effect2","Lasts for {0} min.",""
"CID_Alchemy_Elixir_RangeDamage_ExtraDuration_ItemName","Infused Elixir of Precision",""
"CID_Alchemy_Elixir_RangeDamage_ItemName","Эликсир Меткости",""
"CID_Alchemy_Elixir_RangeDamage_ItemDescription","Мутная зеленая настойка на волчьих клыках. Считается, что если после бурной ночи, перед сном положить под язык клык собаки, то на утро не будут трястись руки. Буканьеры архипелага развили эту идею и придумали такой эликсир в надежде сэкономить на пулях.",""
"CID_Alchemy_Elixir_RangeDamage_VanityText","Если промахнулся – значит, это была не цель, а приманка!\r\n— Марсель Буше, буканьер",""
"CID_Alchemy_Elixir_RangeDamage_Effect1","Increases Ranged Damage by {1}.",""
"CID_Alchemy_Elixir_RangeDamage_Effect2","Lasts for {0} min.",""
"DID_Misc_RecipePaperUnlock_Armor_Adventurer_Base_Feet_Name","Рецепт брони: Сапоги выжившего",""
"DID_Misc_RecipePaperUnlock_Armor_Adventurer_Base_Hands_Name","Рецепт брони: Перчатки выжившего",""
"DID_Misc_RecipePaperUnlock_Armor_Adventurer_Base_Head_Name","Рецепт брони: Бандана выжившего",""
"DID_Misc_RecipePaperUnlock_Armor_Adventurer_Base_Legs_Name","Рецепт брони: Штаны выжившего",""
"DID_Misc_RecipePaperUnlock_Armor_Adventurer_Base_Torso_Name","Рецепт брони: Куртка выжившего",""
"DID_Misc_RecipePaperUnlock_Armor_Flibustier_Base_Feet_Name","Рецепт брони: Сапоги скитальца",""
"DID_Misc_RecipePaperUnlock_Armor_Flibustier_Base_Hands_Name","Рецепт брони: Перчатки скитальца",""
"DID_Misc_RecipePaperUnlock_Armor_Flibustier_Base_Head_Name","Рецепт брони: Шляпа скитальца",""
"DID_Misc_RecipePaperUnlock_Armor_Flibustier_Base_Legs_Name","Рецепт брони: Штаны скитальца",""
"DID_Misc_RecipePaperUnlock_Armor_Flibustier_Base_Torso_Name","Рецепт брони: Куртка скитальца",""
"DID_Misc_RecipePaperUnlock_Armor_Bandit_Base_Feet_Name","Чертеж брони: Сапоги охотника",""
"DID_Misc_RecipePaperUnlock_Armor_Bandit_Base_Hands_Name","Чертеж брони: Перчатки охотника",""
"DID_Misc_RecipePaperUnlock_Armor_Bandit_Base_Head_Name","Чертеж брони: Шляпа охотника",""
"DID_Misc_RecipePaperUnlock_Armor_Bandit_Base_Legs_Name","Чертеж брони: Штаны охотника",""
"DID_Misc_RecipePaperUnlock_Armor_Bandit_Base_Torso_Name","Чертеж брони: Куртка охотника",""
"DID_Misc_RecipePaperUnlock_Armor_Conquistador_Base_Feet_Name","Чертеж брони: Ботинки конкистадора",""
"DID_Misc_RecipePaperUnlock_Armor_Conquistador_Base_Hands_Name","Чертеж брони: Перчатки конкистадора",""
"DID_Misc_RecipePaperUnlock_Armor_Conquistador_Base_Head_Name","Чертеж брони: Шлем конкистадора",""
"DID_Misc_RecipePaperUnlock_Armor_Conquistador_Base_Legs_Name","Чертеж брони: Штаны конкистадора",""
"DID_Misc_RecipePaperUnlock_Armor_Conquistador_Base_Torso_Name","Чертеж брони: Кираса конкистадора",""
"DID_Misc_RecipePaperUnlock_Armor_Mercenary_Base_Feet_Name","Чертеж брони: Сапоги стрелка","В английской локализе \""стрелок\"" должен переводиться как Marksman"
"DID_Misc_RecipePaperUnlock_Armor_Mercenary_Base_Hands_Name","Чертеж брони: Перчатки стрелка",""
"DID_Misc_RecipePaperUnlock_Armor_Mercenary_Base_Head_Name","Чертеж брони: Шляпа стрелка",""
"DID_Misc_RecipePaperUnlock_Armor_Mercenary_Base_Legs_Name","Чертеж брони: Штаны стрелка",""
"DID_Misc_RecipePaperUnlock_Armor_Mercenary_Base_Torso_Name","Чертеж брони: Камзол стрелка",""
"DID_Misc_RecipePaperUnlock_Armor_Pikeman_Base_Feet_Name","Чертеж брони: Ботинки пикинера",""
"DID_Misc_RecipePaperUnlock_Armor_Pikeman_Base_Hands_Name","Чертеж брони: Перчатки пикинера",""
"DID_Misc_RecipePaperUnlock_Armor_Pikeman_Base_Head_Name","Чертеж брони: Шлем пикинера",""
"DID_Misc_RecipePaperUnlock_Armor_Pikeman_Base_Legs_Name","Чертеж брони: Штаны пикинера",""
"DID_Misc_RecipePaperUnlock_Armor_Pikeman_Base_Torso_Name","Чертеж брони: Кираса пикинера",""
"DID_Misc_RecipePaperUnlock_Armor_Vanilla_Base_Feet_Name","Чертеж брони: Сапоги капера","privateer"
"DID_Misc_RecipePaperUnlock_Armor_Vanilla_Base_Hands_Name","Чертеж брони: Перчатки капера","privateer"
"DID_Misc_RecipePaperUnlock_Armor_Vanilla_Base_Head_Name","Чертеж брони: Шляпа капера","privateer"
"DID_Misc_RecipePaperUnlock_Armor_Vanilla_Base_Legs_Name","Чертеж брони: Штаны капера","privateer"
"DID_Misc_RecipePaperUnlock_Armor_Vanilla_Base_Torso_Name","Чертеж брони: Камзол капера","privateer"
"DID_Misc_RecipePaperUnlock_MeleeWeapon_Club_Blank_Base_Name","Чертеж оружия: Дубина",""
"DID_Misc_RecipePaperUnlock_MeleeWeapon_Club_Corrupted_Advanced_Name","Чертеж оружия: Зуб болотной Твари",""
"DID_Misc_RecipePaperUnlock_MeleeWeapon_Club_Corrupted_Base_Name","Чертеж оружия: Зуб болотной Твари",""
"DID_Misc_RecipePaperUnlock_MeleeWeapon_Club_Fish_Base_Name","Чертеж оружия: Сокрушитель","Mackerel Maul"
"DID_Misc_RecipePaperUnlock_MeleeWeapon_Club_Forceful_Advanced_Name","Чертеж оружия: Дробитель",""
"DID_Misc_RecipePaperUnlock_MeleeWeapon_Club_Forceful_Base_Name","Чертеж оружия: Дробитель",""
"DID_Misc_RecipePaperUnlock_MeleeWeapon_Club_Massive_Advanced_Name","Чертеж оружия: Костолом",""
"DID_Misc_RecipePaperUnlock_MeleeWeapon_Club_Massive_Base_Name","Чертеж оружия: Костолом",""
"DID_Misc_RecipePaperUnlock_MeleeWeapon_Greatsword_Blank_Base_Name","Чертеж оружия: Двуручный меч","Greatsword"
"DID_Misc_RecipePaperUnlock_MeleeWeapon_Greatsword_Parrying_Advanced_Name","Чертеж оружия: Дуэльный Двуручник",""
"DID_Misc_RecipePaperUnlock_MeleeWeapon_Greatsword_Parrying_Base_Name","Чертеж оружия: Дуэльный Двуручник",""
"DID_Misc_RecipePaperUnlock_MeleeWeapon_Greatsword_Reliable_Advanced_Name","Чертеж оружия: Надежный двуручник",""
"DID_Misc_RecipePaperUnlock_MeleeWeapon_Greatsword_Reliable_Base_Name","Чертеж оружия: Надежный двуручник",""
"DID_Misc_RecipePaperUnlock_MeleeWeapon_Greatsword_Souldrinker_Advanced_Name","Чертеж оружия: Пожиратель душ","Souldrinker"
"DID_Misc_RecipePaperUnlock_MeleeWeapon_Greatsword_Souldrinker_Base_Name","Чертеж оружия: Пожиратель душ","Souldrinker"
"DID_Misc_RecipePaperUnlock_MeleeWeapon_Halberd_Blank_Base_Name","Чертеж оружия: Алебарда",""
"DID_Misc_RecipePaperUnlock_MeleeWeapon_Halberd_Corrupted_Advanced_Name","Чертеж оружия: Чумная алебарда",""
"DID_Misc_RecipePaperUnlock_MeleeWeapon_Halberd_Corrupted_Base_Name","Чертеж оружия: Чумная алебарда",""
"DID_Misc_RecipePaperUnlock_MeleeWeapon_Halberd_Executioner_Advanced_Name","Чертеж оружия: Палач",""
"DID_Misc_RecipePaperUnlock_MeleeWeapon_Halberd_Executioner_Base_Name","Чертеж оружия: Палач",""
"DID_Misc_RecipePaperUnlock_MeleeWeapon_Halberd_Reliable_Advanced_Name","Чертеж оружия: Надежная алебарда",""
"DID_Misc_RecipePaperUnlock_MeleeWeapon_Halberd_Reliable_Base_Name","Чертеж оружия: Надежная алебарда",""
"DID_Misc_RecipePaperUnlock_MeleeWeapon_Rapier_Blank_Base_Name","Чертеж оружия: Рапира",""
"DID_Misc_RecipePaperUnlock_MeleeWeapon_Rapier_Bleeding_Advanced_Name","Чертеж оружия: Рапира тысячи порезов",""
"DID_Misc_RecipePaperUnlock_MeleeWeapon_Rapier_Bleeding_Base_Name","Чертеж оружия: Рапира тысячи порезов",""
"DID_Misc_RecipePaperUnlock_MeleeWeapon_Rapier_Eviscerate_Advanced_Name","Чертеж оружия: Рапира опустошения","Decimating Rapier"
"DID_Misc_RecipePaperUnlock_MeleeWeapon_Rapier_Eviscerate_Base_Name","Чертеж оружия: Рапира опустошения","Decimating Rapier"
"DID_Misc_RecipePaperUnlock_MeleeWeapon_Rapier_Reliable_Advanced_Name","Чертеж оружия: Надежная рапира",""
"DID_Misc_RecipePaperUnlock_MeleeWeapon_Rapier_Reliable_Base_Name","Чертеж оружия: Надежная рапира",""
"DID_Misc_RecipePaperUnlock_MeleeWeapon_Saber_Blank_Base_Name","Чертеж оружия: Сабля",""
"DID_Misc_RecipePaperUnlock_MeleeWeapon_Saber_Boarding_Advanced_Name","Чертеж оружия: Абордажная сабля","Cutlass"
"DID_Misc_RecipePaperUnlock_MeleeWeapon_Saber_Boarding_Base_Name","Чертеж оружия: Абордажная сабля","Cutlass"
"DID_Misc_RecipePaperUnlock_MeleeWeapon_Saber_Corrupted_Advanced_Name","Чертеж оружия: Сабля \""Арборис\""","Saber Arboris"
"DID_Misc_RecipePaperUnlock_MeleeWeapon_Saber_Corrupted_Base_Name","Чертеж оружия: Сабля \""Арборис\""","Saber Arboris"
"DID_Misc_RecipePaperUnlock_MeleeWeapon_Saber_Flawless_Advanced_Name","Чертеж оружия: Бритва",""
"DID_Misc_RecipePaperUnlock_MeleeWeapon_Saber_Flawless_Base_Name","Чертеж оружия: Бритва",""
"DID_Misc_RecipePaperUnlock_MeleeWeapon_Saber_Parrying_Advanced_Name","Чертеж оружия: Дуэльный палаш",""
"DID_Misc_RecipePaperUnlock_MeleeWeapon_Saber_Parrying_Base_Name","Чертеж оружия: Дуэльный палаш",""
"DID_Misc_RecipePaperUnlock_MeleeWeapon_Saber_Reliable_Advanced_Name","Чертеж оружия: Надежная сабля",""
"DID_Misc_RecipePaperUnlock_MeleeWeapon_Saber_Reliable_Base_Name","Чертеж оружия: Надежная сабля",""
"DID_Misc_RecipePaperUnlock_Necklace_Agility_Major_Name","Чертеж ожерелья: Major Necklace of Agility",""
"DID_Misc_RecipePaperUnlock_Necklace_Agility_Minor_Name","Чертеж ожерелья: Minor Necklace of Agility",""
"DID_Misc_RecipePaperUnlock_Necklace_Agility_Regular_Name","Чертеж ожерелья: Regular Necklace of Agility",""
"DID_Misc_RecipePaperUnlock_Necklace_Endurance_Major_Name","Чертеж ожерелья: Major Necklace of Endurance",""
"DID_Misc_RecipePaperUnlock_Necklace_Endurance_Minor_Name","Чертеж ожерелья: Minor Necklace of Endurance",""
"DID_Misc_RecipePaperUnlock_Necklace_Endurance_Regular_Name","Чертеж ожерелья: Regular Necklace of Endurance",""
"DID_Misc_RecipePaperUnlock_Necklace_Mastery_Major_Name","Чертеж ожерелья: Major Necklace of Mastery",""
"DID_Misc_RecipePaperUnlock_Necklace_Mastery_Minor_Name","Чертеж ожерелья: Minor Necklace of Mastery",""
"DID_Misc_RecipePaperUnlock_Necklace_Mastery_Regular_Name","Чертеж ожерелья: Regular Necklace of Mastery",""
"DID_Misc_RecipePaperUnlock_Necklace_Precision_Major_Name","Чертеж ожерелья: Major Necklace of Precision",""
"DID_Misc_RecipePaperUnlock_Necklace_Precision_Minor_Name","Чертеж ожерелья: Minor Necklace of Precision",""
"DID_Misc_RecipePaperUnlock_Necklace_Precision_Regular_Name","Чертеж ожерелья: Regular Necklace of Precision",""
"DID_Misc_RecipePaperUnlock_Necklace_Strength_Major_Name","Чертеж ожерелья: Major Necklace of Strength",""
"DID_Misc_RecipePaperUnlock_Necklace_Strength_Minor_Name","Чертеж ожерелья: Minor Necklace of Strength",""
"DID_Misc_RecipePaperUnlock_Necklace_Strength_Regular_Name","Чертеж ожерелья: Regular Necklace of Strength",""
"DID_Misc_RecipePaperUnlock_Necklace_Vitality_Major_Name","Чертеж ожерелья: Major Necklace of Vitality",""
"DID_Misc_RecipePaperUnlock_Necklace_Vitality_Minor_Name","Чертеж ожерелья: Minor Necklace of Vitality",""
"DID_Misc_RecipePaperUnlock_Necklace_Vitality_Regular_Name","Чертеж ожерелья: Regular Necklace of Vitality",""
"DID_Misc_RecipePaperUnlock_RangeWeapon_Blunderbuss_Blank_Base_Name","Чертеж оружия: Мушкетон",""
"DID_Misc_RecipePaperUnlock_RangeWeapon_Blunderbuss_Dragonbreath_Advanced_Name","Чертеж оружия: Драконье пламя","Dragonbreath"
"DID_Misc_RecipePaperUnlock_RangeWeapon_Blunderbuss_Dragonbreath_Base_Name","Чертеж оружия: Драконье пламя","Dragonbreath"
"DID_Misc_RecipePaperUnlock_RangeWeapon_Blunderbuss_Reliable_Advanced_Name","Чертеж оружия: Надежный мушкетон",""
"DID_Misc_RecipePaperUnlock_RangeWeapon_Blunderbuss_Reliable_Base_Name","Чертеж оружия: Надежный мушкетон",""
"DID_Misc_RecipePaperUnlock_RangeWeapon_Musket_Blank_Base_Name","Чертеж оружия: Мушкет",""
"DID_Misc_RecipePaperUnlock_RangeWeapon_Musket_Infantry_Advanced_Name","Чертеж оружия: Пехотный мушкет",""
"DID_Misc_RecipePaperUnlock_RangeWeapon_Musket_Infantry_Base_Name","Чертеж оружия: Пехотный мушкет",""
"DID_Misc_RecipePaperUnlock_RangeWeapon_Musket_Reliable_Advanced_Name","Чертеж оружия: Надежный мушкет",""
"DID_Misc_RecipePaperUnlock_RangeWeapon_Musket_Reliable_Base_Name","Чертеж оружия: Надежный мушкет",""
"DID_Misc_RecipePaperUnlock_RangeWeapon_Musket_Sniper_Advanced_Name","Чертеж оружия: Друг буканьера",""
"DID_Misc_RecipePaperUnlock_RangeWeapon_Musket_Sniper_Base_Name","Чертеж оружия: Друг буканьера",""
"DID_Misc_RecipePaperUnlock_RangeWeapon_Pistol_Blank_Base_Name","Чертеж оружия: Пистоль",""
"DID_Misc_RecipePaperUnlock_RangeWeapon_Pistol_Corrupted_Advanced_Name","Чертеж оружия: Чумной пистоль",""
"DID_Misc_RecipePaperUnlock_RangeWeapon_Pistol_Drakesdoom_Advanced_Name","Чертеж оружия: Двуствольный пистолет Дрейка",""
"DID_Misc_RecipePaperUnlock_RangeWeapon_Pistol_Drakesdoom_Base_Name","Чертеж оружия: Двуствольный пистолет Дрейка",""
"DID_Misc_RecipePaperUnlock_RangeWeapon_Pistol_Reliable_Advanced_Name","Чертеж оружия: Надежный пистоль",""
"DID_Misc_RecipePaperUnlock_RangeWeapon_Pistol_Reliable_Base_Name","Чертеж оружия: Надежный пистоль",""
"DID_Misc_RecipePaperUnlock_Ring_Critchance_Major_Name","Рецепт кольца: Большое кольцо ягуара",""
"DID_Misc_RecipePaperUnlock_Ring_Critchance_Minor_Name","Рецепт кольца: Малое кольцо ягуара",""
"DID_Misc_RecipePaperUnlock_Ring_Critchance_Regular_Name","Рецепт кольца: Обычное кольцо ягуара",""
"DID_Misc_RecipePaperUnlock_Ring_Critdamage_Major_Name","Рецепт кольца: Большое кольцо душегуба",""
"DID_Misc_RecipePaperUnlock_Ring_Critdamage_Minor_Name","Рецепт кольца: Малое кольцо душегуба",""
"DID_Misc_RecipePaperUnlock_Ring_Critdamage_Regular_Name","Рецепт кольца: Обычное кольцо душегуба",""
"DID_Misc_RecipePaperUnlock_Ring_Crpttickresist_Major_Name","Рецепт кольца: Большое кольцо солнца",""
"DID_Misc_RecipePaperUnlock_Ring_Crpttickresist_Minor_Name","Рецепт кольца: Малое кольцо солнца",""
"DID_Misc_RecipePaperUnlock_Ring_Crudedmg_Major_Name","Рецепт кольца: Большое кольцо козерога",""
"DID_Misc_RecipePaperUnlock_Ring_Crudedmg_Minor_Name","Рецепт кольца: Малое кольцо козерога",""
"DID_Misc_RecipePaperUnlock_Ring_Crudedmg_Regular_Name","Рецепт кольца: Обычное кольцо козерога",""
"DID_Misc_RecipePaperUnlock_Ring_Dmgresist_Major_Name","Рецепт кольца: Большое кольцо божественной защиты",""
"DID_Misc_RecipePaperUnlock_Ring_Dmgresist_Minor_Name","Рецепт кольца: Малое кольцо божественной защиты",""
"DID_Misc_RecipePaperUnlock_Ring_Dmgresist_Regular_Name","Рецепт кольца: Обычное кольцо божественной защиты",""
"DID_Misc_RecipePaperUnlock_Ring_Feintdmg_Major_Name","Рецепт кольца: Большое кольцо воителя",""
"DID_Misc_RecipePaperUnlock_Ring_Feintdmg_Minor_Name","Рецепт кольца: Малое кольцо воителя",""
"DID_Misc_RecipePaperUnlock_Ring_Fisherman_Major_Name","Рецепт кольца: Большое кольцо рыбака",""
"DID_Misc_RecipePaperUnlock_Ring_Fisherman_Minor_Name","Рецепт кольца: Малое кольцо рыбака",""
"DID_Misc_RecipePaperUnlock_Ring_Lightfoot_Major_Name","Чертеж кольца: Major Ring of Lightfoot",""
"DID_Misc_RecipePaperUnlock_Ring_Meleedmg_Major_Name","Рецепт кольца: Большое кольцо отваги",""
"DID_Misc_RecipePaperUnlock_Ring_Meleedmg_Minor_Name","Рецепт кольца: Малое кольцо отваги",""
"DID_Misc_RecipePaperUnlock_Ring_Meleedmg_Regular_Name","Рецепт кольца: Обычное кольцо отваги",""
"DID_Misc_RecipePaperUnlock_Ring_Piercedmg_Major_Name","Рецепт кольца: Большое кольцо метателя копий",""
"DID_Misc_RecipePaperUnlock_Ring_Piercedmg_Minor_Name","Рецепт кольца: Малое кольцо метателя копий",""
"DID_Misc_RecipePaperUnlock_Ring_Piercedmg_Regular_Name","Рецепт кольца: Обычное кольцо метателя копий",""
"DID_Misc_RecipePaperUnlock_Ring_Posture_Regular_Name","Рецепт кольца: Обычное кольцо рыцаря",""
"DID_Misc_RecipePaperUnlock_Ring_Rangedmg_Major_Name","Рецепт кольца: Большое кольцо стрелка",""
"DID_Misc_RecipePaperUnlock_Ring_Rangedmg_Minor_Name","Рецепт кольца: Малое кольцо стрелка",""
"DID_Misc_RecipePaperUnlock_Ring_Rangedmg_Regular_Name","Рецепт кольца: Обычное кольцо стрелка",""
"DID_Misc_RecipePaperUnlock_Ring_Resstmncons_Major_Name","Рецепт кольца: Большое кольцо старателя",""
"DID_Misc_RecipePaperUnlock_Ring_Resstmncons_Minor_Name","Рецепт кольца: Малое кольцо старателя",""
"DID_Misc_RecipePaperUnlock_Ring_Slashdmg_Major_Name","Рецепт кольца: Большое кольцо пирата",""
"DID_Misc_RecipePaperUnlock_Ring_Slashdmg_Minor_Name","Рецепт кольца: Малое кольцо пирата",""
"DID_Misc_RecipePaperUnlock_Ring_Slashdmg_Regular_Name","Рецепт кольца: Обычное кольцо пирата",""
"DID_Misc_RecipePaperUnlock_Ring_Wpnstmncons_Major_Name","Рецепт кольца: Большое кольцо чемпиона",""
"DID_Misc_RecipePaperUnlock_Ring_Wpnstmncons_Minor_Name","Рецепт кольца: Малое кольцо чемпиона",""
"DID_Misc_RecipePaperUnlock_VanityText","Изучите чертеж что бы получить возможность создавать предмет",""
"DID_Misc_RecipePaperUnlock_Upgrade_Melee_T01_Name","Melee weapon upgrade manual I",""
"DID_Misc_RecipePaperUnlock_Upgrade_Melee_T01_Description","Learning this manual allows one to upgrade and ascend melee weapons from level {0} to level {1}",""
"DID_Misc_RecipePaperUnlock_Upgrade_Melee_T02_Name","Melee weapon upgrade manual II",""
"DID_Misc_RecipePaperUnlock_Upgrade_Melee_T02_Description","Learning this manual allows one to upgrade and ascend melee weapons from level {0} to level {1}",""
"DID_Misc_RecipePaperUnlock_Upgrade_Melee_T03_Name","Melee weapon upgrade manual III",""
"DID_Misc_RecipePaperUnlock_Upgrade_Melee_T03_Description","Learning this manual allows one to upgrade and ascend melee weapons from level {0} to level {1}",""
"DID_Misc_RecipePaperUnlock_Upgrade_OneHandMelee_T01_Name","One-hand weapon upgrade manual I",""
"DID_Misc_RecipePaperUnlock_Upgrade_OneHandMelee_T01_Description","Learning this manual allows one to upgrade and ascend one-handed melee weapons from level {0} to level {1}",""
"DID_Misc_RecipePaperUnlock_Upgrade_OneHandMelee_T02_Name","One-hand weapon upgrade manual II",""
"DID_Misc_RecipePaperUnlock_Upgrade_OneHandMelee_T02_Description","Learning this manual allows one to upgrade and ascend one-handed melee weapons from level {0} to level {1}",""
"DID_Misc_RecipePaperUnlock_Upgrade_OneHandMelee_T03_Name","One-hand weapon upgrade manual III",""
"DID_Misc_RecipePaperUnlock_Upgrade_OneHandMelee_T03_Description","Learning this manual allows one to upgrade and ascend one-handed melee weapons from level {0} to level {1}",""
"DID_Misc_RecipePaperUnlock_Upgrade_TwoHandMelee_T01_Name","Two-hand weapon upgrade manual I",""
"DID_Misc_RecipePaperUnlock_Upgrade_TwoHandMelee_T01_Description","Learning this manual allows one to upgrade and ascend two-handed melee weapons from level {0} to level {1}",""
"DID_Misc_RecipePaperUnlock_Upgrade_TwoHandMelee_T02_Name","Two-hand weapon upgrade manual II",""
"DID_Misc_RecipePaperUnlock_Upgrade_TwoHandMelee_T02_Description","Learning this manual allows one to upgrade and ascend two-handed melee weapons from level {0} to level {1}",""
"DID_Misc_RecipePaperUnlock_Upgrade_TwoHandMelee_T03_Name","Two-hand weapon upgrade manual III",""
"DID_Misc_RecipePaperUnlock_Upgrade_TwoHandMelee_T03_Description","Learning this manual allows one to upgrade and ascend two-handed melee weapons from level {0} to level {1}",""
"DID_Misc_RecipePaperUnlock_Upgrade_Saber_T01_Name","Saber upgrade manual I",""
"DID_Misc_RecipePaperUnlock_Upgrade_Saber_T01_Description","Learning this manual allows one to upgrade and ascend Sabers from level {0} to level {1}",""
"DID_Misc_RecipePaperUnlock_Upgrade_Saber_T02_Name","Saber upgrade manual II",""
"DID_Misc_RecipePaperUnlock_Upgrade_Saber_T02_Description","Learning this manual allows one to upgrade and ascend Sabers from level {0} to level {1}",""
"DID_Misc_RecipePaperUnlock_Upgrade_Saber_T03_Name","Saber upgrade manual III",""
"DID_Misc_RecipePaperUnlock_Upgrade_Saber_T03_Description","Learning this manual allows one to upgrade and ascend Sabers from level {0} to level {1}",""
"DID_Misc_RecipePaperUnlock_Upgrade_Rapier_T01_Name","Rapier upgrade manual I",""
"DID_Misc_RecipePaperUnlock_Upgrade_Rapier_T01_Description","Learning this manual allows one to upgrade and ascend Rapiers from level {0} to level {1}",""
"DID_Misc_RecipePaperUnlock_Upgrade_Rapier_T02_Name","Rapier upgrade manual II",""
"DID_Misc_RecipePaperUnlock_Upgrade_Rapier_T02_Description","Learning this manual allows one to upgrade and ascend Rapiers from level {0} to level {1}",""
"DID_Misc_RecipePaperUnlock_Upgrade_Rapier_T03_Name","Rapier upgrade manual III",""
"DID_Misc_RecipePaperUnlock_Upgrade_Rapier_T03_Description","Learning this manual allows one to upgrade and ascend Rapiers from level {0} to level {1}",""
"DID_Misc_RecipePaperUnlock_Upgrade_Club_T01_Name","Club upgrade manual I",""
"DID_Misc_RecipePaperUnlock_Upgrade_Club_T01_Description","Learning this manual allows one to upgrade and ascend Clubs from level {0} to level {1}",""
"DID_Misc_RecipePaperUnlock_Upgrade_Club_T02_Name","Club upgrade manual II",""
"DID_Misc_RecipePaperUnlock_Upgrade_Club_T02_Description","Learning this manual allows one to upgrade and ascend Clubs from level {0} to level {1}",""
"DID_Misc_RecipePaperUnlock_Upgrade_Club_T03_Name","Club upgrade manual III",""
"DID_Misc_RecipePaperUnlock_Upgrade_Club_T03_Description","Learning this manual allows one to upgrade and ascend Clubs from level {0} to level {1}",""
"DID_Misc_RecipePaperUnlock_Upgrade_Greatsword_T01_Name","Greatsword upgrade manual I",""
"DID_Misc_RecipePaperUnlock_Upgrade_Greatsword_T01_Description","Learning this manual allows one to upgrade and ascend Greatswords from level {0} to level {1}",""
"DID_Misc_RecipePaperUnlock_Upgrade_Greatsword_T02_Name","Greatsword upgrade manual II",""
"DID_Misc_RecipePaperUnlock_Upgrade_Greatsword_T02_Description","Learning this manual allows one to upgrade and ascend Greatswords from level {0} to level {1}",""
"DID_Misc_RecipePaperUnlock_Upgrade_Greatsword_T03_Name","Greatsword upgrade manual III",""
"DID_Misc_RecipePaperUnlock_Upgrade_Greatsword_T03_Description","Learning this manual allows one to upgrade and ascend Greatswords from level {0} to level {1}",""
"DID_Misc_RecipePaperUnlock_Upgrade_Halberd_T01_Name","Halberd upgrade manual I",""
"DID_Misc_RecipePaperUnlock_Upgrade_Halberd_T01_Description","Learning this manual allows one to upgrade and ascend Halberds from level {0} to level {1}",""
"DID_Misc_RecipePaperUnlock_Upgrade_Halberd_T02_Name","Halberd upgrade manual II",""
"DID_Misc_RecipePaperUnlock_Upgrade_Halberd_T02_Description","Learning this manual allows one to upgrade and ascend Halberds from level {0} to level {1}",""
"DID_Misc_RecipePaperUnlock_Upgrade_Halberd_T03_Name","Halberd upgrade manual III",""
"DID_Misc_RecipePaperUnlock_Upgrade_Halberd_T03_Description","Learning this manual allows one to upgrade and ascend Halberds from level {0} to level {1}",""
"DID_Misc_RecipePaperUnlock_Upgrade_Pistol_T01_Name","Pistol upgrade manual I",""
"DID_Misc_RecipePaperUnlock_Upgrade_Pistol_T01_Description","Learning this manual allows one to upgrade and ascend Pistols from level {0} to level {1}",""
"DID_Misc_RecipePaperUnlock_Upgrade_Pistol_T02_Name","Pistol upgrade manual II",""
"DID_Misc_RecipePaperUnlock_Upgrade_Pistol_T02_Description","Learning this manual allows one to upgrade and ascend Pistols from level {0} to level {1}",""
"DID_Misc_RecipePaperUnlock_Upgrade_Pistol_T03_Name","Pistol upgrade manual III",""
"DID_Misc_RecipePaperUnlock_Upgrade_Pistol_T03_Description","Learning this manual allows one to upgrade and ascend Pistols from level {0} to level {1}",""
"DID_Misc_RecipePaperUnlock_Upgrade_Musket_T01_Name","Musket upgrade manual I",""
"DID_Misc_RecipePaperUnlock_Upgrade_Musket_T01_Description","Learning this manual allows one to upgrade and ascend Muskets and Blunderbasses from level {0} to level {1}",""
"DID_Misc_RecipePaperUnlock_Upgrade_Musket_T02_Name","Musket upgrade manual II",""
"DID_Misc_RecipePaperUnlock_Upgrade_Musket_T02_Description","Learning this manual allows one to upgrade and ascend Muskets and Blunderbasses from level {0} to level {1}",""
"DID_Misc_RecipePaperUnlock_Upgrade_Musket_T03_Name","Musket upgrade manual III",""
"DID_Misc_RecipePaperUnlock_Upgrade_Musket_T03_Description","Learning this manual allows one to upgrade and ascend Muskets and Blunderbasses from level {0} to level {1}",""
"DID_Misc_RecipePaperUnlock_Upgrade_Range_T01_Name","Range weapon upgrade manual I",""
"DID_Misc_RecipePaperUnlock_Upgrade_Range_T01_Description","Learning this manual allows one to upgrade and ascend ranged weapons from level {0} to level {1}",""
"DID_Misc_RecipePaperUnlock_Upgrade_Range_T02_Name","Range weapon upgrade manual II",""
"DID_Misc_RecipePaperUnlock_Upgrade_Range_T02_Description","Learning this manual allows one to upgrade and ascend ranged weapons from level {0} to level {1}",""
"DID_Misc_RecipePaperUnlock_Upgrade_Range_T03_Name","Range weapon upgrade manual III",""
"DID_Misc_RecipePaperUnlock_Upgrade_Range_T03_Description","Learning this manual allows one to upgrade and ascend ranged weapons from level {0} to level {1}",""
"DID_Misc_RecipePaperUnlock_Upgrade_Armor_T01_Name","Armor upgrade manual I",""
"DID_Misc_RecipePaperUnlock_Upgrade_Armor_T01_Description","Learning this manual allows one to upgrade and ascend armor from level {0} to level {1}",""
"DID_Misc_RecipePaperUnlock_Upgrade_Armor_T02_Name","Armor upgrade manual II",""
"DID_Misc_RecipePaperUnlock_Upgrade_Armor_T02_Description","Learning this manual allows one to upgrade and ascend armor from level {0} to level {1}",""
"DID_Misc_RecipePaperUnlock_Upgrade_Armor_T03_Name","Armor upgrade manual III",""
"DID_Misc_RecipePaperUnlock_Upgrade_Armor_T03_Description","Learning this manual allows one to upgrade and ascend armor from level {0} to level {1}",""
"DID_Misc_RecipePaperUnlock_Upgrade_ShipEq_T01_Name","Ship equipment upgrade manual I",""
"DID_Misc_RecipePaperUnlock_Upgrade_ShipEq_T01_Description","Learning this manual allows one to upgrade and ascend ship equipment from level {0} to level {1}",""
"DID_Misc_RecipePaperUnlock_Upgrade_ShipEq_T02_Name","Ship equipment manual II",""
"DID_Misc_RecipePaperUnlock_Upgrade_ShipEq_T02_Description","Learning this manual allows one to upgrade and ascend ship equipment from level {0} to level {1}",""
"DID_Misc_RecipePaperUnlock_Upgrade_ShipEq_T03_Name","Ship equipment manual III",""
"DID_Misc_RecipePaperUnlock_Upgrade_ShipEq_T03_Description","Learning this manual allows one to upgrade and ascend ship equipment from level {0} to level {1}",""
"DID_Misc_RecipePaperUnlock_Upgrade_Jewelry_Unc_Name","Jewelry upgrade manual I",""
"DID_Misc_RecipePaperUnlock_Upgrade_Jewelry_Unc_Description","Learning this manual allows one to ascend Uncommon Jewelry",""
"DID_Misc_RecipePaperUnlock_Upgrade_Jewelry_Rare_Name","Jewelry upgrade manual II",""
"DID_Misc_RecipePaperUnlock_Upgrade_Jewelry_Rare_Description","Learning this manual allows one to ascend Rare Jewelry",""
"DID_Misc_RecipePaperUnlock_Ship_Brig_Blackbeard_Name","Чертеж корабля: Бриг Чернобородцев",""
"DID_Misc_RecipePaperUnlock_Ship_Brig_Blackbeard_Description","После изучения позволяет построить Бриг Чернобородцев - вместительный 14-пушечный корабль.\r\n\r\nКорабли Чернобородцев — прирождённые рейдеры. Они жертвуют бронёй и размером трюма, зато могут похвастаться скоростью и возможностью устанавливать пушки более крупного калибра.",""
"DID_Misc_RecipePaperUnlock_Ship_Ketch_Blackbeard_Name","Чертеж корабля: Кеч Чернобородцев",""
"DID_Misc_RecipePaperUnlock_Ship_Ketch_Blackbeard_Description","После изучения позволяет построить Кеч Чернобородцев - вместительный 8-пушечный корабль.\r\n\r\nКорабли Чернобородцев — прирождённые рейдеры. Они жертвуют бронёй и размером трюма, зато могут похвастаться скоростью и возможностью устанавливать пушки более крупного калибра.",""
"DID_Misc_RecipePaperUnlock_Ship_Frigate_Blackbeard_Name","Чертеж корабля: Фрегат Чернобородцев",""
"DID_Misc_RecipePaperUnlock_Ship_Frigate_Blackbeard_Description","После изучения позволяет построить Фрегат Чернобородцев - вместительный 36-пушечный корабль.\r\n\r\nКорабли Чернобородцев — прирождённые рейдеры. Они жертвуют бронёй и размером трюма, зато могут похвастаться скоростью и возможностью устанавливать пушки более крупного калибра.",""
"DID_Misc_RecipePaperUnlock_Ship_Brig_Brethren_Name","Чертеж корабля: Бриг Братства",""
"DID_Misc_RecipePaperUnlock_Ship_Brig_Brethren_Description","После изучения позволяет построить Бриг Берегового Братства - прочный 14-пушечный корабль.\r\n\r\nКорабли Братства — настоящие морские крепости благодаря крайне прочному корпусу и просторному трюму. Однако за это они расплачиваются скоростью.",""
"DID_Misc_RecipePaperUnlock_Ship_Ketch_Brethren_Name","Чертеж корабля: Кеч Братства",""
"DID_Misc_RecipePaperUnlock_Ship_Ketch_Brethren_Description","После изучения позволяет построить Кеч Берегового Братства - прочный 8-пушечный корабль.\r\n\r\nКорабли Братства — настоящие морские крепости благодаря крайне прочному корпусу и просторному трюму. Однако за это они расплачиваются скоростью.",""
"DID_Misc_RecipePaperUnlock_Ship_Frigate_Brethren_Name","Чертеж корабля: Фрегат Братства",""
"DID_Misc_RecipePaperUnlock_Ship_Frigate_Brethren_Description","После изучения позволяет построить Фрегат Берегового Братства - прочный 36-пушечный корабль.\r\n\r\nКорабли Братства — настоящие морские крепости благодаря крайне прочному корпусу и просторному трюму. Однако за это они расплачиваются скоростью.",""
"DID_Misc_RecipePaperUnlock_Ship_Brig_Stock_Name","Чертеж корабля: Бриг",""
"DID_Misc_RecipePaperUnlock_Ship_Brig_Stock_Description","После изучения позволяет построить Бриг - надежный 14-пушечный корабль. К постройке будет доступно три варианта: базовая модель, модель чернобородцев, модель берегового братства.",""
"DID_Misc_RecipePaperUnlock_Ship_Ketch_Stock_Name","Чертеж корабля: Кеч",""
"DID_Misc_RecipePaperUnlock_Ship_Ketch_Stock_Description","После изучения позволяет построить Кеч - надежный 8-пушечный корабль.",""
"DID_Misc_RecipePaperUnlock_Ship_Frigate_Stock_Name","Чертеж корабля: Фрегат",""
"DID_Misc_RecipePaperUnlock_Ship_Frigate_Stock_Description","После изучения позволяет построить Фрегат - надежный 36-пушечный корабль. К постройке будет доступно три варианта: базовая модель, модель чернобородцев, модель берегового братства.",""
"DID_Misc_ItemItemUnlock_ShipCustom_Hull_Stock_Name","Style Book: Stock Hull Colors",""
"DID_Misc_ItemItemUnlock_ShipCustom_Hull_Stock_Description","Unlocks three hull color schemes for Stock ships: Black Powder, Seasoned Oak and Maiden Timber.",""
"DID_Misc_ItemItemUnlock_ShipCustom_Hull_Brethren_Name","Style Book: Brethren Hull Colors",""
"DID_Misc_ItemItemUnlock_ShipCustom_Hull_Brethren_Description","Unlocks three hull color schemes for Brethren of the Coast ships: Scarlet Sunset, Crimson Dawn and Morning Glow.",""
"DID_Misc_ItemItemUnlock_ShipCustom_Hull_Blackbeard_Name","Style Book: Blackbeard Hull Colors",""
"DID_Misc_ItemItemUnlock_ShipCustom_Hull_Blackbeard_Description","Unlocks three hull color schemes for Blackbeard ships: Storm on the Horizon, Kraken Ink, Tyrian Purple.",""
"DID_Misc_ItemItemUnlock_ShipCustom_Sails_Stock_Name","Style Book: Stock Sails Colors",""
"DID_Misc_ItemItemUnlock_ShipCustom_Sails_Stock_Description","Unlocks two sails color schemes for Stock ships: Fair Sails and Old Sails.",""
"DID_Misc_ItemItemUnlock_ShipCustom_Sails_Brethren_Name","Style Book: Brethren Sails Colors",""
"DID_Misc_ItemItemUnlock_ShipCustom_Sails_Brethren_Description","Unlocks two sails color schemes for Brethren ships: Jolly Roger’s Grin and Twilight.",""
"DID_Misc_ItemItemUnlock_ShipCustom_Sails_Blackbeard_Name","Style Book: Blackbeard Sails Colors",""
"DID_Misc_ItemItemUnlock_ShipCustom_Sails_Blackbeard_Description","Unlocks two sails color schemes for Blackbeard ships: Gathering Clouds and From the Depths.",""
"DID_Misc_ItemItemUnlock_ShipCustom_Flags_Stock_Name","Style Book: Privateer Flag Designs",""
"DID_Misc_ItemItemUnlock_ShipCustom_Flags_Stock_Description","Unlocks three flag designs: British East India Company’s Flag, Henry Every’s Flag, Captains of Tortuga Flag",""
"DID_Misc_ItemItemUnlock_ShipCustom_Flags_Brethren_Name","Style Book: Brethren Flag Designs",""
"DID_Misc_ItemItemUnlock_ShipCustom_Flags_Brethren_Description","Unlocks three Brethren flag designs: Jolly Roger, Leviathan, Raven",""
"DID_Misc_ItemItemUnlock_ShipCustom_Flags_Bucaneers_Name","Style Book: Buccaneers Flag Designs",""
"DID_Misc_ItemItemUnlock_ShipCustom_Flags_Bucaneers_Description","Unlocks four Buccaneers flag designs: Deadeye, Big Guns, Rogue Buccaneer's Flag, Faithful Pistols",""
"DID_Misc_ItemItemUnlock_ShipCustom_Flags_Smugglers_Name","Style Book: Smugglers Flag Designs",""
"DID_Misc_ItemItemUnlock_ShipCustom_Flags_Smugglers_Description","Unlocks four Smugglers flag designs: Price of a Gamble, Smugglers of Port Royal Flag, Mystic Koi, Wise Serpent",""
"DID_Misc_ItemItemUnlock_ShipCustom_Flags_Blackbeard_Name","Style Book: Blackbeard Flag Designs",""
"DID_Misc_ItemItemUnlock_ShipCustom_Flags_Blackbeard_Description","Unlocks three Blackbeard flag designs: Heart Reaper, Stede Bonnet’s Flag, Lingering Death",""
"DID_TradeGoods_Luxuries_ItemName","Luxuries",""
"DID_TradeGoods_Contraband_ItemName","Contraband",""
"DID_TradeGoods_Medicine_ItemName","Medicine",""
"DID_TradeGoods_Provisions_ItemName","Provisions",""
"DID_TradeGoods_SpecializedTools_ItemName","Specialized tools",""
"DID_TradeGoods_NavalSupplies_ItemName","Naval Supplies",""
"DID_TradeGoods_Spirits_ItemName","Spirits",""
"DID_TradeGoods_Munitions_ItemName","Munitions",""
"CID_TradeOutpost_FiberT01_Description","Open this crate to get 50 Plant fiber",""
"CID_TradeOutpost_WoodT01_Description","Open this crate to get 50 Wood",""
"CID_TradeOutpost_StoneT01_Description","Open this crate to get 50 Stone",""
"CID_TradeOutpost_ClayT01_Description","Open this crate to get 50 Clay",""
"CID_TradeOutpost_CopperOreT01_Description","Open this crate to get 50 Copper Ore",""
"CID_TradeOutpost_IronOreT02_Description","Open this crate to get 50 Iron Ore",""
"CID_TradeOutpost_SulfurT02_Description","Open this crate to get 50 Sulfur",""
"CID_TradeOutpost_HardwoodT02_Description","Open this crate to get 50 Hardwood",""
"CID_TradeOutpost_BarkT02_Description","Open this crate to get 50 Tree Bark",""
"CID_TradeOutpost_CoconutT01_Description","Open this crate to get 30 Coconuts",""
"CID_TradeOutpost_BananaT01_Description","Open this crate to get 30 Bananas",""
"CID_TradeOutpost_PotatoT01_Description","Open this crate to get 30 Sweet Potatoes",""
"CID_TradeOutpost_PepperT01_Description","Open this crate to get 30 Peppers",""
"CID_TradeOutpost_PotatoSeedsT01_Description","Open this crate to get 5 Sweet Potato Seeds",""
"CID_TradeOutpost_PepperSeedsT01_Description","Open this crate to get 5 Pepper Seeds",""
"CID_TradeOutpost_BananaSeedsT01_Description","Open this crate to get 5 Banana Seeds",""
"CID_TradeOutpost_AloeT02_Description","Open this crate to get 30 Aloe",""
"CID_TradeOutpost_LimeT02_Description","Open this crate to get 30 Lime",""
"CID_TradeOutpost_CornT02_Description","Open this crate to get 30 Corn",""
"CID_TradeOutpost_TomatoT02_Description","Open this crate to get 30 Tomatoes",""
"CID_TradeOutpost_FlaxFiberT02_Description","Open this crate to get 30 Flax Fiber",""
"CID_TradeOutpost_CornSeedsT02_Description","Open this crate to get 5 Corn Seeds",""
"CID_TradeOutpost_TomatoSeedsT02_Description","Open this crate to get 5 Tomato Seeds",""
"CID_TradeOutpost_FlaxSeedsT02_Description","Open this crate to get 5 Flax Seeds",""
"CID_TradeOutpost_LimeSeedsT02_Description","Open this crate to get 5 Lime tree Seeds",""
"CID_TradeOutpost_AloeSeedsT02_Description","Open this crate to get 5 Aloe Seeds",""
"CID_TradeOutpost_CrabMeatT01_Description","Open this crate to get 20 Crab Meat",""
"CID_TradeOutpost_BirdMeatT01_Description","Open this crate to get 20 Bird Meat",""
"CID_TradeOutpost_DodoEggT01_Description","Open this crate to get 20 Dodo Eggs",""
"CID_TradeOutpost_FeatherT01_Description","Open this crate to get 20 Feathers",""
"CID_TradeOutpost_MeatT01_Description","Open this crate to get 20 Meat",""
"CID_TradeOutpost_LeatherT01_Description","Open this crate to get 20 Leather",""
"CID_TradeOutpost_BoarTuskT01_Description","Open this crate to get 7 Boar Tusks",""
"CID_TradeOutpost_FatT01_Description","Open this crate to get 30 Fat",""
"CID_TradeOutpost_BezoarT02_Description","Open this crate to get 7 Bezoars",""
"CID_TradeOutpost_WolfFangT02_Description","Open this crate to get 7 Wolf Fangs",""
"CID_TradeOutpost_GoatHornT02_Description","Open this crate to get 7 Goat Horns",""
"DID_Misc_TradeContract_Resources_ItemName","Merchant Contract: Natural Resources",""
"DID_Misc_TradeContract_Resources_Description","Allows you to construct a merchant building that can ship various resources directly to your base for a certain sum of Piastre.\r\nInitially, only a limited lineup of resources is available; it expands after specific threats are eliminated.\r\n\r\nAlways available:\r\nFiber\r\nClay\r\n\r\nCoast Jungle threat eliminated:\r\nWood\r\nStone\r\n\r\nHighlands threat eliminated:\r\nSulfur\r\nHardwood\r\nTree Bark",""
"DID_Misc_TradeContract_Food_ItemName","Merchant Contract: Food",""
"DID_Misc_TradeContract_Food_Description","Allows you to construct a merchant building that can ship various resources directly to your base for a certain sum of Piastre.\r\nInitially, only a limited lineup of resources is available; it expands after specific threats are eliminated.\r\n\r\nAlways available:\r\nCoconut\r\n\r\nCoast Jungle threat eliminated:\r\nBanana & Seeds\r\nBatat & Seeds\r\nPepper & Seeds\r\n\r\nHighlands threat eliminated:\r\nLime & Seeds\r\nAloe & Seeds\r\nCorn & Seeds\r\nTomato & Seeds\r\nFlax & Seeds",""
"DID_Misc_TradeContract_Animals_ItemName","Merchant Contract: Animal Products",""
"DID_Misc_TradeContract_Animals_Description","Allows you to construct a merchant building that can ship various resources directly to your base for a certain sum of Piastre.\r\nInitially, only a limited lineup of resources is available; it expands after specific threats are eliminated.\r\n\r\nAlways available:\r\nCrab Meat\r\nBird Meat\r\nDodo Egg\r\nFeather\r\n\r\nCoast Jungle threat eliminated:\r\nMeat\r\nLeather\r\nBoar Tusk\r\nFat\r\n\r\nHighlands threat eliminated:\r\nWolf fang\r\nGoat horn\r\nBezoar",""
"EID_Cannon_12_Blank_Base_ItemName","12-Pounders",""
"EID_Cannon_12_Blank_Base_ItemDescription","Reliable cannons suited to a wide range of naval engagements.",""
"EID_Cannon_12_Blank_Base_VanityText","Beat to quarters!",""
"EID_Cannon_24_Blank_Base_ItemName","24-Pounders",""
"EID_Cannon_24_Blank_Base_ItemDescription","Powerful, well-balanced cannon forming the backbone of many naval batteries.",""
"EID_Cannon_24_Blank_Base_VanityText","The ship’s voice.",""
"EID_Cannon_36_Blank_Base_ItemName","36-Pounders",""
"EID_Cannon_36_Blank_Base_ItemDescription","Massive cannons built to deliver crushing blows, reserved for ships capable of bearing its weight and recoil.",""
"EID_Cannon_36_Blank_Base_VanityText","Let the heavy guns speak.",""
"EID_Cannon_12_ColdBarrels_Base_ItemName","12-Pounders: Tempered",""
"EID_Cannon_12_ColdBarrels_Base_ItemDescription","Forged and handled with restraint, these guns are meant to be fired with deliberation, not haste.",""
"EID_Cannon_12_ColdBarrels_Base_VanityText","Steady… steady…",""
"EID_Cannon_12_ColdBarrels_Base_Effect1","After reloading, waiting {0} seconds before firing increases the next shot’s Damage by {1}%.",""
"EID_Cannon_12_ColdBarrels_Advanced_ItemName","12-Pounder: Tempered",""
"EID_Cannon_12_ColdBarrels_Advanced_ItemDescription","Forged and handled with restraint, these guns are meant to be fired with deliberation, not haste.",""
"EID_Cannon_12_ColdBarrels_Advanced_VanityText","Steady… steady…",""
"EID_Cannon_12_ColdBarrels_Advanced_Effect1","After reloading, waiting {0} seconds before firing increases the next shot’s Damage by {1}%.",""
"EID_Cannon_12_ColdBarrels_Advanced_Effect2","Hitting a Weak Spot deals {2}% bonus Damage.",""
"EID_Cannon_24_ColdBarrels_Base_ItemName","24-Pounders: Tempered",""
"EID_Cannon_24_ColdBarrels_Base_ItemDescription","Forged and handled with restraint, these guns are meant to be fired with deliberation, not haste.",""
"EID_Cannon_24_ColdBarrels_Base_VanityText","Steady… steady…",""
"EID_Cannon_24_ColdBarrels_Base_Effect1","After reloading, waiting {0} seconds before firing increases the next shot’s Damage by {1}%.",""
"EID_Cannon_24_ColdBarrels_Advanced_ItemName","24-Pounders: Tempered",""
"EID_Cannon_24_ColdBarrels_Advanced_ItemDescription","Forged and handled with restraint, these guns are meant to be fired with deliberation, not haste.",""
"EID_Cannon_24_ColdBarrels_Advanced_VanityText","Steady… steady…",""
"EID_Cannon_24_ColdBarrels_Advanced_Effect1","After reloading, waiting {0} seconds before firing increases the next shot’s Damage by {1}%.",""
"EID_Cannon_24_ColdBarrels_Advanced_Effect2","Hitting a Weak Spot deals {2}% bonus Damage.",""
"EID_Cannon_36_ColdBarrels_Base_ItemName","36-Pounders: Tempered",""
"EID_Cannon_36_ColdBarrels_Base_ItemDescription","Forged and handled with restraint, these guns are meant to be fired with deliberation, not haste.",""
"EID_Cannon_36_ColdBarrels_Base_VanityText","Steady… steady…",""
"EID_Cannon_36_ColdBarrels_Base_Effect1","After reloading, waiting {0} seconds before firing increases the next shot’s Damage by {1}%.",""
"EID_Cannon_36_ColdBarrels_Advanced_ItemName","36-Pounders: Tempered",""
"EID_Cannon_36_ColdBarrels_Advanced_ItemDescription","Forged and handled with restraint, these guns are meant to be fired with deliberation, not haste.",""
"EID_Cannon_36_ColdBarrels_Advanced_VanityText","Steady… steady…",""
"EID_Cannon_36_ColdBarrels_Advanced_Effect1","After reloading, waiting {0} seconds before firing increases the next shot’s Damage by {1}%.",""
"EID_Cannon_36_ColdBarrels_Advanced_Effect2","Hitting a Weak Spot deals {2}% bonus Damage.",""
"EID_Cannon_12_PerfectTiming_Base_ItemName","12-Pounders: Perfectly Ordered",""
"EID_Cannon_12_PerfectTiming_Base_ItemDescription","Set out and kept in proper order, these guns cycle cleanly once engaged, answering shot with shot as their motion settles into rhythm.",""
"EID_Cannon_12_PerfectTiming_Base_VanityText","A well-timed broadside settles many arguments.\r\n- a naval maxim",""
"EID_Cannon_12_PerfectTiming_Base_Effect1","After reloading, hitting an enemy within {0} seconds increases reloading speed by {1}% for {2}s.",""
"EID_Cannon_12_PerfectTiming_Advanced_ItemName","12-Pounders: Perfectly Ordered",""
"EID_Cannon_12_PerfectTiming_Advanced_ItemDescription","Set out and kept in proper order, these guns cycle cleanly once engaged, answering shot with shot as their motion settles into rhythm.",""
"EID_Cannon_12_PerfectTiming_Advanced_VanityText","A well-timed broadside settles many arguments.\r\n- a naval maxim",""
"EID_Cannon_12_PerfectTiming_Advanced_Effect1","After reloading, hitting an enemy within {0} seconds increases reloading speed by {1}% for {2}s.",""
"EID_Cannon_12_PerfectTiming_Advanced_Effect2","Aiming speed increased by {3}%.",""
"EID_Cannon_24_PerfectTiming_Base_ItemName","24-Pounders: Perfectly Ordered",""
"EID_Cannon_24_PerfectTiming_Base_ItemDescription","Set out and kept in proper order, these guns cycle cleanly once engaged, answering shot with shot as their motion settles into rhythm.",""
"EID_Cannon_24_PerfectTiming_Base_VanityText","A well-timed broadside settles many arguments.\r\n- a naval maxim",""
"EID_Cannon_24_PerfectTiming_Base_Effect1","After reloading, hitting an enemy within {0} seconds increases reloading speed by {1}% for {2}s.",""
"EID_Cannon_24_PerfectTiming_Advanced_ItemName","24-Pounders: Perfectly Ordered",""
"EID_Cannon_24_PerfectTiming_Advanced_ItemDescription","Set out and kept in proper order, these guns cycle cleanly once engaged, answering shot with shot as their motion settles into rhythm.",""
"EID_Cannon_24_PerfectTiming_Advanced_VanityText","A well-timed broadside settles many arguments.\r\n- a naval maxim",""
"EID_Cannon_24_PerfectTiming_Advanced_Effect1","After reloading, hitting an enemy within {0} seconds increases reloading speed by {1}% for {2}s.",""
"EID_Cannon_24_PerfectTiming_Advanced_Effect2","Aiming speed increased by {3}%.",""
"EID_Cannon_36_PerfectTiming_Base_ItemName","36-Pounders: Perfectly Ordered",""
"EID_Cannon_36_PerfectTiming_Base_ItemDescription","Set out and kept in proper order, these guns cycle cleanly once engaged, answering shot with shot as their motion settles into rhythm.",""
"EID_Cannon_36_PerfectTiming_Base_VanityText","A well-timed broadside settles many arguments.\r\n- a naval maxim",""
"EID_Cannon_36_PerfectTiming_Base_Effect1","After reloading, hitting an enemy within {0} seconds increases reloading speed by {1}% for {2}s.",""
"EID_Cannon_36_PerfectTiming_Advanced_ItemName","36-Pounders: Perfectly Ordered",""
"EID_Cannon_36_PerfectTiming_Advanced_ItemDescription","Set out and kept in proper order, these guns cycle cleanly once engaged, answering shot with shot as their motion settles into rhythm.",""
"EID_Cannon_36_PerfectTiming_Advanced_VanityText","A well-timed broadside settles many arguments.\r\n- a naval maxim",""
"EID_Cannon_36_PerfectTiming_Advanced_Effect1","After reloading, hitting an enemy within {0} seconds increases reloading speed by {1}% for {2}s.",""
"EID_Cannon_36_PerfectTiming_Advanced_Effect2","Aiming speed increased by {3}%.",""
"EID_Cannon_12_Vulnerability_Base_ItemName","12-Puonders: Devastating",""
"EID_Cannon_12_Vulnerability_Base_ItemDescription","Guns favored for raking fire that punish alignment errors brutally. Their shots tear through decks, guns, and crew alike, leaving damage that worsens with every blow that follows.",""
"EID_Cannon_12_Vulnerability_Base_VanityText","Shiver me timbers!",""
"EID_Cannon_12_Vulnerability_Base_Effect1","Hitting a target with more than {0} of a volley applies Raked effect for {1} seconds. All Damage dealt to affected targets is increased by {2}%. Stacks up to {3} times.",""
"EID_Cannon_12_Vulnerability_Advanced_ItemName","12-Pounders: Devastating",""
"EID_Cannon_12_Vulnerability_Advanced_ItemDescription","Guns favored for raking fire that punish alignment errors brutally. Their shots tear through decks, guns, and crew alike, leaving damage that worsens with every blow that follows.",""
"EID_Cannon_12_Vulnerability_Advanced_VanityText","Shiver me timbers!",""
"EID_Cannon_12_Vulnerability_Advanced_Effect1","Hitting a target with more than {0} of a volley applies Raked effect for {1} seconds. All Damage dealt to affected targets is increased by {2}%. Stacks up to {3} times.",""
"EID_Cannon_12_Vulnerability_Advanced_Effect2","Reload speed increased by {4}%.",""
"EID_Cannon_24_Vulnerability_Base_ItemName","24-Pounders: Devastating",""
"EID_Cannon_24_Vulnerability_Base_ItemDescription","Guns favored for raking fire that punish alignment errors brutally. Their shots tear through decks, guns, and crew alike, leaving damage that worsens with every blow that follows.",""
"EID_Cannon_24_Vulnerability_Base_VanityText","Shiver me timbers!",""
"EID_Cannon_24_Vulnerability_Base_Effect1","Hitting a target with more than {0} of a volley applies Raked effect for {1} seconds. All Damage dealt to affected targets is increased by {2}%. Stacks up to {3} times.",""
"EID_Cannon_24_Vulnerability_Advanced_ItemName","24-Pounders: Devastating",""
"EID_Cannon_24_Vulnerability_Advanced_ItemDescription","Guns favored for raking fire that punish alignment errors brutally. Their shots tear through decks, guns, and crew alike, leaving damage that worsens with every blow that follows.",""
"EID_Cannon_24_Vulnerability_Advanced_VanityText","Shiver me timbers!",""
"EID_Cannon_24_Vulnerability_Advanced_Effect1","Hitting a target with more than {0} of a volley applies Raked effect for {1} seconds. All Damage dealt to affected targets is increased by {2}%. Stacks up to {3} times.",""
"EID_Cannon_24_Vulnerability_Advanced_Effect2","Reload speed increased by {4}%.",""
"EID_Cannon_36_Vulnerability_Base_ItemName","36-Pounders: Devastating",""
"EID_Cannon_36_Vulnerability_Base_ItemDescription","Guns favored for raking fire that punish alignment errors brutally. Their shots tear through decks, guns, and crew alike, leaving damage that worsens with every blow that follows.",""
"EID_Cannon_36_Vulnerability_Base_VanityText","Shiver me timbers!",""
"EID_Cannon_36_Vulnerability_Base_Effect1","Hitting a target with more than {0} of a volley applies Raked effect for {1} seconds. All Damage dealt to affected targets is increased by {2}%. Stacks up to {3} times.",""
"EID_Cannon_36_Vulnerability_Advanced_ItemName","36-Pounders: Devastating",""
"EID_Cannon_36_Vulnerability_Advanced_ItemDescription","Guns favored for raking fire that punish alignment errors brutally. Their shots tear through decks, guns, and crew alike, leaving damage that worsens with every blow that follows.",""
"EID_Cannon_36_Vulnerability_Advanced_VanityText","Shiver me timbers!",""
"EID_Cannon_36_Vulnerability_Advanced_Effect1","Hitting a target with more than {0} of a volley applies Raked effect for {1} seconds. All Damage dealt to affected targets is increased by {2}%. Stacks up to {3} times.",""
"EID_Cannon_36_Vulnerability_Advanced_Effect2","Reload speed increased by {4}%.",""
"DID_Misc_RecipePaperUnlock_Cannon_12_ColdBarrels_Base_ItemName","Чертеж пушек: Tempered 12-Pounders",""
"DID_Misc_RecipePaperUnlock_Cannon_24_ColdBarrels_Base_ItemName","Чертеж пушек: Tempered 24-Pounders",""
"DID_Misc_RecipePaperUnlock_Cannon_36_ColdBarrels_Base_ItemName","Чертеж пушек: Tempered 36-Pounders",""
"DID_Misc_RecipePaperUnlock_Cannon_12_PerfectTiming_Base_ItemName","Чертеж пушек: Perfectly Ordered 12-Pounders",""
"DID_Misc_RecipePaperUnlock_Cannon_24_PerfectTiming_Base_ItemName","Чертеж пушек: Perfectly Ordered 24-Pounders",""
"DID_Misc_RecipePaperUnlock_Cannon_36_PerfectTiming_Base_ItemName","Чертеж пушек: Perfectly Ordered 36-Pounders",""
"DID_Misc_RecipePaperUnlock_Cannon_12_Vulnerability_Base_ItemName","Чертеж пушек: Devastating 12-Pounders",""
"DID_Misc_RecipePaperUnlock_Cannon_24_Vulnerability_Base_ItemName","Чертеж пушек: Devastating 24-Pounders",""
"DID_Misc_RecipePaperUnlock_Cannon_36_Vulnerability_Base_ItemName","Чертеж пушек: Devastating 36-Pounders",""
"DID_Misc_RecipePaperUnlock_Ship_Hull_FortifiedHull_Base_ItemName","Чертеж усиления корпуса: Iron resolve",""
"DID_Misc_RecipePaperUnlock_Ship_Hull_Improvised_Defenses_Base_ItemName","Чертеж усиления корпуса: Standfast",""
"DID_Misc_RecipePaperUnlock_Ship_Hull_ActiveDefence_Base_ItemName","Чертеж усиления корпуса: Keelhold",""
"EID_Ship_CombatOrders_Ambusher_Base_ItemName","Naval Tactics I: Ambush",""
"EID_Ship_CombatOrders_Ambusher_Base_ItemDescription","An extended discussion of surprise at sea. One line, underlined and re-underlined by a former captain, cautions that a single well-timed volley is worth more than any number fired in haste.",""
"EID_Ship_CombatOrders_Ambusher_Base_VanityText","Now, gentlemen.",""
"EID_Ship_CombatOrders_Ambusher_Base_Effect1","If you neither deal nor take Damage for {0} minutes, the next volley deals {1}% increased Damage.",""
"EID_Ship_CombatOrders_Ambusher_Advanced_ItemName","NOT USED_Ship Combat Orders Ambusher",""
"EID_Ship_CombatOrders_Ambusher_Advanced_ItemDescription","NOT USED_Ship_CombatOrders_Ambusher_Advanced_ Description",""
"EID_Ship_CombatOrders_Ambusher_Advanced_VanityText","NOT USED_Ship_CombatOrders_Ambusher_Advanced_ Vanity",""
"EID_Ship_CombatOrders_Ambusher_Advanced_Effect1","NOT USED_Ambusher Base Effect",""
"EID_Ship_CombatOrders_Ambusher_Advanced_Effect2","NOT USED_Ambusher Advanced Effect",""
"EID_Ship_CombatOrders_CombatRepairs_Base_ItemName","Naval Tactics II: No Quarter",""
"EID_Ship_CombatOrders_CombatRepairs_Base_ItemDescription","A privateer adaptation of Spanish Armada naval practice, favoring close action and decisive endings. The margin notes that ships sent down swiftly spare one’s crew the cost of prolonged prize-taking fights.",""
"EID_Ship_CombatOrders_CombatRepairs_Base_VanityText","A living crew is worth more than any prize.\r\n- Samuel Bellamy",""
"EID_Ship_CombatOrders_CombatRepairs_Base_Effect1","Destroying an enemy ship within {0} meters restores {1}% Ship Health over {2} seconds.",""
"EID_Ship_CombatOrders_CombatRepairs_Advanced_ItemName","NOT USED_AShip Combat Orders Combat Repairs",""
"EID_Ship_CombatOrders_CombatRepairs_Advanced_ItemDescription","NOT USED_AShip_CombatOrders_CombatRepairs_Advanced_ Description",""
"EID_Ship_CombatOrders_CombatRepairs_Advanced_VanityText","NOT USED_AShip_CombatOrders_CombatRepairs_Advanced_ Vanity",""
"EID_Ship_CombatOrders_CombatRepairs_Advanced_Effect1","NOT USED_ACombat Repairs Base Effect",""
"EID_Ship_CombatOrders_CombatRepairs_Advanced_Effect2","NOT USED_ACombat Repairs Advanced Effect",""
"EID_Ship_CombatOrders_FocusedMaintenance_Base_ItemName","Naval Tactics IV: Shipshape",""
"EID_Ship_CombatOrders_FocusedMaintenance_Base_ItemDescription","A well known Royal Navy doctrine holding that a well-kept ship preserves herself. Constant attention to order, repair, and routine is said to spare both hull and crew when battle finally comes.",""
"EID_Ship_CombatOrders_FocusedMaintenance_Base_VanityText","This ship expects that every man will do his duty.",""
"EID_Ship_CombatOrders_FocusedMaintenance_Base_Effect1","While out of combat, restores {0}% Ship Health every {1} seconds.",""
"EID_Ship_CombatOrders_FocusedMaintenance_Base_Effect2","While in combat, restores {2}% Ship Health every {3} seconds.",""
"EID_Ship_CombatOrders_EfficientConsumption_Base_ItemName","Naval Tactics III: Stretch the Supply",""
"EID_Ship_CombatOrders_EfficientConsumption_Base_ItemDescription","A long-standing naval practice emphasizing careful rationing and strict issue. Properly husbanded stores are said to keep a ship effective long after others are spent.",""
"EID_Ship_CombatOrders_EfficientConsumption_Base_VanityText","Husband the stores!",""
"EID_Ship_CombatOrders_EfficientConsumption_Base_Effect1","Increases consumable duration:\r\n- Repair Kits by {0}%\r\n- Grog by {1}%",""
"EID_Ship_CombatOrders_SuppressingFire_Base_ItemName","Naval Tactics V: Silence the Guns",""
"EID_Ship_CombatOrders_SuppressingFire_Base_ItemDescription","A French naval doctrine favoring deliberate fire to disrupt enemy batteries. The margin adds, in a coarse and difficult hand: \""Break the rhythm\""",""
"EID_Ship_CombatOrders_SuppressingFire_Base_VanityText","Disorder the guns, and the ship follows.",""
"EID_Ship_CombatOrders_SuppressingFire_Base_Effect1","Hitting an enemy applies Broken Rythm effect for {0} seconds, reducing Reload Speed by {1}% and Damage by {2}%.",""
"EID_Ship_Hull_Blank_Base_ItemName","Hull bracing",""
"EID_Ship_Hull_Blank_Base_ItemDescription","Standard timber bracing added to steady the hull under strain.",""
"EID_Ship_Hull_Blank_Base_VanityText","Hold her together",""
"EID_Ship_Hull_FortifiedHull_Base_ItemName","Hull bracing: Iron resolve",""
"EID_Ship_Hull_FortifiedHull_Base_ItemDescription","Reinforced where strain is greatest, this bracing is meant to hold when the hull is already failing. Its ironwork is scavenged from wrecks and prizes, reforged and driven into the ship’s bones.",""
"EID_Ship_Hull_FortifiedHull_Base_VanityText","She holds on scraps and stubbornness.\r\n- a pirate’s saying",""
"EID_Ship_Hull_FortifiedHull_Base_Effect1","As Ship Health drops, Damage Resistance increases, reaching up to {0}% at {1}% Ship Health.",""
"EID_Ship_Hull_FortifiedHull_Advanced_ItemName","Hull bracing: Iron resolve",""
"EID_Ship_Hull_FortifiedHull_Advanced_ItemDescription","Reinforced where strain is greatest, this bracing is meant to hold when the hull is already failing. Its ironwork is scavenged from wrecks and prizes, reforged and driven into the ship’s bones.",""
"EID_Ship_Hull_FortifiedHull_Advanced_VanityText","She holds on scraps and stubbornness.\r\n- a pirate’s saying",""
"EID_Ship_Hull_FortifiedHull_Advanced_Effect1","As Ship Health drops, Damage Resistance increases, reaching up to {0}% at {1}% Ship Health.",""
"EID_Ship_Hull_FortifiedHull_Advanced_Effect2","Repair Kits effectivness increased by {2}%",""
"EID_Ship_Hull_Improvised_Defenses_Base_ItemName","Hull bracing: Standfast",""
"EID_Ship_Hull_Improvised_Defenses_Base_ItemDescription","Wedges, shores, and lashings kept ready to be driven in when the hull is hit, buying the ship a brief moment to steady herself.",""
"EID_Ship_Hull_Improvised_Defenses_Base_VanityText","Hold, damn you—hold.",""
"EID_Ship_Hull_Improvised_Defenses_Base_Effect1","Grants {0} stacks of Standfast effect over time. Taking damage consumes 1 stack and reduces incoming damage by {1}% for 3 seconds.",""
"EID_Ship_Hull_Improvised_Defenses_Advanced_ItemName","Hull bracing: Standfast",""
"EID_Ship_Hull_Improvised_Defenses_Advanced_ItemDescription","Wedges, shores, and lashings kept ready to be driven in when the hull is hit, buying the ship a brief moment to steady herself.",""
"EID_Ship_Hull_Improvised_Defenses_Advanced_VanityText","Hold, damn you—hold.",""
"EID_Ship_Hull_Improvised_Defenses_Advanced_Effect1","Grants {0} stacks of Standfast effect over time. Taking damage consumes 1 stack and reduces incoming damage by {1}% for 3 seconds.",""
"EID_Ship_Hull_Improvised_Defenses_Advanced_Effect2","Provides additional {2} stacks of Standfast effect",""
"EID_Ship_Hull_ActiveDefence_Base_ItemName","Hull bracing: Keelhold",""
"EID_Ship_Hull_ActiveDefence_Base_ItemDescription","Bracing intended to steady the ship during repairs, keeping the keel true while the worst damage is brought under control.",""
"EID_Ship_Hull_ActiveDefence_Base_VanityText","They said she wouldn’t make it. She did.\r\n- overhead in a tavern",""
"EID_Ship_Hull_ActiveDefence_Base_Effect1","Taking damage no longer affects the duration of repair kits.",""
"EID_Ship_Hull_ActiveDefence_Advanced_ItemName","Hull bracing: Keelhold",""
"EID_Ship_Hull_ActiveDefence_Advanced_ItemDescription","Bracing intended to steady the ship during repairs, keeping the keel true while the worst damage is brought under control.",""
"EID_Ship_Hull_ActiveDefence_Advanced_VanityText","They said she wouldn’t make it. She did.\r\n- overhead in a tavern",""
"EID_Ship_Hull_ActiveDefence_Advanced_Effect1","Taking damage no longer affects the duration of repair kits.",""
"EID_Ship_Hull_ActiveDefence_Advanced_Effect2","Repair Kit effect duration is increased by {1}%",""
"EID_Ship_RiggingType_ImprovedStability_Base_ItemName","NOT USED Ship Rigging Type Improved Stability",""
"EID_Ship_RiggingType_ImprovedStability_Base_ItemDescription","NOT USED Ship_RiggingType_ImprovedStability_Base_ Description",""
"EID_Ship_RiggingType_ImprovedStability_Base_VanityText","NOT USED Ship_RiggingType_ImprovedStability_Base_ Vanity",""
"EID_Ship_RiggingType_ImprovedStability_Base_Effect1","NOT USED Improved Stability Base Effect",""
"EID_Ship_RiggingType_ImprovedStability_Advanced_ItemName","NOT USED Ship Rigging Type Improved Stability",""
"EID_Ship_RiggingType_ImprovedStability_Advanced_ItemDescription","NOT USED Ship_RiggingType_ImprovedStability_Advanced_ Description",""
"EID_Ship_RiggingType_ImprovedStability_Advanced_VanityText","NOT USED Ship_RiggingType_ImprovedStability_Advanced_ Vanity",""
"EID_Ship_RiggingType_ImprovedStability_Advanced_Effect1","NOT USED Improved Stability Base Effect",""
"EID_Ship_RiggingType_ImprovedStability_Advanced_Effect2","NOT USED Improved Stability Advanced Effect",""
"EID_Ship_RiggingType_RobustRigging_Base_ItemName","NOT USED Ship Rigging Type Robust Rigging",""
"EID_Ship_RiggingType_RobustRigging_Base_ItemDescription","NOT USED Ship_RiggingType_RobustRigging_Base_ Description",""
"EID_Ship_RiggingType_RobustRigging_Base_VanityText","NOT USED Ship_RiggingType_RobustRigging_Base_ Vanity",""
"EID_Ship_RiggingType_RobustRigging_Base_Effect1","NOT USED Robust Rigging Base Effect",""
"EID_Ship_RiggingType_RobustRigging_Advanced_ItemName","NOT USED Ship Rigging Type Robust Rigging",""
"EID_Ship_RiggingType_RobustRigging_Advanced_ItemDescription","NOT USED Ship_RiggingType_RobustRigging_Advanced_ Description",""
"EID_Ship_RiggingType_RobustRigging_Advanced_VanityText","NOT USED Ship_RiggingType_RobustRigging_Advanced_ Vanity",""
"EID_Ship_RiggingType_RobustRigging_Advanced_Effect1","NOT USED Robust Rigging Base Effect",""
"EID_Ship_RiggingType_RobustRigging_Advanced_Effect2","NOT USED Robust Rigging Advanced Effect",""
"EID_Ship_CrewPower_Blank_Base_ItemName","Boarding Party Gear",""
"EID_Ship_CrewPower_Blank_Base_ItemDescription","Outfitting reserved for close work. Better gear means better-armed boarders — and fewer chances left to the enemy once the clash starts.",""
"EID_Ship_CrewPower_Blank_Base_VanityText","Gentlemen, once aboard - leave nothing standing.\r\n- Black Bart",""
"EID_Ship_CrewPower_Blank_Base_Effect1","Increases power of your crew while boarding other ships",""
"CID_Ship_RepairKit_Base_ItemName","Combat Repair Kit",""
"CID_Ship_RepairKit_Base_ItemDescription","Все что нужно что бы залатать корабль и продолжить сражение. Помимо инструментов и материалов, включает крепкие спирты — для очистки ран и поддержки тех, кому приходится чинить корабль в самый тяжёлый момент.",""
"CID_Ship_RepairKit_Base_VanityText","Дырявый — не значит бесполезный.",""
"CID_Ship_RepairKit_Base_Effect1","Restores {0}% Ship Health over {1} Seconds. Taking damage reduces the remaining effect duration.",""
"CID_Ship_RepairKit_Big_ItemName","Master Combat Repair Kit",""
"CID_Ship_RepairKit_Big_ItemDescription","Улучшенный ремонтный набор для работы под огнём. Помимо инструментов и материалов, включает крепкие спирты — для очистки ран и поддержки тех, кому приходится чинить корабль в самый тяжёлый момент.",""
"CID_Ship_RepairKit_Big_VanityText","We will make our repairs and carry on.",""
"CID_Ship_RepairKit_Big_Effect1","Restores {0}% Ship Health over {1} Seconds. Taking damage reduces the remaining effect duration.",""
"CID_Ship_RepairKit_Small_ItemName","Repair Kit",""
"CID_Ship_RepairKit_Small_ItemDescription","Ремонтный набор для работ, проводимых вне боя. Эффективен лишь при отсутствии огня противника.",""
"CID_Ship_RepairKit_Small_VanityText","Держится вроде.",""
"CID_Ship_RepairKit_Small_Effect1","Restores {0}% Ship Health over {1} minutes. Taking damage interrupts the effect.",""
"CID_Ship_Rum_Defence_ItemName","Hard Grog",""
"CID_Ship_Rum_Defence_ItemDescription","A fortified ration of grog, blended with brandy and lime. Issued to help the crew withstand hardship, scurvy and remain at their posts under fire.",""
"CID_Ship_Rum_Defence_VanityText","For heavy weather.",""
"CID_Ship_Rum_Defence_Effect1","Increases Damage Resistance by {0}% for {1} min.",""
"CID_Ship_Rum_Precision_ItemName","Deadeye Grog",""
"CID_Ship_Rum_Precision_ItemDescription","A sharp blend of rum, madeira, and strong coffee. Clears the head, steadies the eye, and keeps the sights true when it matters most.",""
"CID_Ship_Rum_Precision_VanityText","One glass steadies the eye. Two explain the miss.",""
"CID_Ship_Rum_Precision_Effect1","Increases Damage by {0}% for {1} min.",""
"CID_Ship_Rum_Reload_ItemName","Gunroom Grog",""
"CID_Ship_Rum_Reload_ItemDescription","Rum and whiskey cut with cayenne pepper. Burns hard, keeps the blood moving, and pushes men through moments better left unremembered.",""
"CID_Ship_Rum_Reload_VanityText","Explains many decisions.",""
"CID_Ship_Rum_Reload_Effect1","Increases Reload Speed by {0}% for {1} min.",""
"DID_Misc_HandymanFarmer_T02_ItemName","TBD",""
"DID_Misc_HandymanFarmer_T02_ItemDescription","TBD",""
"DID_Misc_HandymanGatherer_T02_ItemName","TBD",""
"DID_Misc_HandymanGatherer_T02_ItemDescription","TBD",""
"DID_Misc_HandymanHerbalist_T02_ItemName","TBD",""
"DID_Misc_HandymanHerbalist_T02_ItemDescription","TBD",""
"DID_Misc_HandymanHunter_T02_ItemName","TBD",""
"DID_Misc_HandymanHunter_T02_ItemDescription","TBD",""
"DID_Misc_HandymanLumberer_T02_ItemName","TBD",""
"DID_Misc_HandymanLumberer_T02_ItemDescription","TBD",""
"DID_Misc_HandymanMiner_T02_ItemName","TBD",""
"DID_Misc_HandymanMiner_T02_ItemDescription","TBD",""
